"Entity","Region","Category","Account_Code","Account_Name","FY2024_Actual","FY2025_Actual_Yminus1","FY2026_Budget","FY2026_LTF","FY2027_Budget","Var_27B_vs_26LTF","Pct_27B_vs_26LTF","Var_27B_vs_26B","Pct_27B_vs_26B","Var_27B_vs_25A","Pct_27B_vs_25A"
"GCFS","Malaysia","Volume","Unit Sales - TP_Feed","Unit Sales - TP (Feed)","11183.1","11899.56","11430.86","13257.14","14387.84","1130.7","8.53","2956.98","25.87","2488.28","20.91"
"GCFS","Malaysia","Volume","Unit Sales - IC_Feed","Unit Sales - IC (Feed)","215.23","1590.92","0","581.93","0","-581.93","-100","0","0","-1590.92","-100"
"GCFS","Malaysia","Volume","Unit Sales - RC_Feed","Unit Sales - RC (Feed)","0","0","0","0","0","0","0","0","0","0","0"
"GCFS","Malaysia","Volume","Total Unit Sales_Feed","Total Unit Sales (Feed)","11398.33","13490.48","11430.86","13839.07","14387.84","548.77","3.97","2956.98","25.87","897.36","6.65"
"GCFS","Malaysia","Volume","Unit Sales - TP_CT","Unit Sales - TP (CT)","101.92","434.47","217.38","156.25","200.16","43.91","28.1","-17.22","-7.92","-234.31","-53.93"
"GCFS","Malaysia","Volume","Unit Sales - RC_CT","Unit Sales - RC (CT)","0","0","0","0","0","0","0","0","0","0","0"
"GCFS","Malaysia","Volume","Unit Sales - TP_DOC","Unit Sales - TP (DOC)","0","0","0","0","0","0","0","0","0","0","0"
"GCFS","Malaysia","Volume","","Total Volumes (MT) Feed + CT (TP +RC)","11285.02","12334.03","11648.24","13413.39","14588","1174.61","8.76","2939.76","25.24","2253.97","18.27"
"GCFS","Malaysia","Volume","","Total Volumes (MT) - Feed only","11183.1","11899.56","11430.86","13257.14","14387.84","1130.7","8.53","2956.98","25.87","2488.28","20.91"
"GCFS","Malaysia","Revenue","41011000","Gross Sales TP","6836.69","7307.88","7037.11","8444.94","9362.46","917.52","10.86","2325.35","33.04","2054.58","28.11"
"GCFS","Malaysia","Revenue","41012200","Gross Sales RC","0","0","0","0","0","0","0","0","0","0","0"
"GCFS","Malaysia","Revenue","41021000","Concession TP","-601.4","-674.38","-723.35","-816.51","-972.95","-156.44","-19.16","-249.6","-34.51","-298.57","-44.27"
"GCFS","Malaysia","Revenue","41022500","Concession RC","0","0","0","0","0","0","0","0","0","0","0"
"GCFS","Malaysia","Revenue","Net Sales TP","Net Sales TP","6235.29","6633.5","6313.76","7628.43","8389.51","761.08","9.98","2075.75","32.88","1756.01","26.47"
"GCFS","Malaysia","Revenue","Net Sales RC","Net Sales RC","0","0","0","0","0","0","0","0","0","0","0"
"GCFS","Malaysia","Revenue","","Total Net Sales (TP + RC)","6235.29","6633.5","6313.76","7628.43","8389.51","761.08","9.98","2075.75","32.88","1756.01","26.47"
"GCFS","Malaysia","Revenue","Net Sales IC","Net Sales IC","108.65","699.77","0","253.65","0","-253.65","-100","0","0","-699.77","-100"
"GCFS","Malaysia","Revenue","","Total Net Sales (incl IC)","6343.94","7333.27","6313.76","7882.09","8389.51","507.42","6.44","2075.75","32.88","1056.24","14.4"
"GCFS","Malaysia","Raw Materials & COGS","42210000","Material Cost","-4705.2","-4678","-4469.72","-5248.23","-5959.49","-711.26","-13.55","-1489.77","-33.33","-1281.49","-27.39"
"GCFS","Malaysia","Raw Materials & COGS","42229110","Variance - Purchase Price","-25761914820","-25761914820","0","0","0","0","0","0","0","25761914820","100"
"GCFS","Malaysia","Raw Materials & COGS","42211000","Raw Material COS","-26.78","-116.25","-76.63","-46.22","-60.15","-13.93","-30.14","16.48","21.51","56.1","48.26"
"GCFS","Malaysia","Raw Materials & COGS","42212000","Packing Material COS","-43.45","-58.24","-68.15","-68.37","-87.13","-18.76","-27.44","-18.98","-27.85","-28.89","-49.61"
"GCFS","Malaysia","Raw Materials & COGS","42213000","Finished Goods/Direct Purchase COS","-4555.95","-4455.63","-4283.45","-5080.98","-5755.34","-674.36","-13.27","-1471.89","-34.36","-1299.71","-29.17"
"GCFS","Malaysia","General","42214000","Provision for Stock Adjustment","-79.02","-47.88","-41.48","-52.66","-56.87","-4.21","-7.99","-15.39","-37.1","-8.99","-18.78"
"GCFS","Malaysia","Raw Materials & COGS","42215000","Exchange Differece COS","0","0","0","0","0","0","0","0","0","0","0"
"GCFS","Malaysia","Revenue","42216000","Sales Of Raw and Packing materials","0","0","0","0","0","0","0","0","0","0","0"
"GCFS","Malaysia","Raw Materials & COGS","42217000","Modified Direct purchase COS","0","0","0","0","0","0","0","0","0","0","0"
"GCFS","Malaysia","Raw Materials & COGS","42218000","Physical Inventory Loss","0","0","0","0","0","0","0","0","0","0","0"
"GCFS","Malaysia","Raw Materials & COGS","42219000","Production yield_usage variance","0","0","0","0","0","0","0","0","0","0","0"
"GCFS","Malaysia","Raw Materials & COGS","42230000","Consignment COS","0","0","0","0","0","0","0","0","0","0","0"
"GCFS","Malaysia","Raw Materials & COGS","42250000","COS IC","-90.06","-573.7","0","-211.02","0","211.02","100","0","0","573.7","100"
"GCFS","Malaysia","Revenue","42260000","Cost of sales IC Elimination","0","0","0","0","0","0","0","0","0","0","0"
"GCFS","Malaysia","Raw Materials & COGS","42270000","COS RC","0","0","0","0","0","0","0","0","0","0","0"
"GCFS","Malaysia","Raw Materials & COGS","48000000","Cost of Services","0","0","0","0","0","0","0","0","0","0","0"
"GCFS","Malaysia","Raw Materials & COGS","","Total Raw Materials Costs","-4795.26","-5251.7","-4469.72","-5459.24","-5959.49","-500.25","-9.16","-1489.77","-33.33","-707.79","-13.48"
"GCFS","Malaysia","Raw Materials & COGS","43000000","ACTUAL MCOS","-469.1","-575.78","-586.82","-584.11","-681.55","-97.44","-16.68","-94.73","-16.14","-105.77","-18.37"
"GCFS","Malaysia","Raw Materials & COGS","43110000","MCOS-Personnel Expenses","-274.91","-305.92","-305.58","-322.7","-335.6","-12.9","-4","-30.02","-9.82","-29.68","-9.7"
"GCFS","Malaysia","Raw Materials & COGS","43116000","MCOS-Transportation Expenses (VC)","0","0","0","0","0","0","0","0","0","0","0"
"GCFS","Malaysia","Raw Materials & COGS","43115000","MCOS-Contractual Employees & Others (VC)","-23.92","-29.12","-30.07","-30.91","-27.93","2.98","9.64","2.14","7.12","1.19","4.09"
"GCFS","Malaysia","Raw Materials & COGS","43111120","MCOS-Contract staff (VC)","0","0","-3.66","-7.74","-4.9","2.84","36.69","-1.24","-33.88","-4.9","0"
"GCFS","Malaysia","Raw Materials & COGS","43111130","MCOS-Contractual bonus (VC)","-18.48","-22.4","-22.68","-24.36","-24.46","-0.1","-0.41","-1.78","-7.85","-2.06","-9.2"
"GCFS","Malaysia","Raw Materials & COGS","43111140","MCOS-Commission (VC)","0","0","0","0","0","0","0","0","0","0","0"
"GCFS","Malaysia","Raw Materials & COGS","43111200","MCOS-Discretionary Bonus (VC)","-31.47","-30.96","-23.22","-19.08","-24.46","-5.38","-28.2","-1.24","-5.34","6.5","20.99"
"GCFS","Malaysia","Raw Materials & COGS","43111320","MCOS-Overtime Variable Cost (VC)","-5.79","-8.94","-5.54","-10.25","-12.72","-2.47","-24.1","-7.18","-129.6","-3.78","-42.28"
"GCFS","Malaysia","Raw Materials & COGS","43111110","MCOS-Salaries (FC)","-159.61","-174.51","-181.43","-188.77","-195.68","-6.91","-3.66","-14.25","-7.85","-21.17","-12.13"
"GCFS","Malaysia","Raw Materials & COGS","43111310","MCOS-Overtime Fixed Cost (FC)","0","0","0","0","0","0","0","0","0","0","0"
"GCFS","Malaysia","Raw Materials & COGS","43112000","MCOS-Personnel Allowances (FC)","-2.38","-3.3","-2.61","-2.67","-2.06","0.61","22.85","0.55","21.07","1.24","37.58"
"GCFS","Malaysia","Raw Materials & COGS","43113000","MCOS-Social Benefits (FC)","-33.81","-36.75","-35.66","-38.65","-40.99","-2.34","-6.05","-5.33","-14.95","-4.24","-11.54"
"GCFS","Malaysia","Raw Materials & COGS","43114000","MCOS-Employee Training (FC)","0.54","0.06","-0.71","-0.27","-2.38","-2.11","-781.48","-1.67","-235.21","-2.44","-4066.67"
"GCFS","Malaysia","Raw Materials & COGS","43120000","MCOS-Travel and Entertainment (FC)","-2.65","-2","-7.67","-0.33","-7.99","-7.66","-2321.21","-0.32","-4.17","-5.99","-299.5"
"GCFS","Malaysia","Raw Materials & COGS","43130000","MCOS-Rent and utilities","-142.16","-189.36","-186.34","-175.34","-233.17","-57.83","-32.98","-46.83","-25.13","-43.81","-23.14"
"GCFS","Malaysia","Raw Materials & COGS","43133110","MCOS-Fuel and Gas (VC)","-23.61","-33.05","-39.94","-41.72","-50.08","-8.36","-20.04","-10.14","-25.39","-17.03","-51.53"
"GCFS","Malaysia","Raw Materials & COGS","43133120","MCOS-Power, Light and Water (VC)","-61.97","-64.68","-58.9","-61.45","-74.68","-13.23","-21.53","-15.78","-26.79","-10","-15.46"
"GCFS","Malaysia","Raw Materials & COGS","43133300","MCOS-Utilities Others (VC)","-0.06","-0.68","-3.09","-2.37","-3.27","-0.9","-37.97","-0.18","-5.83","-2.59","-380.88"
"GCFS","Malaysia","Raw Materials & COGS","43131000","MCOS-Rental Expense Under Operating Lease (FC)","0","0","0","0","0","0","0","0","0","0","0"
"GCFS","Malaysia","Raw Materials & COGS","43133200","MCOS-Repair and Maintenance (FC)","-56.51","-90.95","-84.41","-69.8","-105.14","-35.34","-50.63","-20.73","-24.56","-14.19","-15.6"
"GCFS","Malaysia","Raw Materials & COGS","43140000","MCOS-Leasing Charges (FC)","0","0","0","0","0","0","0","0","0","0","0"
"GCFS","Malaysia","Raw Materials & COGS","43150000","MCOS-Office and Communication (VC)","0","0","0","0","0","0","0","0","0","0","0"
"GCFS","Malaysia","Raw Materials & COGS","43160000","MCOS-Advertising and Promotion (FC)","0","0","0","0","0","0","0","0","0","0","0"
"GCFS","Malaysia","Raw Materials & COGS","43170000","MCOS-Delivery Expenses (VC)","0","0","0","0","0","0","0","0","0","0","0"
"GCFS","Malaysia","Raw Materials & COGS","43180000","MCOS-Insurance Expenses (FC)","-20.65","-28.56","-22.59","-15.49","-23.54","-8.05","-51.97","-0.95","-4.21","5.02","17.58"
"GCFS","Malaysia","Raw Materials & COGS","43190000","MCOS-Professional Fees (FC)","0","0","0","0","0","0","0","0","0","0","0"
"GCFS","Malaysia","Raw Materials & COGS","43200000","MCOS-Allocated Income_Expense IC (FC)","-13.45","-13.37","-18.9","-18.41","-20.6","-2.19","-11.9","-1.7","-8.99","-7.23","-54.08"
"GCFS","Malaysia","Raw Materials & COGS","43210000","MCOS-Other Operating (Income)_Expense","-6.42","-5.6","-6.75","-4.73","-7.81","-3.08","-65.12","-1.06","-15.7","-2.21","-39.46"
"GCFS","Malaysia","Raw Materials & COGS","43211000","MCOS-(Income)","0","0","0","0","0","0","0","0","0","0","0"
"GCFS","Malaysia","Raw Materials & COGS","43212100","MCOS-Bank Charges (FC)","0","0","0","0","0","0","0","0","0","0","0"
"GCFS","Malaysia","Raw Materials & COGS","43212200","MCOS-Production Supplies (VC)","0","0","0","0","0","0","0","0","0","0","0"
"GCFS","Malaysia","Raw Materials & COGS","43212300","MCOS-Security and Janitorial Services (FC)","0","0","0","0","0","0","0","0","0","0","0"
"GCFS","Malaysia","Raw Materials & COGS","43212400","MCOS-Recruitment Expenses (FC)","0","0","0","0","0","0","0","0","0","0","0"
"GCFS","Malaysia","Raw Materials & COGS","43212500","MCOS-Unmatched Professional fees PLUG IC (FC)","0","0","0","0","0","0","0","0","0","0","0"
"GCFS","Malaysia","Raw Materials & COGS","43212610","MCOS-Analysis_testing fee (FC)","-3.32","-1.6","-6.39","-3.19","-6.66","-3.47","-108.78","-0.27","-4.23","-5.06","-316.25"
"GCFS","Malaysia","Raw Materials & COGS","43212620","MCOS-Other taxes (Non-corp. tax) (FC)","0","0","0","0","0","0","0","0","0","0","0"
"GCFS","Malaysia","Raw Materials & COGS","43212630","MCOS-HSE expenses (FC)","0","0","0","0","0","0","0","0","0","0","0"
"GCFS","Malaysia","Raw Materials & COGS","43212640","MCOS-Others (FC)","-3.1","-3.99","-0.35","-1.54","-1.15","0.39","25.32","-0.8","-228.57","2.84","71.18"
"GCFS","Malaysia","Raw Materials & COGS","43212650","MCOS-Toll Manufacturing (FC)","0","0","0","0","0","0","0","0","0","0","0"
"GCFS","Malaysia","Raw Materials & COGS","43212660","MCOS-R&D (FC)","0","0","0","0","0","0","0","0","0","0","0"
"GCFS","Malaysia","Raw Materials & COGS","43212700","MCOS-Unmatched Insurance Expenses PLUG IC (FC)","0","0","0","0","0","0","0","0","0","0","0"
"GCFS","Malaysia","Raw Materials & COGS","43212800","MCOS-Unmatched Rental Expenses PLUG IC (FC)","0","0","0","0","0","0","0","0","0","0","0"
"GCFS","Malaysia","Raw Materials & COGS","43212900","MCOS-Pest Control (FC)","0","0","0","0","0","0","0","0","0","0","0"
"GCFS","Malaysia","Raw Materials & COGS","43220000","MCOS-Lease payment (of Financing Co_Div.) (FC)","0","0","0","0","0","0","0","0","0","0","0"
"GCFS","Malaysia","Raw Materials & COGS","43230000","MCOS-Shared Service Cost (FC)","0","0","0","0","0","0","0","0","0","0","0"
"GCFS","Malaysia","Raw Materials & COGS","43240000","MCOS-Inventory write-offs (FC)","0","0","0","0","0","0","0","0","0","0","0"
"GCFS","Malaysia","Raw Materials & COGS","43250000","MCOS-Depreciation-PPE (FC)","-8.86","-30.97","-39","-47.11","-52.84","-5.73","-12.16","-13.84","-35.49","-21.87","-70.62"
"GCFS","Malaysia","Raw Materials & COGS","43350000","MCOS-Depreciation-ROU Asset (PLP) (FC)","0","0","0","0","0","0","0","0","0","0","0"
"GCFS","Malaysia","Raw Materials & COGS","43410000","MCOS-Allocated Income_Expense TP","0","0","0","0","0","0","0","0","0","0","0"
"GCFS","Malaysia","Raw Materials & COGS","43400000","MCOS-Inventory Provision","0","0","0","0","0","0","0","0","0","0","0"
"GCFS","Malaysia","Raw Materials & COGS","44000000","STANDARD MCOS","0","0","0","0","0","0","0","0","0","0","0"
"GCFS","Malaysia","Raw Materials & COGS","44100000","MCOS-Standard-Variable","0","0","0","0","0","0","0","0","0","0","0"
"GCFS","Malaysia","Raw Materials & COGS","44100100","MCOS- Labour @ Std - VC","0","0","0","0","0","0","0","0","0","0","0"
"GCFS","Malaysia","Raw Materials & COGS","44100200","MCOS-Fuel & Electricity @ Std- VC","0","0","0","0","0","0","0","0","0","0","0"
"GCFS","Malaysia","Raw Materials & COGS","44100300","MCOS-Maintenance @ Std - VC","0","0","0","0","0","0","0","0","0","0","0"
"GCFS","Malaysia","Raw Materials & COGS","44200000","MCOS-Standard-Fixed","0","0","0","0","0","0","0","0","0","0","0"
"GCFS","Malaysia","Raw Materials & COGS","44200100","MCOS- Rent @ Std- FC","0","0","0","0","0","0","0","0","0","0","0"
"GCFS","Malaysia","Raw Materials & COGS","44200200","MCOS-Depreciation @ Std - FC","0","0","0","0","0","0","0","0","0","0","0"
"GCFS","Malaysia","Raw Materials & COGS","44200300","MCOS-Others @ Std - FC","0","0","0","0","0","0","0","0","0","0","0"
"GCFS","Malaysia","Raw Materials & COGS","44310000","MCOS-Standard Absorption Cost - Variable","0","0","0","0","0","0","0","0","0","0","0"
"GCFS","Malaysia","Raw Materials & COGS","44311000","MCOS-Standard Absorption Labour - VC","0","0","0","0","0","0","0","0","0","0","0"
"GCFS","Malaysia","Raw Materials & COGS","44312000","MCOS-Standard Absorption Fuel & Electricity - VC","0","0","0","0","0","0","0","0","0","0","0"
"GCFS","Malaysia","Raw Materials & COGS","44313000","MCOS-Standard Absorption Maintenance - VC","0","0","0","0","0","0","0","0","0","0","0"
"GCFS","Malaysia","Raw Materials & COGS","44320000","MCOS-Standard Absorption Cost - Fixed","0","0","0","0","0","0","0","0","0","0","0"
"GCFS","Malaysia","Raw Materials & COGS","44321000","MCOS-Standard Absorption Rent - FC","0","0","0","0","0","0","0","0","0","0","0"
"GCFS","Malaysia","Raw Materials & COGS","44322000","MCOS-Standard Absorption Depreciation - FC","0","0","0","0","0","0","0","0","0","0","0"
"GCFS","Malaysia","Raw Materials & COGS","44323000","MCOS-Standard Absorption Others - FC","0","0","0","0","0","0","0","0","0","0","0"
"GCFS","Malaysia","Raw Materials & COGS","","Total MCOS","-469.1","-575.78","-586.82","-584.11","-681.55","-97.44","-16.68","-94.73","-16.14","-105.77","-18.37"
"GCFS","Malaysia","Total MCOS & COGS","45000000","Total COGS (where applicable incl IC)","-5264.35","-5827.48","-5056.54","-6043.35","-6641.05","-597.7","-9.89","-1584.51","-31.34","-813.57","-13.96"
"GCFS","Malaysia","General","-2.37321273743873E-12","","0","0","0","0","0","0","0","0","0","0","0"
"GCFS","Malaysia","Raw Materials & COGS","","MCOS-Personnel Expenses (VC)","0","0","0","0","0","0","0","0","0","0","0"
"GCFS","Malaysia","Raw Materials & COGS","","MCOS-Rent and utilities (VC)","0","0","0","0","0","0","0","0","0","0","0"
"GCFS","Malaysia","Raw Materials & COGS","","MCOS-Office and Communication (VC)","0","0","0","0","0","0","0","0","0","0","0"
"GCFS","Malaysia","Raw Materials & COGS","","MCOS-Delivery Expenses (VC)","0","0","0","0","0","0","0","0","0","0","0"
"GCFS","Malaysia","Raw Materials & COGS","","MCOS-Other Operating (Income)_Expense (VC)","0","0","0","0","0","0","0","0","0","0","0"
"GCFS","Malaysia","Raw Materials & COGS","","MCOS- Labour (Standard MCOS) - VC","0","0","0","0","0","0","0","0","0","0","0"
"GCFS","Malaysia","Raw Materials & COGS","","MCOS-Fuel & Electricity (Standard MCOS) - VC","0","0","0","0","0","0","0","0","0","0","0"
"GCFS","Malaysia","Raw Materials & COGS","","MCOS-Maintenance (Standard MCOS) - VC","0","0","0","0","0","0","0","0","0","0","0"
"GCFS","Malaysia","Volume","","VARIABLE COST | MT","0","0","0","0","0","0","0","0","0","0","0"
"GCFS","Malaysia","Raw Materials & COGS","","MCOS-Personnel Expenses (FC)","0","0","0","0","0","0","0","0","0","0","0"
"GCFS","Malaysia","Raw Materials & COGS","","MCOS-Travel and Entertainment (FC)","0","0","0","0","0","0","0","0","0","0","0"
"GCFS","Malaysia","Raw Materials & COGS","","MCOS-Rent and utilities (FC)","0","0","0","0","0","0","0","0","0","0","0"
"GCFS","Malaysia","Raw Materials & COGS","","MCOS-Leasing Charges (FC)","0","0","0","0","0","0","0","0","0","0","0"
"GCFS","Malaysia","Raw Materials & COGS","","MCOS-Advertising and Promotion (FC)","0","0","0","0","0","0","0","0","0","0","0"
"GCFS","Malaysia","Raw Materials & COGS","","MCOS-Insurance Expenses (FC)","0","0","0","0","0","0","0","0","0","0","0"
"GCFS","Malaysia","Raw Materials & COGS","","MCOS-Professional Fees (FC)","0","0","0","0","0","0","0","0","0","0","0"
"GCFS","Malaysia","Raw Materials & COGS","","MCOS-Allocated Income_Expense IC (FC)","0","0","0","0","0","0","0","0","0","0","0"
"GCFS","Malaysia","Raw Materials & COGS","","MCOS-Other Operating (Income)_Expense (FC)","0","0","0","0","0","0","0","0","0","0","0"
"GCFS","Malaysia","Raw Materials & COGS","","MCOS-Lease payment (of Financing Co_Div.) (FC)","0","0","0","0","0","0","0","0","0","0","0"
"GCFS","Malaysia","Raw Materials & COGS","","MCOS-Shared Service Cost (FC)","0","0","0","0","0","0","0","0","0","0","0"
"GCFS","Malaysia","Raw Materials & COGS","","MCOS-Inventory write-offs (FC)","0","0","0","0","0","0","0","0","0","0","0"
"GCFS","Malaysia","Raw Materials & COGS","","MCOS-Depreciation-PPE (FC)","0","0","0","0","0","0","0","0","0","0","0"
"GCFS","Malaysia","Raw Materials & COGS","","MCOS-Depreciation-ROU Asset (PLP) (FC)","0","0","0","0","0","0","0","0","0","0","0"
"GCFS","Malaysia","Raw Materials & COGS","","MCOS- Rent (Standard MCOS) - (FC)","0","0","0","0","0","0","0","0","0","0","0"
"GCFS","Malaysia","Raw Materials & COGS","","MCOS- Depreciation (Standard MCOS) - (FC)","0","0","0","0","0","0","0","0","0","0","0"
"GCFS","Malaysia","Raw Materials & COGS","","MCOS-Others (Standard MCOS) - (VC)","0","0","0","0","0","0","0","0","0","0","0"
"GCFS","Malaysia","Volume","","FIXED COST | MT","0","0","0","0","0","0","0","0","0","0","0"
"GCFS","Malaysia","Headcount","HR_TL","Total Technical HC (incl QA/QC, Formulator, Lab etc)","0","0","0","0","0","0","0","0","0","0","0"
"GCFS","Malaysia","Headcount","HR_OP","Total Operations HC (incl warehousing, weighbridge)","0","0","0","0","0","0","0","0","0","0","0"
"GCFS","Malaysia","Headcount","","Total 'Production Related' HC","0","0","0","0","0","0","0","0","0","0","0"
"GCFS","Malaysia","Revenue","HR_SA","Total Sales Head Count","0","0","0","0","0","0","0","0","0","0","0"
"GCFS","Malaysia","Headcount","HR_SP","Total Support Head Count","0","0","0","0","0","0","0","0","0","0","0"
"GCFS","Malaysia","Headcount","HR_TOTAL","Total Head Count (Closing balance)","0","0","0","0","0","0","0","0","0","0","0"
"GCFS","Malaysia","KPIs","","IOIC (only TP + RC)","1530.09","1955.5","1844.04","2380.21","2430.02","49.81","2.09","585.98","31.78","474.52","24.27"
"GCFS","Malaysia","Revenue","50000000","Gross Operating Revenue","1079.59","1505.79","1257.23","1838.73","1748.46","-90.27","-4.91","491.23","39.07","242.67","16.12"
"GCFS","Malaysia","Revenue","","GOR %","0.16","0.25","0.18","0.21","0.21","0","0","0.03","16.67","-0.04","-16"
"GCFS","Malaysia","Raw Materials & COGS","43251000","MCOS-Depreciation-Leasehold Improvements PPE","0","0","0","0","0","0","0","0","0","0","0"
"GCFS","Malaysia","Raw Materials & COGS","43252000","MCOS-Depreciation-Motor Vehicles PPE","0","0","0","0","0","0","0","0","0","0","0"
"GCFS","Malaysia","Raw Materials & COGS","43253000","MCOS-Depreciation-Computer Equipment PPE","0","0","0","0","0","0","0","0","0","0","0"
"GCFS","Malaysia","Raw Materials & COGS","43254000","MCOS-Depreciation-Furniture and Fixtures PPE","0","0","0","0","0","0","0","0","0","0","0"
"GCFS","Malaysia","Raw Materials & COGS","43255000","MCOS-Depreciation-Others PPE","0","0","0","0","0","0","0","0","0","0","0"
"GCFS","Malaysia","Raw Materials & COGS","43256000","MCOS-Depreciation-Land PPE","0","0","0","0","0","0","0","0","0","0","0"
"GCFS","Malaysia","Raw Materials & COGS","43257000","MCOS-Depreciation-Buildings PPE","-2.25","-2.6","-3.41","-12.71","-12.56","0.15","1.18","-9.15","-268.33","-9.96","-383.08"
"GCFS","Malaysia","Raw Materials & COGS","43258000","MCOS-Depreciation-Construction in progress PPE","0","0","0","0","0","0","0","0","0","0","0"
"GCFS","Malaysia","Raw Materials & COGS","43259000","MCOS-Depreciation-Machinery and Equipment PPE","-6.6","-28.37","-35.59","-34.4","-40.29","-5.89","-17.12","-4.7","-13.21","-11.92","-42.02"
"GCFS","Malaysia","Raw Materials & COGS","43260000","MCOS-Depreciation-ERP PPE","0","0","0","0","0","0","0","0","0","0","0"
"GCFS","Malaysia","Raw Materials & COGS","43360000","MCOS-Depreciation-ERP ROU Asset (PLP)","0","0","0","0","0","0","0","0","0","0","0"
"GCFS","Malaysia","Raw Materials & COGS","43350000","MCOS-Depreciation-ROU Asset (PLP)","0","0","0","0","0","0","0","0","0","0","0"
"GCFS","Malaysia","Raw Materials & COGS","","Total MCOS - Depreciation","-8.86","-30.97","-39","-47.11","-52.84","-5.73","-12.16","-13.84","-35.49","-21.87","-70.62"
"GCI (Total entity)","Indonesia","Volume","Unit Sales - TP_Feed","Unit Sales - TP (Feed)","265726.75","301676.71","314650","309070.77","320939.33","11868.56","3.84","6289.33","2","19262.62","6.39"
"GCI (Total entity)","Indonesia","Volume","Unit Sales - IC_Feed","Unit Sales - IC (Feed)","5180.65","5232","6166","5303.65","5935","631.35","11.9","-231","-3.75","703","13.44"
"GCI (Total entity)","Indonesia","Volume","Unit Sales - RC_Feed","Unit Sales - RC (Feed)","0","0","0","0","0","0","0","0","0","0","0"
"GCI (Total entity)","Indonesia","Volume","Total Unit Sales_Feed","Total Unit Sales (Feed)","270907.4","306908.71","320816","314374.42","326874.33","12499.91","3.98","6058.33","1.89","19965.62","6.51"
"GCI (Total entity)","Indonesia","Volume","Unit Sales - TP_CT","Unit Sales - TP (CT)","0","0","0","0","0","0","0","0","0","0","0"
"GCI (Total entity)","Indonesia","Volume","Unit Sales - RC_CT","Unit Sales - RC (CT)","0","0","0","0","0","0","0","0","0","0","0"
"GCI (Total entity)","Indonesia","Volume","Unit Sales - TP_DOC","Unit Sales - TP (DOC)","608.16","454.17","572.8","433.73","435.6","1.87","0.43","-137.2","-23.95","-18.57","-4.09"
"GCI (Total entity)","Indonesia","Volume","","Total Volumes (MT) Feed + CT (TP +RC)","265726.75","301676.71","314650","309070.77","320939.33","11868.56","3.84","6289.33","2","19262.62","6.39"
"GCI (Total entity)","Indonesia","Volume","","Total Volumes (MT) - Feed only","265726.75","301676.71","314650","309070.77","320939.33","11868.56","3.84","6289.33","2","19262.62","6.39"
"GCI (Total entity)","Indonesia","Revenue","41011000","Gross Sales TP","146807.58","148409.63","158306.83","157722.85","172508.98","14786.13","9.37","14202.15","8.97","24099.35","16.24"
"GCI (Total entity)","Indonesia","Revenue","41012200","Gross Sales RC","0","0","0","0","0","0","0","0","0","0","0"
"GCI (Total entity)","Indonesia","Revenue","41021000","Concession TP","-2365.15","-2551.77","-3062.32","-2364.41","-2254.4","110.01","4.65","807.92","26.38","297.37","11.65"
"GCI (Total entity)","Indonesia","Revenue","41022500","Concession RC","0","0","0","0","0","0","0","0","0","0","0"
"GCI (Total entity)","Indonesia","Revenue","Net Sales TP","Net Sales TP","144442.43","145857.85","155244.52","155358.44","170254.58","14896.14","9.59","15010.06","9.67","24396.73","16.73"
"GCI (Total entity)","Indonesia","Revenue","Net Sales RC","Net Sales RC","0","0","0","0","0","0","0","0","0","0","0"
"GCI (Total entity)","Indonesia","Revenue","","Total Net Sales (TP + RC)","144442.43","145857.85","155244.52","155358.44","170254.58","14896.14","9.59","15010.06","9.67","24396.73","16.73"
"GCI (Total entity)","Indonesia","Revenue","Net Sales IC","Net Sales IC","2648.09","2438.42","2932.4","2552.47","2915.61","363.14","14.23","-16.79","-0.57","477.19","19.57"
"GCI (Total entity)","Indonesia","Revenue","","Total Net Sales (incl IC)","147090.52","148296.27","158176.91","157910.91","173170.2","15259.29","9.66","14993.29","9.48","24873.93","16.77"
"GCI (Total entity)","Indonesia","Raw Materials & COGS","42210000","Material Cost","-116263.78","-116866.67","-125270.92","-129529.19","-142422.61","-12893.42","-9.95","-17151.69","-13.69","-25555.94","-21.87"
"GCI (Total entity)","Indonesia","Raw Materials & COGS","42229110","Variance - Purchase Price","-25761914820","-25761914820","-48.94","-22.79","-55.03","-32.24","-141.47","-6.09","-12.44","25761914764.97","100"
"GCI (Total entity)","Indonesia","Raw Materials & COGS","42211000","Raw Material COS","362.24","263.79","0","141.22","0","-141.22","-100","0","0","-263.79","-100"
"GCI (Total entity)","Indonesia","Raw Materials & COGS","42212000","Packing Material COS","-1743.03","-1814.58","-2514.5","-2190.67","-2485.07","-294.4","-13.44","29.43","1.17","-670.49","-36.95"
"GCI (Total entity)","Indonesia","Raw Materials & COGS","42213000","Finished Goods/Direct Purchase COS","-112078.15","-113094.68","-121715.42","-125446.56","-138911.4","-13464.84","-10.73","-17195.98","-14.13","-25816.72","-22.83"
"GCI (Total entity)","Indonesia","General","42214000","Provision for Stock Adjustment","224.54","-58.6","19.59","517.84","-10.38","-528.22","-102","-29.97","-152.99","48.22","82.29"
"GCI (Total entity)","Indonesia","Raw Materials & COGS","42215000","Exchange Differece COS","0","0","0","0","0","0","0","0","0","0","0"
"GCI (Total entity)","Indonesia","Revenue","42216000","Sales Of Raw and Packing materials","0","0","0","0","0","0","0","0","0","0","0"
"GCI (Total entity)","Indonesia","Raw Materials & COGS","42217000","Modified Direct purchase COS","0","0","0","0","0","0","0","0","0","0","0"
"GCI (Total entity)","Indonesia","Raw Materials & COGS","42218000","Physical Inventory Loss","-858.19","-582.7","-295.12","-560.23","-356.55","203.68","36.36","-61.43","-20.82","226.15","38.81"
"GCI (Total entity)","Indonesia","Raw Materials & COGS","42219000","Production yield_usage variance","-1621.1","-1431.13","-163.14","-1526.4","-183.43","1342.97","87.98","-20.29","-12.44","1247.7","87.18"
"GCI (Total entity)","Indonesia","Raw Materials & COGS","42230000","Consignment COS","0","0","0","0","0","0","0","0","0","0","0"
"GCI (Total entity)","Indonesia","Raw Materials & COGS","42250000","COS IC","-2114.4","-1999.23","-2220.57","-2083.09","-2412.73","-329.64","-15.82","-192.16","-8.65","-413.5","-20.68"
"GCI (Total entity)","Indonesia","Revenue","42260000","Cost of sales IC Elimination","0","0","0","0","0","0","0","0","0","0","0"
"GCI (Total entity)","Indonesia","Raw Materials & COGS","42270000","COS RC","0","0","0","0","0","0","0","0","0","0","0"
"GCI (Total entity)","Indonesia","Raw Materials & COGS","48000000","Cost of Services","0","0","0","0","0","0","0","0","0","0","0"
"GCI (Total entity)","Indonesia","Raw Materials & COGS","","Total Raw Materials Costs","-118378.18","-118865.9","-127491.49","-131612.28","-144835.34","-13223.06","-10.05","-17343.85","-13.6","-25969.44","-21.85"
"GCI (Total entity)","Indonesia","Raw Materials & COGS","43000000","ACTUAL MCOS","-7205.87","-8577.14","-9329.24","-7948.44","-8687.08","-738.64","-9.29","642.16","6.88","-109.94","-1.28"
"GCI (Total entity)","Indonesia","Raw Materials & COGS","43110000","MCOS-Personnel Expenses","-2943.53","-3247.22","-3426.85","-3218.84","-3510.86","-292.02","-9.07","-84.01","-2.45","-263.64","-8.12"
"GCI (Total entity)","Indonesia","Raw Materials & COGS","43116000","MCOS-Transportation Expenses (VC)","-43.23","-62.94","-77.29","-59.89","-67.01","-7.12","-11.89","10.28","13.3","-4.07","-6.47"
"GCI (Total entity)","Indonesia","Raw Materials & COGS","43115000","MCOS-Contractual Employees & Others (VC)","-113.64","-148.17","-141.13","-167.95","-140.17","27.78","16.54","0.96","0.68","8","5.4"
"GCI (Total entity)","Indonesia","Raw Materials & COGS","43111120","MCOS-Contract staff (VC)","-112.3","0.15","0","0","0","0","0","0","0","-0.15","-100"
"GCI (Total entity)","Indonesia","Raw Materials & COGS","43111130","MCOS-Contractual bonus (VC)","-96.14","-106.55","-138.55","-114.87","-137.16","-22.29","-19.4","1.39","1","-30.61","-28.73"
"GCI (Total entity)","Indonesia","Raw Materials & COGS","43111140","MCOS-Commission (VC)","0","0","0","0","0","0","0","0","0","0","0"
"GCI (Total entity)","Indonesia","Raw Materials & COGS","43111200","MCOS-Discretionary Bonus (VC)","-270.31","-335.6","-137.3","-188.59","-213.69","-25.1","-13.31","-76.39","-55.64","121.91","36.33"
"GCI (Total entity)","Indonesia","Raw Materials & COGS","43111320","MCOS-Overtime Variable Cost (VC)","-656.36","-594.82","-677.97","-632.12","-667.06","-34.94","-5.53","10.91","1.61","-72.24","-12.14"
"GCI (Total entity)","Indonesia","Raw Materials & COGS","43111110","MCOS-Salaries (FC)","-1247.86","-1440.6","-1638.86","-1493.09","-1619.74","-126.65","-8.48","19.12","1.17","-179.14","-12.44"
"GCI (Total entity)","Indonesia","Raw Materials & COGS","43111310","MCOS-Overtime Fixed Cost (FC)","0","0","0","0","0","0","0","0","0","0","0"
"GCI (Total entity)","Indonesia","Raw Materials & COGS","43112000","MCOS-Personnel Allowances (FC)","-135.33","-213.92","-205.9","-196.49","-203.04","-6.55","-3.33","2.86","1.39","10.88","5.09"
"GCI (Total entity)","Indonesia","Raw Materials & COGS","43113000","MCOS-Social Benefits (FC)","-253.76","-322.52","-360.87","-340.06","-410.15","-70.09","-20.61","-49.28","-13.66","-87.63","-27.17"
"GCI (Total entity)","Indonesia","Raw Materials & COGS","43114000","MCOS-Employee Training (FC)","-14.62","-22.26","-48.97","-25.78","-52.83","-27.05","-104.93","-3.86","-7.88","-30.57","-137.33"
"GCI (Total entity)","Indonesia","Raw Materials & COGS","43120000","MCOS-Travel and Entertainment (FC)","-21.56","-71.27","-80.88","-65.5","-81.89","-16.39","-25.02","-1.01","-1.25","-10.62","-14.9"
"GCI (Total entity)","Indonesia","Raw Materials & COGS","43130000","MCOS-Rent and utilities","-2685.08","-2707.76","-2846.74","-2566.96","-2605.4","-38.44","-1.5","241.34","8.48","102.36","3.78"
"GCI (Total entity)","Indonesia","Raw Materials & COGS","43133110","MCOS-Fuel and Gas (VC)","-695.03","-784.84","-896.99","-961.47","-961.33","0.14","0.01","-64.34","-7.17","-176.49","-22.49"
"GCI (Total entity)","Indonesia","Raw Materials & COGS","43133120","MCOS-Power, Light and Water (VC)","-807.82","-794.99","-857.43","-697.19","-670.06","27.13","3.89","187.37","21.85","124.93","15.71"
"GCI (Total entity)","Indonesia","Raw Materials & COGS","43133300","MCOS-Utilities Others (VC)","-64.64","-105.87","-140.72","-64.76","-56.72","8.04","12.42","84","59.69","49.15","46.42"
"GCI (Total entity)","Indonesia","Raw Materials & COGS","43131000","MCOS-Rental Expense Under Operating Lease (FC)","-283.86","-198.51","-200.38","-216.5","-294.76","-78.26","-36.15","-94.38","-47.1","-96.25","-48.49"
"GCI (Total entity)","Indonesia","Raw Materials & COGS","43133200","MCOS-Repair and Maintenance (FC)","-833.72","-823.55","-751.22","-627.04","-622.53","4.51","0.72","128.69","17.13","201.02","24.41"
"GCI (Total entity)","Indonesia","Raw Materials & COGS","43140000","MCOS-Leasing Charges (FC)","0","-0.46","-65.99","0","0","0","0","65.99","100","0.46","100"
"GCI (Total entity)","Indonesia","Raw Materials & COGS","43150000","MCOS-Office and Communication (VC)","-10.9","-15.53","-15.31","-14.88","-14.41","0.47","3.16","0.9","5.88","1.12","7.21"
"GCI (Total entity)","Indonesia","Raw Materials & COGS","43160000","MCOS-Advertising and Promotion (FC)","0","0","0","0","0","0","0","0","0","0","0"
"GCI (Total entity)","Indonesia","Raw Materials & COGS","43170000","MCOS-Delivery Expenses (VC)","0","0","0","0","0","0","0","0","0","0","0"
"GCI (Total entity)","Indonesia","Raw Materials & COGS","43180000","MCOS-Insurance Expenses (FC)","-198.71","-215.83","-214.69","-212.26","-258.76","-46.5","-21.91","-44.07","-20.53","-42.93","-19.89"
"GCI (Total entity)","Indonesia","Raw Materials & COGS","43190000","MCOS-Professional Fees (FC)","-74.17","-61.71","-57.68","-60.83","-64.94","-4.11","-6.76","-7.26","-12.59","-3.23","-5.23"
"GCI (Total entity)","Indonesia","Raw Materials & COGS","43200000","MCOS-Allocated Income_Expense IC (FC)","25.89","0","0","0","0","0","0","0","0","0","0"
"GCI (Total entity)","Indonesia","Raw Materials & COGS","43210000","MCOS-Other Operating (Income)_Expense","-563.81","-1364.8","-1438.6","-879.63","-1035.57","-155.94","-17.73","403.03","28.02","329.23","24.12"
"GCI (Total entity)","Indonesia","Raw Materials & COGS","43211000","MCOS-(Income)","52.79","48.37","55.85","32.36","35.04","2.68","8.28","-20.81","-37.26","-13.33","-27.56"
"GCI (Total entity)","Indonesia","Raw Materials & COGS","43212100","MCOS-Bank Charges (FC)","0","0","0","0","0","0","0","0","0","0","0"
"GCI (Total entity)","Indonesia","Raw Materials & COGS","43212200","MCOS-Production Supplies (VC)","-8.25","-6.6","-2.64","-9.83","-15.95","-6.12","-62.26","-13.31","-504.17","-9.35","-141.67"
"GCI (Total entity)","Indonesia","Raw Materials & COGS","43212300","MCOS-Security and Janitorial Services (FC)","-153.14","-192.9","-186.88","-158.37","-162.54","-4.17","-2.63","24.34","13.02","30.36","15.74"
"GCI (Total entity)","Indonesia","Raw Materials & COGS","43212400","MCOS-Recruitment Expenses (FC)","-3.15","-0.88","-0.19","-0.3","-0.14","0.16","53.33","0.05","26.32","0.74","84.09"
"GCI (Total entity)","Indonesia","Raw Materials & COGS","43212500","MCOS-Unmatched Professional fees PLUG IC (FC)","0","0","0","0","0","0","0","0","0","0","0"
"GCI (Total entity)","Indonesia","Raw Materials & COGS","43212610","MCOS-Analysis_testing fee (FC)","-35","-38.37","-27.05","-34.56","-23.17","11.39","32.96","3.88","14.34","15.2","39.61"
"GCI (Total entity)","Indonesia","Raw Materials & COGS","43212620","MCOS-Other taxes (Non-corp. tax) (FC)","0","0","0","0","0","0","0","0","0","0","0"
"GCI (Total entity)","Indonesia","Raw Materials & COGS","43212630","MCOS-HSE expenses (FC)","-99.02","-105.15","-153.99","-95.06","-93.14","1.92","2.02","60.85","39.52","12.01","11.42"
"GCI (Total entity)","Indonesia","Raw Materials & COGS","43212640","MCOS-Others (FC)","-76.1","-54.05","-26.41","-40.21","-21.06","19.15","47.62","5.35","20.26","32.99","61.04"
"GCI (Total entity)","Indonesia","Raw Materials & COGS","43212650","MCOS-Toll Manufacturing (FC)","-241.94","-1015.22","-1097.3","-573.66","-754.61","-180.95","-31.54","342.69","31.23","260.61","25.67"
"GCI (Total entity)","Indonesia","Raw Materials & COGS","43212660","MCOS-R&D (FC)","0","0","0","0","0","0","0","0","0","0","0"
"GCI (Total entity)","Indonesia","Raw Materials & COGS","43212700","MCOS-Unmatched Insurance Expenses PLUG IC (FC)","0","0","0","0","0","0","0","0","0","0","0"
"GCI (Total entity)","Indonesia","Raw Materials & COGS","43212800","MCOS-Unmatched Rental Expenses PLUG IC (FC)","0","0","0","0","0","0","0","0","0","0","0"
"GCI (Total entity)","Indonesia","Raw Materials & COGS","43212900","MCOS-Pest Control (FC)","0","0","0","0","0","0","0","0","0","0","0"
"GCI (Total entity)","Indonesia","Raw Materials & COGS","43220000","MCOS-Lease payment (of Financing Co_Div.) (FC)","0","0","0","0","0","0","0","0","0","0","0"
"GCI (Total entity)","Indonesia","Raw Materials & COGS","43230000","MCOS-Shared Service Cost (FC)","0","0","0","0","0","0","0","0","0","0","0"
"GCI (Total entity)","Indonesia","Raw Materials & COGS","43240000","MCOS-Inventory write-offs (FC)","0","0","0","0","0","0","0","0","0","0","0"
"GCI (Total entity)","Indonesia","Raw Materials & COGS","43250000","MCOS-Depreciation-PPE (FC)","-720.67","-771.38","-1042.4","-801.24","-987.92","-186.68","-23.3","54.48","5.23","-216.54","-28.07"
"GCI (Total entity)","Indonesia","Raw Materials & COGS","43350000","MCOS-Depreciation-ROU Asset (PLP) (FC)","-13.34","-121.18","-140.09","-128.31","-127.34","0.97","0.76","12.75","9.1","-6.16","-5.08"
"GCI (Total entity)","Indonesia","Raw Materials & COGS","43410000","MCOS-Allocated Income_Expense TP","0","0","0","0","0","0","0","0","0","0","0"
"GCI (Total entity)","Indonesia","Raw Materials & COGS","43400000","MCOS-Inventory Provision","0","0","0","0","0","0","0","0","0","0","0"
"GCI (Total entity)","Indonesia","Raw Materials & COGS","44000000","STANDARD MCOS","145.03","-137.56","0","112.52","0","-112.52","-100","0","0","137.56","100"
"GCI (Total entity)","Indonesia","Raw Materials & COGS","44100000","MCOS-Standard-Variable","0","0","0","0","0","0","0","0","0","0","0"
"GCI (Total entity)","Indonesia","Raw Materials & COGS","44100100","MCOS- Labour @ Std - VC","0","0","0","0","0","0","0","0","0","0","0"
"GCI (Total entity)","Indonesia","Raw Materials & COGS","44100200","MCOS-Fuel & Electricity @ Std- VC","0","0","0","0","0","0","0","0","0","0","0"
"GCI (Total entity)","Indonesia","Raw Materials & COGS","44100300","MCOS-Maintenance @ Std - VC","0","0","0","0","0","0","0","0","0","0","0"
"GCI (Total entity)","Indonesia","Raw Materials & COGS","44200000","MCOS-Standard-Fixed","0","0","0","0","0","0","0","0","0","0","0"
"GCI (Total entity)","Indonesia","Raw Materials & COGS","44200100","MCOS- Rent @ Std- FC","0","0","0","0","0","0","0","0","0","0","0"
"GCI (Total entity)","Indonesia","Raw Materials & COGS","44200200","MCOS-Depreciation @ Std - FC","0","0","0","0","0","0","0","0","0","0","0"
"GCI (Total entity)","Indonesia","Raw Materials & COGS","44200300","MCOS-Others @ Std - FC","0","0","0","0","0","0","0","0","0","0","0"
"GCI (Total entity)","Indonesia","Raw Materials & COGS","44310000","MCOS-Standard Absorption Cost - Variable","125.08","-106.46","0","118.28","0","-118.28","-100","0","0","106.46","100"
"GCI (Total entity)","Indonesia","Raw Materials & COGS","44311000","MCOS-Standard Absorption Labour - VC","102.97","51.62","0","164.83","0","-164.83","-100","0","0","-51.62","-100"
"GCI (Total entity)","Indonesia","Raw Materials & COGS","44312000","MCOS-Standard Absorption Fuel & Electricity - VC","11.63","-94.34","0","-29.87","0","29.87","100","0","0","94.34","100"
"GCI (Total entity)","Indonesia","Raw Materials & COGS","44313000","MCOS-Standard Absorption Maintenance - VC","10.48","-63.75","0","-16.67","0","16.67","100","0","0","63.75","100"
"GCI (Total entity)","Indonesia","Raw Materials & COGS","44320000","MCOS-Standard Absorption Cost - Fixed","19.95","-31.1","0","-5.76","0","5.76","100","0","0","31.1","100"
"GCI (Total entity)","Indonesia","Raw Materials & COGS","44321000","MCOS-Standard Absorption Rent - FC","1.84","-2.2","0","-0.69","0","0.69","100","0","0","2.2","100"
"GCI (Total entity)","Indonesia","Raw Materials & COGS","44322000","MCOS-Standard Absorption Depreciation - FC","12.17","-9.01","0","-0.05","0","0.05","100","0","0","9.01","100"
"GCI (Total entity)","Indonesia","Raw Materials & COGS","44323000","MCOS-Standard Absorption Others - FC","5.94","-19.89","0","-5.02","0","5.02","100","0","0","19.89","100"
"GCI (Total entity)","Indonesia","Raw Materials & COGS","","Total MCOS","-7060.84","-8714.7","-9329.24","-7835.92","-8687.08","-851.16","-10.86","642.16","6.88","27.62","0.32"
"GCI (Total entity)","Indonesia","Total MCOS & COGS","45000000","Total COGS (where applicable incl IC)","-125439.03","-127580.59","-136820.74","-139448.2","-153522.43","-14074.23","-10.09","-16701.69","-12.21","-25941.84","-20.33"
"GCI (Total entity)","Indonesia","General","-6.42330633127131E-11","","0","0","0","0","0","0","0","0","0","0","0"
"GCI (Total entity)","Indonesia","Raw Materials & COGS","","MCOS-Personnel Expenses (VC)","0","0","0","0","0","0","0","0","0","0","0"
"GCI (Total entity)","Indonesia","Raw Materials & COGS","","MCOS-Rent and utilities (VC)","0","0","0","0","0","0","0","0","0","0","0"
"GCI (Total entity)","Indonesia","Raw Materials & COGS","","MCOS-Office and Communication (VC)","0","0","0","0","0","0","0","0","0","0","0"
"GCI (Total entity)","Indonesia","Raw Materials & COGS","","MCOS-Delivery Expenses (VC)","0","0","0","0","0","0","0","0","0","0","0"
"GCI (Total entity)","Indonesia","Raw Materials & COGS","","MCOS-Other Operating (Income)_Expense (VC)","0","0","0","0","0","0","0","0","0","0","0"
"GCI (Total entity)","Indonesia","Raw Materials & COGS","","MCOS- Labour (Standard MCOS) - VC","0","0","0","0","0","0","0","0","0","0","0"
"GCI (Total entity)","Indonesia","Raw Materials & COGS","","MCOS-Fuel & Electricity (Standard MCOS) - VC","0","0","0","0","0","0","0","0","0","0","0"
"GCI (Total entity)","Indonesia","Raw Materials & COGS","","MCOS-Maintenance (Standard MCOS) - VC","0","0","0","0","0","0","0","0","0","0","0"
"GCI (Total entity)","Indonesia","Volume","","VARIABLE COST | MT","0","0","0","0","0","0","0","0","0","0","0"
"GCI (Total entity)","Indonesia","Raw Materials & COGS","","MCOS-Personnel Expenses (FC)","0","0","0","0","0","0","0","0","0","0","0"
"GCI (Total entity)","Indonesia","Raw Materials & COGS","","MCOS-Travel and Entertainment (FC)","0","0","0","0","0","0","0","0","0","0","0"
"GCI (Total entity)","Indonesia","Raw Materials & COGS","","MCOS-Rent and utilities (FC)","0","0","0","0","0","0","0","0","0","0","0"
"GCI (Total entity)","Indonesia","Raw Materials & COGS","","MCOS-Leasing Charges (FC)","0","0","0","0","0","0","0","0","0","0","0"
"GCI (Total entity)","Indonesia","Raw Materials & COGS","","MCOS-Advertising and Promotion (FC)","0","0","0","0","0","0","0","0","0","0","0"
"GCI (Total entity)","Indonesia","Raw Materials & COGS","","MCOS-Insurance Expenses (FC)","0","0","0","0","0","0","0","0","0","0","0"
"GCI (Total entity)","Indonesia","Raw Materials & COGS","","MCOS-Professional Fees (FC)","0","0","0","0","0","0","0","0","0","0","0"
"GCI (Total entity)","Indonesia","Raw Materials & COGS","","MCOS-Allocated Income_Expense IC (FC)","0","0","0","0","0","0","0","0","0","0","0"
"GCI (Total entity)","Indonesia","Raw Materials & COGS","","MCOS-Other Operating (Income)_Expense (FC)","0","0","0","0","0","0","0","0","0","0","0"
"GCI (Total entity)","Indonesia","Raw Materials & COGS","","MCOS-Lease payment (of Financing Co_Div.) (FC)","0","0","0","0","0","0","0","0","0","0","0"
"GCI (Total entity)","Indonesia","Raw Materials & COGS","","MCOS-Shared Service Cost (FC)","0","0","0","0","0","0","0","0","0","0","0"
"GCI (Total entity)","Indonesia","Raw Materials & COGS","","MCOS-Inventory write-offs (FC)","0","0","0","0","0","0","0","0","0","0","0"
"GCI (Total entity)","Indonesia","Raw Materials & COGS","","MCOS-Depreciation-PPE (FC)","0","0","0","0","0","0","0","0","0","0","0"
"GCI (Total entity)","Indonesia","Raw Materials & COGS","","MCOS-Depreciation-ROU Asset (PLP) (FC)","0","0","0","0","0","0","0","0","0","0","0"
"GCI (Total entity)","Indonesia","Raw Materials & COGS","","MCOS- Rent (Standard MCOS) - (FC)","0","0","0","0","0","0","0","0","0","0","0"
"GCI (Total entity)","Indonesia","Raw Materials & COGS","","MCOS- Depreciation (Standard MCOS) - (FC)","0","0","0","0","0","0","0","0","0","0","0"
"GCI (Total entity)","Indonesia","Raw Materials & COGS","","MCOS-Others (Standard MCOS) - (VC)","0","0","0","0","0","0","0","0","0","0","0"
"GCI (Total entity)","Indonesia","Volume","","FIXED COST | MT","0","0","0","0","0","0","0","0","0","0","0"
"GCI (Total entity)","Indonesia","Headcount","HR_TL","Total Technical HC (incl QA/QC, Formulator, Lab etc)","0","0","0","0","0","0","0","0","0","0","0"
"GCI (Total entity)","Indonesia","Headcount","HR_OP","Total Operations HC (incl warehousing, weighbridge)","0","0.01","0","0","0","0","0","0","0","-0.01","-100"
"GCI (Total entity)","Indonesia","Headcount","","Total 'Production Related' HC","0","0","0","0","0","0","0","0","0","0","0"
"GCI (Total entity)","Indonesia","Revenue","HR_SA","Total Sales Head Count","0.05","0.06","0.07","0.07","0.07","0","0","0","0","0.01","16.67"
"GCI (Total entity)","Indonesia","Headcount","HR_SP","Total Support Head Count","0","0","0","0","0","0","0","0","0","0","0"
"GCI (Total entity)","Indonesia","Headcount","HR_TOTAL","Total Head Count (Closing balance)","0","0.01","0","0","0","0","0","0","0","-0.01","-100"
"GCI (Total entity)","Indonesia","KPIs","","IOIC (only TP + RC)","28178.65","28991.19","29973.6","25829.26","27831.97","2002.71","7.75","-2141.63","-7.15","-1159.22","-4"
"GCI (Total entity)","Indonesia","Revenue","50000000","Gross Operating Revenue","21651.5","20715.68","21356.18","18462.71","19647.77","1185.06","6.42","-1708.41","-8","-1067.91","-5.16"
"GCI (Total entity)","Indonesia","Revenue","","GOR %","0.17","0.15","0.12","0.11","0.12","0.01","9.09","0","0","-0.03","-20"
"GCI (Total entity)","Indonesia","Raw Materials & COGS","43251000","MCOS-Depreciation-Leasehold Improvements PPE","0","0","0","0","0","0","0","0","0","0","0"
"GCI (Total entity)","Indonesia","Raw Materials & COGS","43252000","MCOS-Depreciation-Motor Vehicles PPE","0","0","0","0","0","0","0","0","0","0","0"
"GCI (Total entity)","Indonesia","Raw Materials & COGS","43253000","MCOS-Depreciation-Computer Equipment PPE","-6.98","-11.05","-25.66","-13.42","-25.44","-12.02","-89.57","0.22","0.86","-14.39","-130.23"
"GCI (Total entity)","Indonesia","Raw Materials & COGS","43254000","MCOS-Depreciation-Furniture and Fixtures PPE","-5.53","-5.96","-6.58","-4.95","-6.46","-1.51","-30.51","0.12","1.82","-0.5","-8.39"
"GCI (Total entity)","Indonesia","Raw Materials & COGS","43255000","MCOS-Depreciation-Others PPE","0","0","0","0","0","0","0","0","0","0","0"
"GCI (Total entity)","Indonesia","Raw Materials & COGS","43256000","MCOS-Depreciation-Land PPE","0","0","0","0","0","0","0","0","0","0","0"
"GCI (Total entity)","Indonesia","Raw Materials & COGS","43257000","MCOS-Depreciation-Buildings PPE","-195.02","-209.94","-236.43","-217.23","-249.19","-31.96","-14.71","-12.76","-5.4","-39.25","-18.7"
"GCI (Total entity)","Indonesia","Raw Materials & COGS","43258000","MCOS-Depreciation-Construction in progress PPE","0","0","0","0","0","0","0","0","0","0","0"
"GCI (Total entity)","Indonesia","Raw Materials & COGS","43259000","MCOS-Depreciation-Machinery and Equipment PPE","-513.14","-544.42","-773.72","-565.63","-706.83","-141.2","-24.96","66.89","8.65","-162.41","-29.83"
"GCI (Total entity)","Indonesia","Raw Materials & COGS","43260000","MCOS-Depreciation-ERP PPE","0","0","0","0","0","0","0","0","0","0","0"
"GCI (Total entity)","Indonesia","Raw Materials & COGS","43360000","MCOS-Depreciation-ERP ROU Asset (PLP)","0","0","0","0","0","0","0","0","0","0","0"
"GCI (Total entity)","Indonesia","Raw Materials & COGS","43350000","MCOS-Depreciation-ROU Asset (PLP)","-13.34","-121.18","-140.09","-128.31","-127.34","0.97","0.76","12.75","9.1","-6.16","-5.08"
"GCI (Total entity)","Indonesia","Raw Materials & COGS","","Total MCOS - Depreciation","-734.01","-892.55","-1182.48","-929.55","-1115.25","-185.7","-19.98","67.23","5.69","-222.7","-24.95"
"DASH","Shrimp","Volume","Unit Sales - TP_Feed","Unit Sales - TP (Feed)","0","0","0","1510","2046","536","35.5","2046","0","2046","0"
"DASH","Shrimp","Volume","Unit Sales - IC_Feed","Unit Sales - IC (Feed)","0","0","0","0","0","0","0","0","0","0","0"
"DASH","Shrimp","Volume","Unit Sales - RC_Feed","Unit Sales - RC (Feed)","0","0","0","0","0","0","0","0","0","0","0"
"DASH","Shrimp","Volume","Total Unit Sales_Feed","Total Unit Sales (Feed)","0","0","0","1510","2046","536","35.5","2046","0","2046","0"
"DASH","Shrimp","Volume","Unit Sales - TP_CT","Unit Sales - TP (CT)","0","0","0","0","0","0","0","0","0","0","0"
"DASH","Shrimp","Volume","Unit Sales - RC_CT","Unit Sales - RC (CT)","0","0","0","0","0","0","0","0","0","0","0"
"DASH","Shrimp","Volume","Unit Sales - TP_DOC","Unit Sales - TP (DOC)","0","0","0","0","0","0","0","0","0","0","0"
"DASH","Shrimp","Volume","","Total Volumes (MT) Feed + CT (TP +RC)","0","0","0","1510","2046","536","35.5","2046","0","2046","0"
"DASH","Shrimp","Volume","","Total Volumes (MT) - Feed only","0","0","0","1510","2046","536","35.5","2046","0","2046","0"
"DASH","Shrimp","Revenue","41011000","Gross Sales TP","0","0","0","7084.48","8819.03","1734.55","24.48","8819.03","0","8819.03","0"
"DASH","Shrimp","Revenue","41012200","Gross Sales RC","0","0","0","0","0","0","0","0","0","0","0"
"DASH","Shrimp","Revenue","41021000","Concession TP","0","0","0","0","0","0","0","0","0","0","0"
"DASH","Shrimp","Revenue","41022500","Concession RC","0","0","0","0","0","0","0","0","0","0","0"
"DASH","Shrimp","Revenue","Net Sales TP","Net Sales TP","0","0","0","7084.48","8819.03","1734.55","24.48","8819.03","0","8819.03","0"
"DASH","Shrimp","Revenue","Net Sales RC","Net Sales RC","0","0","0","0","0","0","0","0","0","0","0"
"DASH","Shrimp","Revenue","","Total Net Sales (TP + RC)","0","0","0","7084.48","8819.03","1734.55","24.48","8819.03","0","8819.03","0"
"DASH","Shrimp","Revenue","Net Sales IC","Net Sales IC","0","0","0","0","0","0","0","0","0","0","0"
"DASH","Shrimp","Revenue","","Total Net Sales (incl IC)","0","0","0","7084.48","8819.03","1734.55","24.48","8819.03","0","8819.03","0"
"DASH","Shrimp","Raw Materials & COGS","42210000","Material Cost","0","0","0","-2539.15","-3206.86","-667.71","-26.3","-3206.86","0","-3206.86","0"
"DASH","Shrimp","Raw Materials & COGS","42229110","Variance - Purchase Price","-25761914820","-25761914820","0","0","0","0","0","0","0","25761914820","100"
"DASH","Shrimp","Raw Materials & COGS","42211000","Raw Material COS","0","0","0","-3072.72","-3189.64","-116.92","-3.81","-3189.64","0","-3189.64","0"
"DASH","Shrimp","Raw Materials & COGS","42212000","Packing Material COS","0","0","0","0","0","0","0","0","0","0","0"
"DASH","Shrimp","Raw Materials & COGS","42213000","Finished Goods/Direct Purchase COS","0","0","0","0","0","0","0","0","0","0","0"
"DASH","Shrimp","General","42214000","Provision for Stock Adjustment","0","0","0","-14.22","-17.23","-3.01","-21.17","-17.23","0","-17.23","0"
"DASH","Shrimp","Raw Materials & COGS","42215000","Exchange Differece COS","0","0","0","0","0","0","0","0","0","0","0"
"DASH","Shrimp","Revenue","42216000","Sales Of Raw and Packing materials","0","0","0","0","0","0","0","0","0","0","0"
"DASH","Shrimp","Raw Materials & COGS","42217000","Modified Direct purchase COS","0","0","0","-0.59","0","0.59","100","0","0","0","0"
"DASH","Shrimp","Raw Materials & COGS","42218000","Physical Inventory Loss","0","0","0","0","0","0","0","0","0","0","0"
"DASH","Shrimp","Raw Materials & COGS","42219000","Production yield_usage variance","0","0","0","548.38","0","-548.38","-100","0","0","0","0"
"DASH","Shrimp","Raw Materials & COGS","42230000","Consignment COS","0","0","0","0","0","0","0","0","0","0","0"
"DASH","Shrimp","Raw Materials & COGS","42250000","COS IC","0","0","0","0","0","0","0","0","0","0","0"
"DASH","Shrimp","Revenue","42260000","Cost of sales IC Elimination","0","0","0","0","0","0","0","0","0","0","0"
"DASH","Shrimp","Raw Materials & COGS","42270000","COS RC","0","0","0","0","0","0","0","0","0","0","0"
"DASH","Shrimp","Raw Materials & COGS","48000000","Cost of Services","0","0","0","0","0","0","0","0","0","0","0"
"DASH","Shrimp","Raw Materials & COGS","","Total Raw Materials Costs","0","0","0","-2539.15","-3206.86","-667.71","-26.3","-3206.86","0","-3206.86","0"
"DASH","Shrimp","Raw Materials & COGS","43000000","ACTUAL MCOS","0","0","0","-922.53","-1114.46","-191.93","-20.8","-1114.46","0","-1114.46","0"
"DASH","Shrimp","Raw Materials & COGS","43110000","MCOS-Personnel Expenses","0","0","0","-665.23","-785.93","-120.7","-18.14","-785.93","0","-785.93","0"
"DASH","Shrimp","Raw Materials & COGS","43116000","MCOS-Transportation Expenses (VC)","0","0","0","-9.38","-9.45","-0.07","-0.75","-9.45","0","-9.45","0"
"DASH","Shrimp","Raw Materials & COGS","43115000","MCOS-Contractual Employees & Others (VC)","0","0","0","-37.38","-37.38","0","0","-37.38","0","-37.38","0"
"DASH","Shrimp","Raw Materials & COGS","43111120","MCOS-Contract staff (VC)","0","0","0","0","0","0","0","0","0","0","0"
"DASH","Shrimp","Raw Materials & COGS","43111130","MCOS-Contractual bonus (VC)","0","0","0","0","0","0","0","0","0","0","0"
"DASH","Shrimp","Raw Materials & COGS","43111140","MCOS-Commission (VC)","0","0","0","0","0","0","0","0","0","0","0"
"DASH","Shrimp","Raw Materials & COGS","43111200","MCOS-Discretionary Bonus (VC)","0","0","0","-115.46","-131.96","-16.5","-14.29","-131.96","0","-131.96","0"
"DASH","Shrimp","Raw Materials & COGS","43111320","MCOS-Overtime Variable Cost (VC)","0","0","0","-0.02","0","0.02","100","0","0","0","0"
"DASH","Shrimp","Raw Materials & COGS","43111110","MCOS-Salaries (FC)","0","0","0","-408.26","-476.33","-68.07","-16.67","-476.33","0","-476.33","0"
"DASH","Shrimp","Raw Materials & COGS","43111310","MCOS-Overtime Fixed Cost (FC)","0","0","0","-6.67","-17.26","-10.59","-158.77","-17.26","0","-17.26","0"
"DASH","Shrimp","Raw Materials & COGS","43112000","MCOS-Personnel Allowances (FC)","0","0","0","-26.47","-33.07","-6.6","-24.93","-33.07","0","-33.07","0"
"DASH","Shrimp","Raw Materials & COGS","43113000","MCOS-Social Benefits (FC)","0","0","0","-59.33","-75.28","-15.95","-26.88","-75.28","0","-75.28","0"
"DASH","Shrimp","Raw Materials & COGS","43114000","MCOS-Employee Training (FC)","0","0","0","-2.25","-5.2","-2.95","-131.11","-5.2","0","-5.2","0"
"DASH","Shrimp","Raw Materials & COGS","43120000","MCOS-Travel and Entertainment (FC)","0","0","0","-2.59","0","2.59","100","0","0","0","0"
"DASH","Shrimp","Raw Materials & COGS","43130000","MCOS-Rent and utilities","0","0","0","-135.33","-208.85","-73.52","-54.33","-208.85","0","-208.85","0"
"DASH","Shrimp","Raw Materials & COGS","43133110","MCOS-Fuel and Gas (VC)","0","0","0","0","0","0","0","0","0","0","0"
"DASH","Shrimp","Raw Materials & COGS","43133120","MCOS-Power, Light and Water (VC)","0","0","0","0","0","0","0","0","0","0","0"
"DASH","Shrimp","Raw Materials & COGS","43133300","MCOS-Utilities Others (VC)","0","0","0","-25.24","-25.51","-0.27","-1.07","-25.51","0","-25.51","0"
"DASH","Shrimp","Raw Materials & COGS","43131000","MCOS-Rental Expense Under Operating Lease (FC)","0","0","0","-6.81","-4.5","2.31","33.92","-4.5","0","-4.5","0"
"DASH","Shrimp","Raw Materials & COGS","43133200","MCOS-Repair and Maintenance (FC)","0","0","0","-103.28","-178.83","-75.55","-73.15","-178.83","0","-178.83","0"
"DASH","Shrimp","Raw Materials & COGS","43140000","MCOS-Leasing Charges (FC)","0","0","0","0","0","0","0","0","0","0","0"
"DASH","Shrimp","Raw Materials & COGS","43150000","MCOS-Office and Communication (VC)","0","0","0","-4.32","-5.01","-0.69","-15.97","-5.01","0","-5.01","0"
"DASH","Shrimp","Raw Materials & COGS","43160000","MCOS-Advertising and Promotion (FC)","0","0","0","0","0","0","0","0","0","0","0"
"DASH","Shrimp","Raw Materials & COGS","43170000","MCOS-Delivery Expenses (VC)","0","0","0","0","0","0","0","0","0","0","0"
"DASH","Shrimp","Raw Materials & COGS","43180000","MCOS-Insurance Expenses (FC)","0","0","0","-1.26","-1.27","-0.01","-0.79","-1.27","0","-1.27","0"
"DASH","Shrimp","Raw Materials & COGS","43190000","MCOS-Professional Fees (FC)","0","0","0","-0.51","-0.69","-0.18","-35.29","-0.69","0","-0.69","0"
"DASH","Shrimp","Raw Materials & COGS","43200000","MCOS-Allocated Income_Expense IC (FC)","0","0","0","0","0","0","0","0","0","0","0"
"DASH","Shrimp","Raw Materials & COGS","43210000","MCOS-Other Operating (Income)_Expense","0","0","0","-37.89","-35.48","2.41","6.36","-35.48","0","-35.48","0"
"DASH","Shrimp","Raw Materials & COGS","43211000","MCOS-(Income)","0","0","0","0","0","0","0","0","0","0","0"
"DASH","Shrimp","Raw Materials & COGS","43212100","MCOS-Bank Charges (FC)","0","0","0","0","0","0","0","0","0","0","0"
"DASH","Shrimp","Raw Materials & COGS","43212200","MCOS-Production Supplies (VC)","0","0","0","-27.66","-24.09","3.57","12.91","-24.09","0","-24.09","0"
"DASH","Shrimp","Raw Materials & COGS","43212300","MCOS-Security and Janitorial Services (FC)","0","0","0","0","0","0","0","0","0","0","0"
"DASH","Shrimp","Raw Materials & COGS","43212400","MCOS-Recruitment Expenses (FC)","0","0","0","0","0","0","0","0","0","0","0"
"DASH","Shrimp","Raw Materials & COGS","43212500","MCOS-Unmatched Professional fees PLUG IC (FC)","0","0","0","0","0","0","0","0","0","0","0"
"DASH","Shrimp","Raw Materials & COGS","43212610","MCOS-Analysis_testing fee (FC)","0","0","0","0","0","0","0","0","0","0","0"
"DASH","Shrimp","Raw Materials & COGS","43212620","MCOS-Other taxes (Non-corp. tax) (FC)","0","0","0","-7.55","-7.61","-0.06","-0.79","-7.61","0","-7.61","0"
"DASH","Shrimp","Raw Materials & COGS","43212630","MCOS-HSE expenses (FC)","0","0","0","0","0","0","0","0","0","0","0"
"DASH","Shrimp","Raw Materials & COGS","43212640","MCOS-Others (FC)","0","0","0","-2.67","-3.78","-1.11","-41.57","-3.78","0","-3.78","0"
"DASH","Shrimp","Raw Materials & COGS","43212650","MCOS-Toll Manufacturing (FC)","0","0","0","0","0","0","0","0","0","0","0"
"DASH","Shrimp","Raw Materials & COGS","43212660","MCOS-R&D (FC)","0","0","0","0","0","0","0","0","0","0","0"
"DASH","Shrimp","Raw Materials & COGS","43212700","MCOS-Unmatched Insurance Expenses PLUG IC (FC)","0","0","0","0","0","0","0","0","0","0","0"
"DASH","Shrimp","Raw Materials & COGS","43212800","MCOS-Unmatched Rental Expenses PLUG IC (FC)","0","0","0","0","0","0","0","0","0","0","0"
"DASH","Shrimp","Raw Materials & COGS","43212900","MCOS-Pest Control (FC)","0","0","0","0","0","0","0","0","0","0","0"
"DASH","Shrimp","Raw Materials & COGS","43220000","MCOS-Lease payment (of Financing Co_Div.) (FC)","0","0","0","0","0","0","0","0","0","0","0"
"DASH","Shrimp","Raw Materials & COGS","43230000","MCOS-Shared Service Cost (FC)","0","0","0","0","0","0","0","0","0","0","0"
"DASH","Shrimp","Raw Materials & COGS","43240000","MCOS-Inventory write-offs (FC)","0","0","0","0","0","0","0","0","0","0","0"
"DASH","Shrimp","Raw Materials & COGS","43250000","MCOS-Depreciation-PPE (FC)","0","0","0","-75.4","-77.23","-1.83","-2.43","-77.23","0","-77.23","0"
"DASH","Shrimp","Raw Materials & COGS","43350000","MCOS-Depreciation-ROU Asset (PLP) (FC)","0","0","0","0","0","0","0","0","0","0","0"
"DASH","Shrimp","Raw Materials & COGS","43410000","MCOS-Allocated Income_Expense TP","0","0","0","0","0","0","0","0","0","0","0"
"DASH","Shrimp","Raw Materials & COGS","43400000","MCOS-Inventory Provision","0","0","0","0","0","0","0","0","0","0","0"
"DASH","Shrimp","Raw Materials & COGS","44000000","STANDARD MCOS","0","0","0","0","0","0","0","0","0","0","0"
"DASH","Shrimp","Raw Materials & COGS","44100000","MCOS-Standard-Variable","0","0","0","0","0","0","0","0","0","0","0"
"DASH","Shrimp","Raw Materials & COGS","44100100","MCOS- Labour @ Std - VC","0","0","0","0","0","0","0","0","0","0","0"
"DASH","Shrimp","Raw Materials & COGS","44100200","MCOS-Fuel & Electricity @ Std- VC","0","0","0","0","0","0","0","0","0","0","0"
"DASH","Shrimp","Raw Materials & COGS","44100300","MCOS-Maintenance @ Std - VC","0","0","0","0","0","0","0","0","0","0","0"
"DASH","Shrimp","Raw Materials & COGS","44200000","MCOS-Standard-Fixed","0","0","0","0","0","0","0","0","0","0","0"
"DASH","Shrimp","Raw Materials & COGS","44200100","MCOS- Rent @ Std- FC","0","0","0","0","0","0","0","0","0","0","0"
"DASH","Shrimp","Raw Materials & COGS","44200200","MCOS-Depreciation @ Std - FC","0","0","0","0","0","0","0","0","0","0","0"
"DASH","Shrimp","Raw Materials & COGS","44200300","MCOS-Others @ Std - FC","0","0","0","0","0","0","0","0","0","0","0"
"DASH","Shrimp","Raw Materials & COGS","44310000","MCOS-Standard Absorption Cost - Variable","0","0","0","0","0","0","0","0","0","0","0"
"DASH","Shrimp","Raw Materials & COGS","44311000","MCOS-Standard Absorption Labour - VC","0","0","0","0","0","0","0","0","0","0","0"
"DASH","Shrimp","Raw Materials & COGS","44312000","MCOS-Standard Absorption Fuel & Electricity - VC","0","0","0","0","0","0","0","0","0","0","0"
"DASH","Shrimp","Raw Materials & COGS","44313000","MCOS-Standard Absorption Maintenance - VC","0","0","0","0","0","0","0","0","0","0","0"
"DASH","Shrimp","Raw Materials & COGS","44320000","MCOS-Standard Absorption Cost - Fixed","0","0","0","0","0","0","0","0","0","0","0"
"DASH","Shrimp","Raw Materials & COGS","44321000","MCOS-Standard Absorption Rent - FC","0","0","0","0","0","0","0","0","0","0","0"
"DASH","Shrimp","Raw Materials & COGS","44322000","MCOS-Standard Absorption Depreciation - FC","0","0","0","0","0","0","0","0","0","0","0"
"DASH","Shrimp","Raw Materials & COGS","44323000","MCOS-Standard Absorption Others - FC","0","0","0","0","0","0","0","0","0","0","0"
"DASH","Shrimp","Raw Materials & COGS","","Total MCOS","0","0","0","-922.53","-1114.46","-191.93","-20.8","-1114.46","0","-1114.46","0"
"DASH","Shrimp","Total MCOS & COGS","45000000","Total COGS (where applicable incl IC)","0","0","0","-3461.68","-4321.32","-859.64","-24.83","-4321.32","0","-4321.32","0"
"DASH","Shrimp","General","-8.99547103472287E-12","","0","0","0","0","0","0","0","0","0","0","0"
"DASH","Shrimp","Raw Materials & COGS","","MCOS-Personnel Expenses (VC)","0","0","0","0","0","0","0","0","0","0","0"
"DASH","Shrimp","Raw Materials & COGS","","MCOS-Rent and utilities (VC)","0","0","0","0","0","0","0","0","0","0","0"
"DASH","Shrimp","Raw Materials & COGS","","MCOS-Office and Communication (VC)","0","0","0","0","0","0","0","0","0","0","0"
"DASH","Shrimp","Raw Materials & COGS","","MCOS-Delivery Expenses (VC)","0","0","0","0","0","0","0","0","0","0","0"
"DASH","Shrimp","Raw Materials & COGS","","MCOS-Other Operating (Income)_Expense (VC)","0","0","0","0","0","0","0","0","0","0","0"
"DASH","Shrimp","Raw Materials & COGS","","MCOS- Labour (Standard MCOS) - VC","0","0","0","0","0","0","0","0","0","0","0"
"DASH","Shrimp","Raw Materials & COGS","","MCOS-Fuel & Electricity (Standard MCOS) - VC","0","0","0","0","0","0","0","0","0","0","0"
"DASH","Shrimp","Raw Materials & COGS","","MCOS-Maintenance (Standard MCOS) - VC","0","0","0","0","0","0","0","0","0","0","0"
"DASH","Shrimp","Volume","","VARIABLE COST | MT","0","0","0","0","0","0","0","0","0","0","0"
"DASH","Shrimp","Raw Materials & COGS","","MCOS-Personnel Expenses (FC)","0","0","0","0","0","0","0","0","0","0","0"
"DASH","Shrimp","Raw Materials & COGS","","MCOS-Travel and Entertainment (FC)","0","0","0","0","0","0","0","0","0","0","0"
"DASH","Shrimp","Raw Materials & COGS","","MCOS-Rent and utilities (FC)","0","0","0","0","0","0","0","0","0","0","0"
"DASH","Shrimp","Raw Materials & COGS","","MCOS-Leasing Charges (FC)","0","0","0","0","0","0","0","0","0","0","0"
"DASH","Shrimp","Raw Materials & COGS","","MCOS-Advertising and Promotion (FC)","0","0","0","0","0","0","0","0","0","0","0"
"DASH","Shrimp","Raw Materials & COGS","","MCOS-Insurance Expenses (FC)","0","0","0","0","0","0","0","0","0","0","0"
"DASH","Shrimp","Raw Materials & COGS","","MCOS-Professional Fees (FC)","0","0","0","0","0","0","0","0","0","0","0"
"DASH","Shrimp","Raw Materials & COGS","","MCOS-Allocated Income_Expense IC (FC)","0","0","0","0","0","0","0","0","0","0","0"
"DASH","Shrimp","Raw Materials & COGS","","MCOS-Other Operating (Income)_Expense (FC)","0","0","0","0","0","0","0","0","0","0","0"
"DASH","Shrimp","Raw Materials & COGS","","MCOS-Lease payment (of Financing Co_Div.) (FC)","0","0","0","0","0","0","0","0","0","0","0"
"DASH","Shrimp","Raw Materials & COGS","","MCOS-Shared Service Cost (FC)","0","0","0","0","0","0","0","0","0","0","0"
"DASH","Shrimp","Raw Materials & COGS","","MCOS-Inventory write-offs (FC)","0","0","0","0","0","0","0","0","0","0","0"
"DASH","Shrimp","Raw Materials & COGS","","MCOS-Depreciation-PPE (FC)","0","0","0","0","0","0","0","0","0","0","0"
"DASH","Shrimp","Raw Materials & COGS","","MCOS-Depreciation-ROU Asset (PLP) (FC)","0","0","0","0","0","0","0","0","0","0","0"
"DASH","Shrimp","Raw Materials & COGS","","MCOS- Rent (Standard MCOS) - (FC)","0","0","0","0","0","0","0","0","0","0","0"
"DASH","Shrimp","Raw Materials & COGS","","MCOS- Depreciation (Standard MCOS) - (FC)","0","0","0","0","0","0","0","0","0","0","0"
"DASH","Shrimp","Raw Materials & COGS","","MCOS-Others (Standard MCOS) - (VC)","0","0","0","0","0","0","0","0","0","0","0"
"DASH","Shrimp","Volume","","FIXED COST | MT","0","0","0","0","0","0","0","0","0","0","0"
"DASH","Shrimp","Headcount","HR_TL","Total Technical HC (incl QA/QC, Formulator, Lab etc)","0","0","0","0","0","0","0","0","0","0","0"
"DASH","Shrimp","Headcount","HR_OP","Total Operations HC (incl warehousing, weighbridge)","0","0","0","0","0","0","0","0","0","0","0"
"DASH","Shrimp","Headcount","","Total 'Production Related' HC","0","0","0","0","0","0","0","0","0","0","0"
"DASH","Shrimp","Revenue","HR_SA","Total Sales Head Count","0","0","0","0","0","0","0","0","0","0","0"
"DASH","Shrimp","Headcount","HR_SP","Total Support Head Count","0","0","0","0","0","0","0","0","0","0","0"
"DASH","Shrimp","Headcount","HR_TOTAL","Total Head Count (Closing balance)","0","0","0","0","0","0","0","0","0","0","0"
"DASH","Shrimp","KPIs","","IOIC (only TP + RC)","0","0","0","4545.33","5612.16","1066.83","23.47","5612.16","0","5612.16","0"
"DASH","Shrimp","Revenue","50000000","Gross Operating Revenue","0","0","0","3622.8","4497.7","874.9","24.15","4497.7","0","4497.7","0"
"DASH","Shrimp","Revenue","","GOR %","-2146826281","-2146826281","-2146826281","0.5","0.51","0.01","2","2146826281.51","100","2146826281.51","100"
"DASH","Shrimp","Raw Materials & COGS","43251000","MCOS-Depreciation-Leasehold Improvements PPE","0","0","0","-10.34","-10.37","-0.03","-0.29","-10.37","0","-10.37","0"
"DASH","Shrimp","Raw Materials & COGS","43252000","MCOS-Depreciation-Motor Vehicles PPE","0","0","0","0","0","0","0","0","0","0","0"
"DASH","Shrimp","Raw Materials & COGS","43253000","MCOS-Depreciation-Computer Equipment PPE","0","0","0","0","0","0","0","0","0","0","0"
"DASH","Shrimp","Raw Materials & COGS","43254000","MCOS-Depreciation-Furniture and Fixtures PPE","0","0","0","0","0","0","0","0","0","0","0"
"DASH","Shrimp","Raw Materials & COGS","43255000","MCOS-Depreciation-Others PPE","0","0","0","0","0","0","0","0","0","0","0"
"DASH","Shrimp","Raw Materials & COGS","43256000","MCOS-Depreciation-Land PPE","0","0","0","0","0","0","0","0","0","0","0"
"DASH","Shrimp","Raw Materials & COGS","43257000","MCOS-Depreciation-Buildings PPE","0","0","0","0.3","0","-0.3","-100","0","0","0","0"
"DASH","Shrimp","Raw Materials & COGS","43258000","MCOS-Depreciation-Construction in progress PPE","0","0","0","0","0","0","0","0","0","0","0"
"DASH","Shrimp","Raw Materials & COGS","43259000","MCOS-Depreciation-Machinery and Equipment PPE","0","0","0","-65.36","-66.86","-1.5","-2.29","-66.86","0","-66.86","0"
"DASH","Shrimp","Raw Materials & COGS","43260000","MCOS-Depreciation-ERP PPE","0","0","0","0","0","0","0","0","0","0","0"
"DASH","Shrimp","Raw Materials & COGS","43360000","MCOS-Depreciation-ERP ROU Asset (PLP)","0","0","0","0","0","0","0","0","0","0","0"
"DASH","Shrimp","Raw Materials & COGS","43350000","MCOS-Depreciation-ROU Asset (PLP)","0","0","0","0","0","0","0","0","0","0","0"
"DASH","Shrimp","Raw Materials & COGS","","Total MCOS - Depreciation","0","0","0","-75.4","-77.23","-1.83","-2.43","-77.23","0","-77.23","0"
"GCGX","Indonesia","Volume","Unit Sales - TP_Feed","Unit Sales - TP (Feed)","36250.45","29788.72","38500","31970.28","0","-31970.28","-100","-38500","-100","-29788.72","-100"
"GCGX","Indonesia","Volume","Unit Sales - IC_Feed","Unit Sales - IC (Feed)","0","0","0","0","0","0","0","0","0","0","0"
"GCGX","Indonesia","Volume","Unit Sales - RC_Feed","Unit Sales - RC (Feed)","0","0","0","0","0","0","0","0","0","0","0"
"GCGX","Indonesia","Volume","Total Unit Sales_Feed","Total Unit Sales (Feed)","36250.45","29788.72","38500","31970.28","0","-31970.28","-100","-38500","-100","-29788.72","-100"
"GCGX","Indonesia","Volume","Unit Sales - TP_CT","Unit Sales - TP (CT)","0","0","0","29.72","0","-29.72","-100","0","0","0","0"
"GCGX","Indonesia","Volume","Unit Sales - RC_CT","Unit Sales - RC (CT)","0","0","0","0","0","0","0","0","0","0","0"
"GCGX","Indonesia","Volume","Unit Sales - TP_DOC","Unit Sales - TP (DOC)","0","0","0","0","0","0","0","0","0","0","0"
"GCGX","Indonesia","Volume","","Total Volumes (MT) Feed + CT (TP +RC)","36250.45","29788.72","38500","32000","0","-32000","-100","-38500","-100","-29788.72","-100"
"GCGX","Indonesia","Volume","","Total Volumes (MT) - Feed only","36250.45","29788.72","38500","31970.28","0","-31970.28","-100","-38500","-100","-29788.72","-100"
"GCGX","Indonesia","Revenue","41011000","Gross Sales TP","19007.7","15566.84","20665.81","17567.41","0","-17567.41","-100","-20665.81","-100","-15566.84","-100"
"GCGX","Indonesia","Revenue","41012200","Gross Sales RC","0","0","0","0","0","0","0","0","0","0","0"
"GCGX","Indonesia","Revenue","41021000","Concession TP","-3330.71","-3280.6","-4421.54","-3987.17","0","3987.17","100","4421.54","100","3280.6","100"
"GCGX","Indonesia","Revenue","41022500","Concession RC","0","0","0","0","0","0","0","0","0","0","0"
"GCGX","Indonesia","Revenue","Net Sales TP","Net Sales TP","15676.99","12286.23","16244.28","13580.24","0","-13580.24","-100","-16244.28","-100","-12286.23","-100"
"GCGX","Indonesia","Revenue","Net Sales RC","Net Sales RC","0","0","0","0","0","0","0","0","0","0","0"
"GCGX","Indonesia","Revenue","","Total Net Sales (TP + RC)","15676.99","12286.23","16244.28","13580.24","0","-13580.24","-100","-16244.28","-100","-12286.23","-100"
"GCGX","Indonesia","Revenue","Net Sales IC","Net Sales IC","0","0","0","0","0","0","0","0","0","0","0"
"GCGX","Indonesia","Revenue","","Total Net Sales (incl IC)","15676.99","12286.23","16244.28","13580.24","0","-13580.24","-100","-16244.28","-100","-12286.23","-100"
"GCGX","Indonesia","Raw Materials & COGS","42210000","Material Cost","-13484.1","-10764.62","-13876.88","-12136.13","0","12136.13","100","13876.88","100","10764.62","100"
"GCGX","Indonesia","Raw Materials & COGS","42229110","Variance - Purchase Price","-25761914820","-25761914820","0","-0.3","0","0.3","100","0","0","25761914820","100"
"GCGX","Indonesia","Raw Materials & COGS","42211000","Raw Material COS","0","0","0","0","0","0","0","0","0","0","0"
"GCGX","Indonesia","Raw Materials & COGS","42212000","Packing Material COS","-120.01","-113.73","-155.97","-117.26","0","117.26","100","155.97","100","113.73","100"
"GCGX","Indonesia","Raw Materials & COGS","42213000","Finished Goods/Direct Purchase COS","-15939.68","-10541.05","-13678.95","-11960.14","0","11960.14","100","13678.95","100","10541.05","100"
"GCGX","Indonesia","General","42214000","Provision for Stock Adjustment","-5.76","3.54","0","-60.8","0","60.8","100","0","0","-3.54","-100"
"GCGX","Indonesia","Raw Materials & COGS","42215000","Exchange Differece COS","0","0","0","0","0","0","0","0","0","0","0"
"GCGX","Indonesia","Revenue","42216000","Sales Of Raw and Packing materials","0","0","0","0","0","0","0","0","0","0","0"
"GCGX","Indonesia","Raw Materials & COGS","42217000","Modified Direct purchase COS","0","0","0","0","0","0","0","0","0","0","0"
"GCGX","Indonesia","Raw Materials & COGS","42218000","Physical Inventory Loss","-10.6","-45.78","-41.96","0.81","0","-0.81","-100","41.96","100","45.78","100"
"GCGX","Indonesia","Raw Materials & COGS","42219000","Production yield_usage variance","2590.58","-71.72","0","1.56","0","-1.56","-100","0","0","71.72","100"
"GCGX","Indonesia","Raw Materials & COGS","42230000","Consignment COS","0","0","0","0","0","0","0","0","0","0","0"
"GCGX","Indonesia","Raw Materials & COGS","42250000","COS IC","0","0","0","0","0","0","0","0","0","0","0"
"GCGX","Indonesia","Revenue","42260000","Cost of sales IC Elimination","0","0","0","0","0","0","0","0","0","0","0"
"GCGX","Indonesia","Raw Materials & COGS","42270000","COS RC","0","0","0","0","0","0","0","0","0","0","0"
"GCGX","Indonesia","Raw Materials & COGS","48000000","Cost of Services","0","0","0","0","0","0","0","0","0","0","0"
"GCGX","Indonesia","Raw Materials & COGS","","Total Raw Materials Costs","-13484.1","-10764.62","-13876.88","-12136.13","0","12136.13","100","13876.88","100","10764.62","100"
"GCGX","Indonesia","Raw Materials & COGS","43000000","ACTUAL MCOS","-1002.61","-941.27","-1058.82","-972.32","0","972.32","100","1058.82","100","941.27","100"
"GCGX","Indonesia","Raw Materials & COGS","43110000","MCOS-Personnel Expenses","-279.24","-279.84","-316.7","-269","0","269","100","316.7","100","279.84","100"
"GCGX","Indonesia","Raw Materials & COGS","43116000","MCOS-Transportation Expenses (VC)","-1.11","-0.02","0","0","0","0","0","0","0","0.02","100"
"GCGX","Indonesia","Raw Materials & COGS","43115000","MCOS-Contractual Employees & Others (VC)","-55.3","-48.53","-55.77","-54.08","0","54.08","100","55.77","100","48.53","100"
"GCGX","Indonesia","Raw Materials & COGS","43111120","MCOS-Contract staff (VC)","0","0","0","0","0","0","0","0","0","0","0"
"GCGX","Indonesia","Raw Materials & COGS","43111130","MCOS-Contractual bonus (VC)","-9.47","-9.39","-12.27","-8.67","0","8.67","100","12.27","100","9.39","100"
"GCGX","Indonesia","Raw Materials & COGS","43111140","MCOS-Commission (VC)","0","0","0","0","0","0","0","0","0","0","0"
"GCGX","Indonesia","Raw Materials & COGS","43111200","MCOS-Discretionary Bonus (VC)","-6.8","-10.24","-15.33","0.78","0","-0.78","-100","15.33","100","10.24","100"
"GCGX","Indonesia","Raw Materials & COGS","43111320","MCOS-Overtime Variable Cost (VC)","-15.63","-14.49","-15.31","-17.03","0","17.03","100","15.31","100","14.49","100"
"GCGX","Indonesia","Raw Materials & COGS","43111110","MCOS-Salaries (FC)","-128.3","-130.75","-147.2","-127.31","0","127.31","100","147.2","100","130.75","100"
"GCGX","Indonesia","Raw Materials & COGS","43111310","MCOS-Overtime Fixed Cost (FC)","0","0","0","0","0","0","0","0","0","0","0"
"GCGX","Indonesia","Raw Materials & COGS","43112000","MCOS-Personnel Allowances (FC)","-20.43","-19.66","-20.96","-18.38","0","18.38","100","20.96","100","19.66","100"
"GCGX","Indonesia","Raw Materials & COGS","43113000","MCOS-Social Benefits (FC)","-42.21","-46.77","-49.86","-44.31","0","44.31","100","49.86","100","46.77","100"
"GCGX","Indonesia","Raw Materials & COGS","43114000","MCOS-Employee Training (FC)","0","0","0","0","0","0","0","0","0","0","0"
"GCGX","Indonesia","Raw Materials & COGS","43120000","MCOS-Travel and Entertainment (FC)","-1.81","-1.92","-5.03","-0.2","0","0.2","100","5.03","100","1.92","100"
"GCGX","Indonesia","Raw Materials & COGS","43130000","MCOS-Rent and utilities","-304.01","-259.01","-328.81","-293.21","0","293.21","100","328.81","100","259.01","100"
"GCGX","Indonesia","Raw Materials & COGS","43133110","MCOS-Fuel and Gas (VC)","-98.43","-77.07","-100.28","-92.21","0","92.21","100","100.28","100","77.07","100"
"GCGX","Indonesia","Raw Materials & COGS","43133120","MCOS-Power, Light and Water (VC)","-161.17","-149.26","-182.52","-158.16","0","158.16","100","182.52","100","149.26","100"
"GCGX","Indonesia","Raw Materials & COGS","43133300","MCOS-Utilities Others (VC)","-3.1","-4.12","-5.31","-4.08","0","4.08","100","5.31","100","4.12","100"
"GCGX","Indonesia","Raw Materials & COGS","43131000","MCOS-Rental Expense Under Operating Lease (FC)","0","0","0","0","0","0","0","0","0","0","0"
"GCGX","Indonesia","Raw Materials & COGS","43133200","MCOS-Repair and Maintenance (FC)","-41.31","-28.56","-40.7","-38.75","0","38.75","100","40.7","100","28.56","100"
"GCGX","Indonesia","Raw Materials & COGS","43140000","MCOS-Leasing Charges (FC)","0","0","0","0","0","0","0","0","0","0","0"
"GCGX","Indonesia","Raw Materials & COGS","43150000","MCOS-Office and Communication (VC)","-3.13","-0.98","-1.34","-0.9","0","0.9","100","1.34","100","0.98","100"
"GCGX","Indonesia","Raw Materials & COGS","43160000","MCOS-Advertising and Promotion (FC)","0","0","0","0","0","0","0","0","0","0","0"
"GCGX","Indonesia","Raw Materials & COGS","43170000","MCOS-Delivery Expenses (VC)","0","0","0","0","0","0","0","0","0","0","0"
"GCGX","Indonesia","Raw Materials & COGS","43180000","MCOS-Insurance Expenses (FC)","-5.89","-2.64","-1.68","-1.75","0","1.75","100","1.68","100","2.64","100"
"GCGX","Indonesia","Raw Materials & COGS","43190000","MCOS-Professional Fees (FC)","0","-0.98","-1.01","0","0","0","0","1.01","100","0.98","100"
"GCGX","Indonesia","Raw Materials & COGS","43200000","MCOS-Allocated Income_Expense IC (FC)","0","0","0","0","0","0","0","0","0","0","0"
"GCGX","Indonesia","Raw Materials & COGS","43210000","MCOS-Other Operating (Income)_Expense","-16.75","-4.45","-5.87","-6.22","0","6.22","100","5.87","100","4.45","100"
"GCGX","Indonesia","Raw Materials & COGS","43211000","MCOS-(Income)","0","0","0","0","0","0","0","0","0","0","0"
"GCGX","Indonesia","Raw Materials & COGS","43212100","MCOS-Bank Charges (FC)","0","0","0","0","0","0","0","0","0","0","0"
"GCGX","Indonesia","Raw Materials & COGS","43212200","MCOS-Production Supplies (VC)","0","0","0","0","0","0","0","0","0","0","0"
"GCGX","Indonesia","Raw Materials & COGS","43212300","MCOS-Security and Janitorial Services (FC)","0","0","0","0","0","0","0","0","0","0","0"
"GCGX","Indonesia","Raw Materials & COGS","43212400","MCOS-Recruitment Expenses (FC)","0","-0.01","0","-0.03","0","0.03","100","0","0","0.01","100"
"GCGX","Indonesia","Raw Materials & COGS","43212500","MCOS-Unmatched Professional fees PLUG IC (FC)","0","0","0","0","0","0","0","0","0","0","0"
"GCGX","Indonesia","Raw Materials & COGS","43212610","MCOS-Analysis_testing fee (FC)","-0.23","-0.16","0","-0.03","0","0.03","100","0","0","0.16","100"
"GCGX","Indonesia","Raw Materials & COGS","43212620","MCOS-Other taxes (Non-corp. tax) (FC)","0","0","0","0","0","0","0","0","0","0","0"
"GCGX","Indonesia","Raw Materials & COGS","43212630","MCOS-HSE expenses (FC)","-16.23","-2.6","-3.36","-5.09","0","5.09","100","3.36","100","2.6","100"
"GCGX","Indonesia","Raw Materials & COGS","43212640","MCOS-Others (FC)","-0.29","-1.68","-2.52","-1.07","0","1.07","100","2.52","100","1.68","100"
"GCGX","Indonesia","Raw Materials & COGS","43212650","MCOS-Toll Manufacturing (FC)","0","0","0","0","0","0","0","0","0","0","0"
"GCGX","Indonesia","Raw Materials & COGS","43212660","MCOS-R&D (FC)","0","0","0","0","0","0","0","0","0","0","0"
"GCGX","Indonesia","Raw Materials & COGS","43212700","MCOS-Unmatched Insurance Expenses PLUG IC (FC)","0","0","0","0","0","0","0","0","0","0","0"
"GCGX","Indonesia","Raw Materials & COGS","43212800","MCOS-Unmatched Rental Expenses PLUG IC (FC)","0","0","0","0","0","0","0","0","0","0","0"
"GCGX","Indonesia","Raw Materials & COGS","43212900","MCOS-Pest Control (FC)","0","0","0","0","0","0","0","0","0","0","0"
"GCGX","Indonesia","Raw Materials & COGS","43220000","MCOS-Lease payment (of Financing Co_Div.) (FC)","0","0","0","0","0","0","0","0","0","0","0"
"GCGX","Indonesia","Raw Materials & COGS","43230000","MCOS-Shared Service Cost (FC)","0","0","0","0","0","0","0","0","0","0","0"
"GCGX","Indonesia","Raw Materials & COGS","43240000","MCOS-Inventory write-offs (FC)","0","0","0","0","0","0","0","0","0","0","0"
"GCGX","Indonesia","Raw Materials & COGS","43250000","MCOS-Depreciation-PPE (FC)","-79.16","-79.44","-84.19","-71.5","0","71.5","100","84.19","100","79.44","100"
"GCGX","Indonesia","Raw Materials & COGS","43350000","MCOS-Depreciation-ROU Asset (PLP) (FC)","-312.62","-312.01","-314.19","-329.54","0","329.54","100","314.19","100","312.01","100"
"GCGX","Indonesia","Raw Materials & COGS","43410000","MCOS-Allocated Income_Expense TP","0","0","0","0","0","0","0","0","0","0","0"
"GCGX","Indonesia","Raw Materials & COGS","43400000","MCOS-Inventory Provision","0","0","0","0","0","0","0","0","0","0","0"
"GCGX","Indonesia","Raw Materials & COGS","44000000","STANDARD MCOS","-17.24","9.13","0","4.12","0","-4.12","-100","0","0","-9.13","-100"
"GCGX","Indonesia","Raw Materials & COGS","44100000","MCOS-Standard-Variable","0","0","0","0","0","0","0","0","0","0","0"
"GCGX","Indonesia","Raw Materials & COGS","44100100","MCOS- Labour @ Std - VC","0","0","0","0","0","0","0","0","0","0","0"
"GCGX","Indonesia","Raw Materials & COGS","44100200","MCOS-Fuel & Electricity @ Std- VC","0","0","0","0","0","0","0","0","0","0","0"
"GCGX","Indonesia","Raw Materials & COGS","44100300","MCOS-Maintenance @ Std - VC","0","0","0","0","0","0","0","0","0","0","0"
"GCGX","Indonesia","Raw Materials & COGS","44200000","MCOS-Standard-Fixed","0","0","0","0","0","0","0","0","0","0","0"
"GCGX","Indonesia","Raw Materials & COGS","44200100","MCOS- Rent @ Std- FC","0","0","0","0","0","0","0","0","0","0","0"
"GCGX","Indonesia","Raw Materials & COGS","44200200","MCOS-Depreciation @ Std - FC","0","0","0","0","0","0","0","0","0","0","0"
"GCGX","Indonesia","Raw Materials & COGS","44200300","MCOS-Others @ Std - FC","0","0","0","0","0","0","0","0","0","0","0"
"GCGX","Indonesia","Raw Materials & COGS","44310000","MCOS-Standard Absorption Cost - Variable","-12.51","3.97","0","4.71","0","-4.71","-100","0","0","-3.97","-100"
"GCGX","Indonesia","Raw Materials & COGS","44311000","MCOS-Standard Absorption Labour - VC","-8.28","0.99","0","3.2","0","-3.2","-100","0","0","-0.99","-100"
"GCGX","Indonesia","Raw Materials & COGS","44312000","MCOS-Standard Absorption Fuel & Electricity - VC","-3.57","2.58","0","1.4","0","-1.4","-100","0","0","-2.58","-100"
"GCGX","Indonesia","Raw Materials & COGS","44313000","MCOS-Standard Absorption Maintenance - VC","-0.67","0.4","0","0.11","0","-0.11","-100","0","0","-0.4","-100"
"GCGX","Indonesia","Raw Materials & COGS","44320000","MCOS-Standard Absorption Cost - Fixed","-4.73","5.15","0","-0.59","0","0.59","100","0","0","-5.15","-100"
"GCGX","Indonesia","Raw Materials & COGS","44321000","MCOS-Standard Absorption Rent - FC","-0.03","0.01","0","0","0","0","0","0","0","-0.01","-100"
"GCGX","Indonesia","Raw Materials & COGS","44322000","MCOS-Standard Absorption Depreciation - FC","-3.79","3.34","0","1.49","0","-1.49","-100","0","0","-3.34","-100"
"GCGX","Indonesia","Raw Materials & COGS","44323000","MCOS-Standard Absorption Others - FC","-0.91","1.8","0","-2.08","0","2.08","100","0","0","-1.8","-100"
"GCGX","Indonesia","Raw Materials & COGS","","Total MCOS","-1019.85","-932.14","-1058.82","-968.2","0","968.2","100","1058.82","100","932.14","100"
"GCGX","Indonesia","Total MCOS & COGS","45000000","Total COGS (where applicable incl IC)","-14503.95","-11696.77","-14935.7","-13104.33","0","13104.33","100","14935.7","100","11696.77","100"
"GCGX","Indonesia","General","6.69331257086014E-12","","0","0","0","0","0","0","0","0","0","0","0"
"GCGX","Indonesia","Raw Materials & COGS","","MCOS-Personnel Expenses (VC)","0","0","0","0","0","0","0","0","0","0","0"
"GCGX","Indonesia","Raw Materials & COGS","","MCOS-Rent and utilities (VC)","0","0","0","0","0","0","0","0","0","0","0"
"GCGX","Indonesia","Raw Materials & COGS","","MCOS-Office and Communication (VC)","0","0","0","0","0","0","0","0","0","0","0"
"GCGX","Indonesia","Raw Materials & COGS","","MCOS-Delivery Expenses (VC)","0","0","0","0","0","0","0","0","0","0","0"
"GCGX","Indonesia","Raw Materials & COGS","","MCOS-Other Operating (Income)_Expense (VC)","0","0","0","0","0","0","0","0","0","0","0"
"GCGX","Indonesia","Raw Materials & COGS","","MCOS- Labour (Standard MCOS) - VC","0","0","0","0","0","0","0","0","0","0","0"
"GCGX","Indonesia","Raw Materials & COGS","","MCOS-Fuel & Electricity (Standard MCOS) - VC","0","0","0","0","0","0","0","0","0","0","0"
"GCGX","Indonesia","Raw Materials & COGS","","MCOS-Maintenance (Standard MCOS) - VC","0","0","0","0","0","0","0","0","0","0","0"
"GCGX","Indonesia","Volume","","VARIABLE COST | MT","0","0","0","0","0","0","0","0","0","0","0"
"GCGX","Indonesia","Raw Materials & COGS","","MCOS-Personnel Expenses (FC)","0","0","0","0","0","0","0","0","0","0","0"
"GCGX","Indonesia","Raw Materials & COGS","","MCOS-Travel and Entertainment (FC)","0","0","0","0","0","0","0","0","0","0","0"
"GCGX","Indonesia","Raw Materials & COGS","","MCOS-Rent and utilities (FC)","0","0","0","0","0","0","0","0","0","0","0"
"GCGX","Indonesia","Raw Materials & COGS","","MCOS-Leasing Charges (FC)","0","0","0","0","0","0","0","0","0","0","0"
"GCGX","Indonesia","Raw Materials & COGS","","MCOS-Advertising and Promotion (FC)","0","0","0","0","0","0","0","0","0","0","0"
"GCGX","Indonesia","Raw Materials & COGS","","MCOS-Insurance Expenses (FC)","0","0","0","0","0","0","0","0","0","0","0"
"GCGX","Indonesia","Raw Materials & COGS","","MCOS-Professional Fees (FC)","0","0","0","0","0","0","0","0","0","0","0"
"GCGX","Indonesia","Raw Materials & COGS","","MCOS-Allocated Income_Expense IC (FC)","0","0","0","0","0","0","0","0","0","0","0"
"GCGX","Indonesia","Raw Materials & COGS","","MCOS-Other Operating (Income)_Expense (FC)","0","0","0","0","0","0","0","0","0","0","0"
"GCGX","Indonesia","Raw Materials & COGS","","MCOS-Lease payment (of Financing Co_Div.) (FC)","0","0","0","0","0","0","0","0","0","0","0"
"GCGX","Indonesia","Raw Materials & COGS","","MCOS-Shared Service Cost (FC)","0","0","0","0","0","0","0","0","0","0","0"
"GCGX","Indonesia","Raw Materials & COGS","","MCOS-Inventory write-offs (FC)","0","0","0","0","0","0","0","0","0","0","0"
"GCGX","Indonesia","Raw Materials & COGS","","MCOS-Depreciation-PPE (FC)","0","0","0","0","0","0","0","0","0","0","0"
"GCGX","Indonesia","Raw Materials & COGS","","MCOS-Depreciation-ROU Asset (PLP) (FC)","0","0","0","0","0","0","0","0","0","0","0"
"GCGX","Indonesia","Raw Materials & COGS","","MCOS- Rent (Standard MCOS) - (FC)","0","0","0","0","0","0","0","0","0","0","0"
"GCGX","Indonesia","Raw Materials & COGS","","MCOS- Depreciation (Standard MCOS) - (FC)","0","0","0","0","0","0","0","0","0","0","0"
"GCGX","Indonesia","Raw Materials & COGS","","MCOS-Others (Standard MCOS) - (VC)","0","0","0","0","0","0","0","0","0","0","0"
"GCGX","Indonesia","Volume","","FIXED COST | MT","0","0","0","0","0","0","0","0","0","0","0"
"GCGX","Indonesia","Headcount","HR_TL","Total Technical HC (incl QA/QC, Formulator, Lab etc)","0","0","0","0","0","0","0","0","0","0","0"
"GCGX","Indonesia","Headcount","HR_OP","Total Operations HC (incl warehousing, weighbridge)","0","0","0","0","0","0","0","0","0","0","0"
"GCGX","Indonesia","Headcount","","Total 'Production Related' HC","0","0","0","0","0","0","0","0","0","0","0"
"GCGX","Indonesia","Revenue","HR_SA","Total Sales Head Count","0.01","0.01","0.02","0.01","0.01","0","0","-0.01","-50","0","0"
"GCGX","Indonesia","Headcount","HR_SP","Total Support Head Count","0","0","0","0","0","0","0","0","0","0","0"
"GCGX","Indonesia","Headcount","HR_TOTAL","Total Head Count (Closing balance)","0","0","0","0","0","0","0","0","0","0","0"
"GCGX","Indonesia","KPIs","","IOIC (only TP + RC)","2192.89","1521.61","2367.4","1444.11","0","-1444.11","-100","-2367.4","-100","-1521.61","-100"
"GCGX","Indonesia","Revenue","50000000","Gross Operating Revenue","1173.04","589.47","1308.58","475.91","0","-475.91","-100","-1308.58","-100","-589.47","-100"
"GCGX","Indonesia","Revenue","","GOR %","0.07","0.07","0.08","0.08","-2146826281","-2146826281.08","-2683532851350","-2146826281.08","-2683532851350","-2146826281.07","-3066894687242.86"
"GCGX","Indonesia","Raw Materials & COGS","43251000","MCOS-Depreciation-Leasehold Improvements PPE","0","0","0","0","0","0","0","0","0","0","0"
"GCGX","Indonesia","Raw Materials & COGS","43252000","MCOS-Depreciation-Motor Vehicles PPE","-6.16","-6.15","-5.16","-6.5","0","6.5","100","5.16","100","6.15","100"
"GCGX","Indonesia","Raw Materials & COGS","43253000","MCOS-Depreciation-Computer Equipment PPE","-0.02","0","-1.14","-0.37","0","0.37","100","1.14","100","0","0"
"GCGX","Indonesia","Raw Materials & COGS","43254000","MCOS-Depreciation-Furniture and Fixtures PPE","-0.59","-0.18","-0.08","-0.19","0","0.19","100","0.08","100","0.18","100"
"GCGX","Indonesia","Raw Materials & COGS","43255000","MCOS-Depreciation-Others PPE","0","0","0","0","0","0","0","0","0","0","0"
"GCGX","Indonesia","Raw Materials & COGS","43256000","MCOS-Depreciation-Land PPE","0","0","0","0","0","0","0","0","0","0","0"
"GCGX","Indonesia","Raw Materials & COGS","43257000","MCOS-Depreciation-Buildings PPE","-10.16","-10.14","-10.21","-10.71","0","10.71","100","10.21","100","10.14","100"
"GCGX","Indonesia","Raw Materials & COGS","43258000","MCOS-Depreciation-Construction in progress PPE","0","0","0","0","0","0","0","0","0","0","0"
"GCGX","Indonesia","Raw Materials & COGS","43259000","MCOS-Depreciation-Machinery and Equipment PPE","-62.22","-62.97","-67.6","-53.74","0","53.74","100","67.6","100","62.97","100"
"GCGX","Indonesia","Raw Materials & COGS","43260000","MCOS-Depreciation-ERP PPE","0","0","0","0","0","0","0","0","0","0","0"
"GCGX","Indonesia","Raw Materials & COGS","43360000","MCOS-Depreciation-ERP ROU Asset (PLP)","0","0","0","0","0","0","0","0","0","0","0"
"GCGX","Indonesia","Raw Materials & COGS","43350000","MCOS-Depreciation-ROU Asset (PLP)","-312.62","-312.01","-314.19","-329.54","0","329.54","100","314.19","100","312.01","100"
"GCGX","Indonesia","Raw Materials & COGS","","Total MCOS - Depreciation","-391.78","-391.45","-398.38","-401.04","0","401.04","100","398.38","100","391.45","100"
"GCZZ","China","Volume","Unit Sales - TP_Feed","Unit Sales - TP (Feed)","119399.35","131616.25","135500","120000","124700","4700","3.92","-10800","-7.97","-6916.25","-5.25"
"GCZZ","China","Volume","Unit Sales - IC_Feed","Unit Sales - IC (Feed)","0","0","0","0","0","0","0","0","0","0","0"
"GCZZ","China","Volume","Unit Sales - RC_Feed","Unit Sales - RC (Feed)","0","0","0","0","0","0","0","0","0","0","0"
"GCZZ","China","Volume","Total Unit Sales_Feed","Total Unit Sales (Feed)","119399.35","131616.25","135500","120000","124700","4700","3.92","-10800","-7.97","-6916.25","-5.25"
"GCZZ","China","Volume","Unit Sales - TP_CT","Unit Sales - TP (CT)","0","0","0","0","0","0","0","0","0","0","0"
"GCZZ","China","Volume","Unit Sales - RC_CT","Unit Sales - RC (CT)","0","0","0","0","0","0","0","0","0","0","0"
"GCZZ","China","Volume","Unit Sales - TP_DOC","Unit Sales - TP (DOC)","0","0","0","0","0","0","0","0","0","0","0"
"GCZZ","China","Volume","","Total Volumes (MT) Feed + CT (TP +RC)","119399.35","131616.25","135500","120000","124700","4700","3.92","-10800","-7.97","-6916.25","-5.25"
"GCZZ","China","Volume","","Total Volumes (MT) - Feed only","119399.35","131616.25","135500","120000","124700","4700","3.92","-10800","-7.97","-6916.25","-5.25"
"GCZZ","China","Revenue","41011000","Gross Sales TP","67681.79","72122.61","77807.12","71999.15","78049.5","6050.35","8.4","242.38","0.31","5926.89","8.22"
"GCZZ","China","Revenue","41012200","Gross Sales RC","0","0","0","0","0","0","0","0","0","0","0"
"GCZZ","China","Revenue","41021000","Concession TP","-16335.24","-18924.92","-20885.08","-18868.43","-20783.28","-1914.85","-10.15","101.8","0.49","-1858.36","-9.82"
"GCZZ","China","Revenue","41022500","Concession RC","0","0","0","0","0","0","0","0","0","0","0"
"GCZZ","China","Revenue","Net Sales TP","Net Sales TP","51346.55","53197.69","56922.04","53130.71","57266.22","4135.51","7.78","344.18","0.6","4068.53","7.65"
"GCZZ","China","Revenue","Net Sales RC","Net Sales RC","0","0","0","0","0","0","0","0","0","0","0"
"GCZZ","China","Revenue","","Total Net Sales (TP + RC)","51346.55","53197.69","56922.04","53130.71","57266.22","4135.51","7.78","344.18","0.6","4068.53","7.65"
"GCZZ","China","Revenue","Net Sales IC","Net Sales IC","0","0","0","49.94","0","-49.94","-100","0","0","0","0"
"GCZZ","China","Revenue","","Total Net Sales (incl IC)","51346.55","53197.69","56922.04","53180.65","57266.22","4085.57","7.68","344.18","0.6","4068.53","7.65"
"GCZZ","China","Raw Materials & COGS","42210000","Material Cost","-44907.01","-47390.84","-50608.32","-47188.33","-50579","-3390.67","-7.19","29.32","0.06","-3188.16","-6.73"
"GCZZ","China","Raw Materials & COGS","42229110","Variance - Purchase Price","-25761914820","-25761914820","0","0.27","0","-0.27","-100","0","0","25761914820","100"
"GCZZ","China","Raw Materials & COGS","42211000","Raw Material COS","0","0","0","0","0","0","0","0","0","0","0"
"GCZZ","China","Raw Materials & COGS","42212000","Packing Material COS","-571.77","-630.96","-653.92","-592.84","-641.81","-48.97","-8.26","12.11","1.85","-10.85","-1.72"
"GCZZ","China","Raw Materials & COGS","42213000","Finished Goods/Direct Purchase COS","-44022.52","-46534.91","-49954.41","-46601.75","-49937.19","-3335.44","-7.16","17.22","0.03","-3402.28","-7.31"
"GCZZ","China","General","42214000","Provision for Stock Adjustment","-12.08","1.21","0","0","0","0","0","0","0","-1.21","-100"
"GCZZ","China","Raw Materials & COGS","42215000","Exchange Differece COS","0","0","0","0","0","0","0","0","0","0","0"
"GCZZ","China","Revenue","42216000","Sales Of Raw and Packing materials","0","0","0","0","0","0","0","0","0","0","0"
"GCZZ","China","Raw Materials & COGS","42217000","Modified Direct purchase COS","0","0","0","0","0","0","0","0","0","0","0"
"GCZZ","China","Raw Materials & COGS","42218000","Physical Inventory Loss","-140.29","-48.73","0","2.04","0","-2.04","-100","0","0","48.73","100"
"GCZZ","China","Raw Materials & COGS","42219000","Production yield_usage variance","-146.13","-199.97","0","3.95","0","-3.95","-100","0","0","199.97","100"
"GCZZ","China","Raw Materials & COGS","42230000","Consignment COS","0","0","0","0","0","0","0","0","0","0","0"
"GCZZ","China","Raw Materials & COGS","42250000","COS IC","0","0","0","-35.8","0","35.8","100","0","0","0","0"
"GCZZ","China","Revenue","42260000","Cost of sales IC Elimination","0","0","0","0","0","0","0","0","0","0","0"
"GCZZ","China","Raw Materials & COGS","42270000","COS RC","0","0","0","0","0","0","0","0","0","0","0"
"GCZZ","China","Raw Materials & COGS","48000000","Cost of Services","0","0","0","0","0","0","0","0","0","0","0"
"GCZZ","China","Raw Materials & COGS","","Total Raw Materials Costs","-44907.01","-47390.84","-50608.32","-47224.13","-50579","-3354.87","-7.1","29.32","0.06","-3188.16","-6.73"
"GCZZ","China","Raw Materials & COGS","43000000","ACTUAL MCOS","-2362.79","-2374.15","-2532.37","-2454.05","-2714.32","-260.27","-10.61","-181.95","-7.18","-340.17","-14.33"
"GCZZ","China","Raw Materials & COGS","43110000","MCOS-Personnel Expenses","-1047.44","-1075.01","-1137.02","-1157.69","-1259.73","-102.04","-8.81","-122.71","-10.79","-184.72","-17.18"
"GCZZ","China","Raw Materials & COGS","43116000","MCOS-Transportation Expenses (VC)","-0.78","-0.64","-0.94","-0.43","-1.32","-0.89","-206.98","-0.38","-40.43","-0.68","-106.25"
"GCZZ","China","Raw Materials & COGS","43115000","MCOS-Contractual Employees & Others (VC)","-260.28","-268.16","-217.15","-219.27","-242.25","-22.98","-10.48","-25.1","-11.56","25.91","9.66"
"GCZZ","China","Raw Materials & COGS","43111120","MCOS-Contract staff (VC)","0","0","0","0","0","0","0","0","0","0","0"
"GCZZ","China","Raw Materials & COGS","43111130","MCOS-Contractual bonus (VC)","-22.3","-21.75","-25.29","-25.21","-27.44","-2.23","-8.85","-2.15","-8.5","-5.69","-26.16"
"GCZZ","China","Raw Materials & COGS","43111140","MCOS-Commission (VC)","-15.89","-15.63","-16.34","-17.65","-18.6","-0.95","-5.38","-2.26","-13.83","-2.97","-19"
"GCZZ","China","Raw Materials & COGS","43111200","MCOS-Discretionary Bonus (VC)","-32.42","-33.4","-29.57","-26.14","-30.71","-4.57","-17.48","-1.14","-3.86","2.69","8.05"
"GCZZ","China","Raw Materials & COGS","43111320","MCOS-Overtime Variable Cost (VC)","-270.86","-281.63","-307.92","-278.31","-286.65","-8.34","-3","21.27","6.91","-5.02","-1.78"
"GCZZ","China","Raw Materials & COGS","43111110","MCOS-Salaries (FC)","-274.33","-278.55","-303.51","-307.59","-329.25","-21.66","-7.04","-25.74","-8.48","-50.7","-18.2"
"GCZZ","China","Raw Materials & COGS","43111310","MCOS-Overtime Fixed Cost (FC)","0","0","0","0","0","0","0","0","0","0","0"
"GCZZ","China","Raw Materials & COGS","43112000","MCOS-Personnel Allowances (FC)","-65.86","-64.16","-114","-119.08","-120.04","-0.96","-0.81","-6.04","-5.3","-55.88","-87.09"
"GCZZ","China","Raw Materials & COGS","43113000","MCOS-Social Benefits (FC)","-103.84","-110.6","-116.42","-157.77","-197.06","-39.29","-24.9","-80.64","-69.27","-86.46","-78.17"
"GCZZ","China","Raw Materials & COGS","43114000","MCOS-Employee Training (FC)","-0.87","-0.5","-5.87","-6.24","-6.41","-0.17","-2.72","-0.54","-9.2","-5.91","-1182"
"GCZZ","China","Raw Materials & COGS","43120000","MCOS-Travel and Entertainment (FC)","-8.86","-11.76","-13.7","-13.19","-15.91","-2.72","-20.62","-2.21","-16.13","-4.15","-35.29"
"GCZZ","China","Raw Materials & COGS","43130000","MCOS-Rent and utilities","-861.11","-925.69","-969.55","-916.96","-1008.67","-91.71","-10","-39.12","-4.03","-82.98","-8.96"
"GCZZ","China","Raw Materials & COGS","43133110","MCOS-Fuel and Gas (VC)","-198.75","-338.62","-367.61","-267.94","-289.99","-22.05","-8.23","77.62","21.11","48.63","14.36"
"GCZZ","China","Raw Materials & COGS","43133120","MCOS-Power, Light and Water (VC)","-444.54","-449.48","-484.17","-469.9","-517.23","-47.33","-10.07","-33.06","-6.83","-67.75","-15.07"
"GCZZ","China","Raw Materials & COGS","43133300","MCOS-Utilities Others (VC)","-9.98","-12.21","-10.64","-3.11","-8.74","-5.63","-181.03","1.9","17.86","3.47","28.42"
"GCZZ","China","Raw Materials & COGS","43131000","MCOS-Rental Expense Under Operating Lease (FC)","13.22","0","0","0","0","0","0","0","0","0","0"
"GCZZ","China","Raw Materials & COGS","43133200","MCOS-Repair and Maintenance (FC)","-221.06","-125.38","-107.13","-176.02","-192.71","-16.69","-9.48","-85.58","-79.88","-67.33","-53.7"
"GCZZ","China","Raw Materials & COGS","43140000","MCOS-Leasing Charges (FC)","0","0","0","0","0","0","0","0","0","0","0"
"GCZZ","China","Raw Materials & COGS","43150000","MCOS-Office and Communication (VC)","-8.73","-5.57","-6.5","-6.05","-7.01","-0.96","-15.87","-0.51","-7.85","-1.44","-25.85"
"GCZZ","China","Raw Materials & COGS","43160000","MCOS-Advertising and Promotion (FC)","0","0","0","0","0","0","0","0","0","0","0"
"GCZZ","China","Raw Materials & COGS","43170000","MCOS-Delivery Expenses (VC)","0","0","0","0","0","0","0","0","0","0","0"
"GCZZ","China","Raw Materials & COGS","43180000","MCOS-Insurance Expenses (FC)","0","0","0","0","0","0","0","0","0","0","0"
"GCZZ","China","Raw Materials & COGS","43190000","MCOS-Professional Fees (FC)","-5.58","-4.75","-3.9","-1.06","-1.1","-0.04","-3.77","2.8","71.79","3.65","76.84"
"GCZZ","China","Raw Materials & COGS","43200000","MCOS-Allocated Income_Expense IC (FC)","0","0","0","-0.07","0","0.07","100","0","0","0","0"
"GCZZ","China","Raw Materials & COGS","43210000","MCOS-Other Operating (Income)_Expense","-14.8","-11.71","-14.86","-21.19","-22.05","-0.86","-4.06","-7.19","-48.38","-10.34","-88.3"
"GCZZ","China","Raw Materials & COGS","43211000","MCOS-(Income)","0","0","0","0","0","0","0","0","0","0","0"
"GCZZ","China","Raw Materials & COGS","43212100","MCOS-Bank Charges (FC)","0","0","0","0","0","0","0","0","0","0","0"
"GCZZ","China","Raw Materials & COGS","43212200","MCOS-Production Supplies (VC)","0","0","0","0","0","0","0","0","0","0","0"
"GCZZ","China","Raw Materials & COGS","43212300","MCOS-Security and Janitorial Services (FC)","0","0","0","0","0","0","0","0","0","0","0"
"GCZZ","China","Raw Materials & COGS","43212400","MCOS-Recruitment Expenses (FC)","0","0","0","0","0","0","0","0","0","0","0"
"GCZZ","China","Raw Materials & COGS","43212500","MCOS-Unmatched Professional fees PLUG IC (FC)","0","0","0","0","0","0","0","0","0","0","0"
"GCZZ","China","Raw Materials & COGS","43212610","MCOS-Analysis_testing fee (FC)","-0.23","-1.59","-0.93","-3.54","-4.19","-0.65","-18.36","-3.26","-350.54","-2.6","-163.52"
"GCZZ","China","Raw Materials & COGS","43212620","MCOS-Other taxes (Non-corp. tax) (FC)","0","0","0","0","0","0","0","0","0","0","0"
"GCZZ","China","Raw Materials & COGS","43212630","MCOS-HSE expenses (FC)","-12.38","-9.7","-13.29","-15.86","-17.56","-1.7","-10.72","-4.27","-32.13","-7.86","-81.03"
"GCZZ","China","Raw Materials & COGS","43212640","MCOS-Others (FC)","-2.19","-0.42","-0.65","-1.79","-0.3","1.49","83.24","0.35","53.85","0.12","28.57"
"GCZZ","China","Raw Materials & COGS","43212650","MCOS-Toll Manufacturing (FC)","0","0","0","0","0","0","0","0","0","0","0"
"GCZZ","China","Raw Materials & COGS","43212660","MCOS-R&D (FC)","0","0","0","0","0","0","0","0","0","0","0"
"GCZZ","China","Raw Materials & COGS","43212700","MCOS-Unmatched Insurance Expenses PLUG IC (FC)","0","0","0","0","0","0","0","0","0","0","0"
"GCZZ","China","Raw Materials & COGS","43212800","MCOS-Unmatched Rental Expenses PLUG IC (FC)","0","0","0","0","0","0","0","0","0","0","0"
"GCZZ","China","Raw Materials & COGS","43212900","MCOS-Pest Control (FC)","0","0","0","0","0","0","0","0","0","0","0"
"GCZZ","China","Raw Materials & COGS","43220000","MCOS-Lease payment (of Financing Co_Div.) (FC)","0","0","0","0","0","0","0","0","0","0","0"
"GCZZ","China","Raw Materials & COGS","43230000","MCOS-Shared Service Cost (FC)","0","0","0","0","0","0","0","0","0","0","0"
"GCZZ","China","Raw Materials & COGS","43240000","MCOS-Inventory write-offs (FC)","0","0","0","0","0","0","0","0","0","0","0"
"GCZZ","China","Raw Materials & COGS","43250000","MCOS-Depreciation-PPE (FC)","-397.86","-321.28","-368.33","-318.44","-379.66","-61.22","-19.22","-11.33","-3.08","-58.38","-18.17"
"GCZZ","China","Raw Materials & COGS","43350000","MCOS-Depreciation-ROU Asset (PLP) (FC)","-18.41","-18.37","-18.5","-19.4","-20.19","-0.79","-4.07","-1.69","-9.14","-1.82","-9.91"
"GCZZ","China","Raw Materials & COGS","43410000","MCOS-Allocated Income_Expense TP","0","0","0","0","0","0","0","0","0","0","0"
"GCZZ","China","Raw Materials & COGS","43400000","MCOS-Inventory Provision","0","0","0","0","0","0","0","0","0","0","0"
"GCZZ","China","Raw Materials & COGS","44000000","STANDARD MCOS","21.27","26.53","0","14.52","0","-14.52","-100","0","0","-26.53","-100"
"GCZZ","China","Raw Materials & COGS","44100000","MCOS-Standard-Variable","0","0","0","0","0","0","0","0","0","0","0"
"GCZZ","China","Raw Materials & COGS","44100100","MCOS- Labour @ Std - VC","0","0","0","0","0","0","0","0","0","0","0"
"GCZZ","China","Raw Materials & COGS","44100200","MCOS-Fuel & Electricity @ Std- VC","0","0","0","0","0","0","0","0","0","0","0"
"GCZZ","China","Raw Materials & COGS","44100300","MCOS-Maintenance @ Std - VC","0","0","0","0","0","0","0","0","0","0","0"
"GCZZ","China","Raw Materials & COGS","44200000","MCOS-Standard-Fixed","0","0","0","0","0","0","0","0","0","0","0"
"GCZZ","China","Raw Materials & COGS","44200100","MCOS- Rent @ Std- FC","0","0","0","0","0","0","0","0","0","0","0"
"GCZZ","China","Raw Materials & COGS","44200200","MCOS-Depreciation @ Std - FC","0","0","0","0","0","0","0","0","0","0","0"
"GCZZ","China","Raw Materials & COGS","44200300","MCOS-Others @ Std - FC","0","0","0","0","0","0","0","0","0","0","0"
"GCZZ","China","Raw Materials & COGS","44310000","MCOS-Standard Absorption Cost - Variable","16.21","20.4","0","11.3","0","-11.3","-100","0","0","-20.4","-100"
"GCZZ","China","Raw Materials & COGS","44311000","MCOS-Standard Absorption Labour - VC","8.66","10.55","0","5.62","0","-5.62","-100","0","0","-10.55","-100"
"GCZZ","China","Raw Materials & COGS","44312000","MCOS-Standard Absorption Fuel & Electricity - VC","4.91","6.85","0","3.94","0","-3.94","-100","0","0","-6.85","-100"
"GCZZ","China","Raw Materials & COGS","44313000","MCOS-Standard Absorption Maintenance - VC","2.64","3","0","1.74","0","-1.74","-100","0","0","-3","-100"
"GCZZ","China","Raw Materials & COGS","44320000","MCOS-Standard Absorption Cost - Fixed","5.06","6.13","0","3.22","0","-3.22","-100","0","0","-6.13","-100"
"GCZZ","China","Raw Materials & COGS","44321000","MCOS-Standard Absorption Rent - FC","0","0","0","0","0","0","0","0","0","0","0"
"GCZZ","China","Raw Materials & COGS","44322000","MCOS-Standard Absorption Depreciation - FC","3.65","4.41","0","2.32","0","-2.32","-100","0","0","-4.41","-100"
"GCZZ","China","Raw Materials & COGS","44323000","MCOS-Standard Absorption Others - FC","1.41","1.72","0","0.9","0","-0.9","-100","0","0","-1.72","-100"
"GCZZ","China","Raw Materials & COGS","","Total MCOS","-2341.52","-2347.62","-2532.37","-2439.54","-2714.32","-274.78","-11.26","-181.95","-7.18","-366.7","-15.62"
"GCZZ","China","Total MCOS & COGS","45000000","Total COGS (where applicable incl IC)","-47248.53","-49738.46","-53140.69","-49663.66","-53293.32","-3629.66","-7.31","-152.63","-0.29","-3554.86","-7.15"
"GCZZ","China","General","-4.93685092806118E-11","","0","0","0","0","0","0","0","0","0","0","0"
"GCZZ","China","Raw Materials & COGS","","MCOS-Personnel Expenses (VC)","0","0","0","0","0","0","0","0","0","0","0"
"GCZZ","China","Raw Materials & COGS","","MCOS-Rent and utilities (VC)","0","0","0","0","0","0","0","0","0","0","0"
"GCZZ","China","Raw Materials & COGS","","MCOS-Office and Communication (VC)","0","0","0","0","0","0","0","0","0","0","0"
"GCZZ","China","Raw Materials & COGS","","MCOS-Delivery Expenses (VC)","0","0","0","0","0","0","0","0","0","0","0"
"GCZZ","China","Raw Materials & COGS","","MCOS-Other Operating (Income)_Expense (VC)","0","0","0","0","0","0","0","0","0","0","0"
"GCZZ","China","Raw Materials & COGS","","MCOS- Labour (Standard MCOS) - VC","0","0","0","0","0","0","0","0","0","0","0"
"GCZZ","China","Raw Materials & COGS","","MCOS-Fuel & Electricity (Standard MCOS) - VC","0","0","0","0","0","0","0","0","0","0","0"
"GCZZ","China","Raw Materials & COGS","","MCOS-Maintenance (Standard MCOS) - VC","0","0","0","0","0","0","0","0","0","0","0"
"GCZZ","China","Volume","","VARIABLE COST | MT","0","0","0","0","0","0","0","0","0","0","0"
"GCZZ","China","Raw Materials & COGS","","MCOS-Personnel Expenses (FC)","0","0","0","0","0","0","0","0","0","0","0"
"GCZZ","China","Raw Materials & COGS","","MCOS-Travel and Entertainment (FC)","0","0","0","0","0","0","0","0","0","0","0"
"GCZZ","China","Raw Materials & COGS","","MCOS-Rent and utilities (FC)","0","0","0","0","0","0","0","0","0","0","0"
"GCZZ","China","Raw Materials & COGS","","MCOS-Leasing Charges (FC)","0","0","0","0","0","0","0","0","0","0","0"
"GCZZ","China","Raw Materials & COGS","","MCOS-Advertising and Promotion (FC)","0","0","0","0","0","0","0","0","0","0","0"
"GCZZ","China","Raw Materials & COGS","","MCOS-Insurance Expenses (FC)","0","0","0","0","0","0","0","0","0","0","0"
"GCZZ","China","Raw Materials & COGS","","MCOS-Professional Fees (FC)","0","0","0","0","0","0","0","0","0","0","0"
"GCZZ","China","Raw Materials & COGS","","MCOS-Allocated Income_Expense IC (FC)","0","0","0","0","0","0","0","0","0","0","0"
"GCZZ","China","Raw Materials & COGS","","MCOS-Other Operating (Income)_Expense (FC)","0","0","0","0","0","0","0","0","0","0","0"
"GCZZ","China","Raw Materials & COGS","","MCOS-Lease payment (of Financing Co_Div.) (FC)","0","0","0","0","0","0","0","0","0","0","0"
"GCZZ","China","Raw Materials & COGS","","MCOS-Shared Service Cost (FC)","0","0","0","0","0","0","0","0","0","0","0"
"GCZZ","China","Raw Materials & COGS","","MCOS-Inventory write-offs (FC)","0","0","0","0","0","0","0","0","0","0","0"
"GCZZ","China","Raw Materials & COGS","","MCOS-Depreciation-PPE (FC)","0","0","0","0","0","0","0","0","0","0","0"
"GCZZ","China","Raw Materials & COGS","","MCOS-Depreciation-ROU Asset (PLP) (FC)","0","0","0","0","0","0","0","0","0","0","0"
"GCZZ","China","Raw Materials & COGS","","MCOS- Rent (Standard MCOS) - (FC)","0","0","0","0","0","0","0","0","0","0","0"
"GCZZ","China","Raw Materials & COGS","","MCOS- Depreciation (Standard MCOS) - (FC)","0","0","0","0","0","0","0","0","0","0","0"
"GCZZ","China","Raw Materials & COGS","","MCOS-Others (Standard MCOS) - (VC)","0","0","0","0","0","0","0","0","0","0","0"
"GCZZ","China","Volume","","FIXED COST | MT","0","0","0","0","0","0","0","0","0","0","0"
"GCZZ","China","Headcount","HR_TL","Total Technical HC (incl QA/QC, Formulator, Lab etc)","0","0","0","0","0","0","0","0","0","0","0"
"GCZZ","China","Headcount","HR_OP","Total Operations HC (incl warehousing, weighbridge)","0","0","0","0","0","0","0","0","0","0","0"
"GCZZ","China","Headcount","","Total 'Production Related' HC","0","0","0","0","0","0","0","0","0","0","0"
"GCZZ","China","Revenue","HR_SA","Total Sales Head Count","0.02","0.02","0.02","0.02","0.02","0","0","0","0","0","0"
"GCZZ","China","Headcount","HR_SP","Total Support Head Count","0","0","0","0","0","0","0","0","0","0","0"
"GCZZ","China","Headcount","HR_TOTAL","Total Head Count (Closing balance)","0","0","0","0","0","0","0","0","0","0","0"
"GCZZ","China","KPIs","","IOIC (only TP + RC)","6439.54","5806.85","6313.71","5942.39","6687.22","744.83","12.53","373.51","5.92","880.37","15.16"
"GCZZ","China","Revenue","50000000","Gross Operating Revenue","4098.02","3459.22","3781.35","3516.99","3972.9","455.91","12.96","191.55","5.07","513.68","14.85"
"GCZZ","China","Revenue","","GOR %","0.06","0.07","0.07","0.07","0.07","0","0","0","0","0","0"
"GCZZ","China","Raw Materials & COGS","43251000","MCOS-Depreciation-Leasehold Improvements PPE","0","0","0","0","0","0","0","0","0","0","0"
"GCZZ","China","Raw Materials & COGS","43252000","MCOS-Depreciation-Motor Vehicles PPE","0","0","0","0","0","0","0","0","0","0","0"
"GCZZ","China","Raw Materials & COGS","43253000","MCOS-Depreciation-Computer Equipment PPE","-7.4","-6.47","-5.82","-5.38","-4.15","1.23","22.86","1.67","28.69","2.32","35.86"
"GCZZ","China","Raw Materials & COGS","43254000","MCOS-Depreciation-Furniture and Fixtures PPE","-10.64","-10.99","-2.43","-5.53","-2.73","2.8","50.63","-0.3","-12.35","8.26","75.16"
"GCZZ","China","Raw Materials & COGS","43255000","MCOS-Depreciation-Others PPE","0","0","0","0","0","0","0","0","0","0","0"
"GCZZ","China","Raw Materials & COGS","43256000","MCOS-Depreciation-Land PPE","0","0","0","0","0","0","0","0","0","0","0"
"GCZZ","China","Raw Materials & COGS","43257000","MCOS-Depreciation-Buildings PPE","-93.95","-53.73","-118.33","-69.93","-131.28","-61.35","-87.73","-12.95","-10.94","-77.55","-144.33"
"GCZZ","China","Raw Materials & COGS","43258000","MCOS-Depreciation-Construction in progress PPE","0","0","0","0","0","0","0","0","0","0","0"
"GCZZ","China","Raw Materials & COGS","43259000","MCOS-Depreciation-Machinery and Equipment PPE","-285.87","-250.09","-241.75","-237.59","-241.5","-3.91","-1.65","0.25","0.1","8.59","3.43"
"GCZZ","China","Raw Materials & COGS","43260000","MCOS-Depreciation-ERP PPE","0","0","0","0","0","0","0","0","0","0","0"
"GCZZ","China","Raw Materials & COGS","43360000","MCOS-Depreciation-ERP ROU Asset (PLP)","0","0","0","0","0","0","0","0","0","0","0"
"GCZZ","China","Raw Materials & COGS","43350000","MCOS-Depreciation-ROU Asset (PLP)","-18.41","-18.37","-18.5","-19.4","-20.19","-0.79","-4.07","-1.69","-9.14","-1.82","-9.91"
"GCZZ","China","Raw Materials & COGS","","Total MCOS - Depreciation","-416.27","-339.66","-386.83","-337.84","-399.86","-62.02","-18.36","-13.03","-3.37","-60.2","-17.72"
"Sri Lanka","Sri Lanka","Volume","Unit Sales - TP_Feed","Unit Sales - TP (Feed)","-25761915108","-25761915108","-25761915108","-25761915108","-25761915108","0","0","0","0","0","0"
"Sri Lanka","Sri Lanka","Volume","Unit Sales - IC_Feed","Unit Sales - IC (Feed)","-25761915108","-25761915108","-25761915108","-25761915108","-25761915108","0","0","0","0","0","0"
"Sri Lanka","Sri Lanka","Volume","Unit Sales - RC_Feed","Unit Sales - RC (Feed)","-25761915108","-25761915108","-25761915108","-25761915108","-25761915108","0","0","0","0","0","0"
"Sri Lanka","Sri Lanka","Volume","Total Unit Sales_Feed","Total Unit Sales (Feed)","-25761915108","-25761915108","-25761915108","-25761915108","-25761915108","0","0","0","0","0","0"
"Sri Lanka","Sri Lanka","Volume","Unit Sales - TP_CT","Unit Sales - TP (CT)","-25761915108","-25761915108","-25761915108","-25761915108","-25761915108","0","0","0","0","0","0"
"Sri Lanka","Sri Lanka","Volume","Unit Sales - RC_CT","Unit Sales - RC (CT)","-25761915108","-25761915108","-25761915108","-25761915108","-25761915108","0","0","0","0","0","0"
"Sri Lanka","Sri Lanka","Volume","Unit Sales - TP_DOC","Unit Sales - TP (DOC)","-25761915108","-25761915108","-25761915108","-25761915108","-25761915108","0","0","0","0","0","0"
"Sri Lanka","Sri Lanka","Volume","","Total Volumes (MT) Feed + CT (TP +RC)","-25761915108","-25761915108","-25761915108","-25761915108","-25761915108","0","0","0","0","0","0"
"Sri Lanka","Sri Lanka","Volume","","Total Volumes (MT) - Feed only","-25761915108","-25761915108","-25761915108","-25761915108","-25761915108","0","0","0","0","0","0"
"Sri Lanka","Sri Lanka","Revenue","41011000","Gross Sales TP","-25761915108","-25761915108","-25761915108","-25761915108","-25761915108","0","0","0","0","0","0"
"Sri Lanka","Sri Lanka","Revenue","41012200","Gross Sales RC","-25761915108","-25761915108","-25761915108","-25761915108","-25761915108","0","0","0","0","0","0"
"Sri Lanka","Sri Lanka","Revenue","41021000","Concession TP","-25761915108","-25761915108","-25761915108","-25761915108","-25761915108","0","0","0","0","0","0"
"Sri Lanka","Sri Lanka","Revenue","41022500","Concession RC","-25761915108","-25761915108","-25761915108","-25761915108","-25761915108","0","0","0","0","0","0"
"Sri Lanka","Sri Lanka","Revenue","Net Sales TP","Net Sales TP","-25761915108","-25761915108","-25761915108","-25761915108","-25761915108","0","0","0","0","0","0"
"Sri Lanka","Sri Lanka","Revenue","Net Sales RC","Net Sales RC","-25761915108","-25761915108","-25761915108","-25761915108","-25761915108","0","0","0","0","0","0"
"Sri Lanka","Sri Lanka","Revenue","","Total Net Sales (TP + RC)","-25761915108","-25761915108","-25761915108","-25761915108","-25761915108","0","0","0","0","0","0"
"Sri Lanka","Sri Lanka","Revenue","Net Sales IC","Net Sales IC","-25761915108","-25761915108","-25761915108","-25761915108","-25761915108","0","0","0","0","0","0"
"Sri Lanka","Sri Lanka","Revenue","","Total Net Sales (incl IC)","-25761915108","-25761915108","-25761915108","-25761915108","-25761915108","0","0","0","0","0","0"
"Sri Lanka","Sri Lanka","Raw Materials & COGS","42210000","Material Cost","-25761915108","-25761915108","-25761915108","-25761915108","-25761915108","0","0","0","0","0","0"
"Sri Lanka","Sri Lanka","Raw Materials & COGS","42211000","Raw Material COS","-25761915108","-25761915108","-25761915108","-25761915108","-25761915108","0","0","0","0","0","0"
"Sri Lanka","Sri Lanka","Raw Materials & COGS","42212000","Packing Material COS","-25761915108","-25761915108","-25761915108","-25761915108","-25761915108","0","0","0","0","0","0"
"Sri Lanka","Sri Lanka","Raw Materials & COGS","42213000","Finished Goods/Direct Purchase COS","-25761915108","-25761915108","-25761915108","-25761915108","-25761915108","0","0","0","0","0","0"
"Sri Lanka","Sri Lanka","General","42214000","Provision for Stock Adjustment","-25761915108","-25761915108","-25761915108","-25761915108","-25761915108","0","0","0","0","0","0"
"Sri Lanka","Sri Lanka","Raw Materials & COGS","42215000","Exchange Differece COS","-25761915108","-25761915108","-25761915108","-25761915108","-25761915108","0","0","0","0","0","0"
"Sri Lanka","Sri Lanka","Revenue","42216000","Sales Of Raw and Packing materials","-25761915108","-25761915108","-25761915108","-25761915108","-25761915108","0","0","0","0","0","0"
"Sri Lanka","Sri Lanka","Raw Materials & COGS","42217000","Modified Direct purchase COS","-25761915108","-25761915108","-25761915108","-25761915108","-25761915108","0","0","0","0","0","0"
"Sri Lanka","Sri Lanka","Raw Materials & COGS","42218000","Physical Inventory Loss","-25761915108","-25761915108","-25761915108","-25761915108","-25761915108","0","0","0","0","0","0"
"Sri Lanka","Sri Lanka","Raw Materials & COGS","42219000","Production yield_usage variance","-25761915108","-25761915108","-25761915108","-25761915108","-25761915108","0","0","0","0","0","0"
"Sri Lanka","Sri Lanka","Raw Materials & COGS","42230000","Consignment COS","-25761915108","-25761915108","-25761915108","-25761915108","-25761915108","0","0","0","0","0","0"
"Sri Lanka","Sri Lanka","Raw Materials & COGS","42250000","COS IC","-25761915108","-25761915108","-25761915108","-25761915108","-25761915108","0","0","0","0","0","0"
"Sri Lanka","Sri Lanka","Revenue","42260000","Cost of sales IC Elimination","-25761915108","-25761915108","-25761915108","-25761915108","-25761915108","0","0","0","0","0","0"
"Sri Lanka","Sri Lanka","Raw Materials & COGS","42270000","COS RC","-25761915108","-25761915108","-25761915108","-25761915108","-25761915108","0","0","0","0","0","0"
"Sri Lanka","Sri Lanka","Raw Materials & COGS","48000000","Cost of Services","-25761915108","-25761915108","-25761915108","-25761915108","-25761915108","0","0","0","0","0","0"
"Sri Lanka","Sri Lanka","Raw Materials & COGS","","Total Raw Materials Costs","-25761915108","-25761915108","-25761915108","-25761915108","-25761915108","0","0","0","0","0","0"
"Sri Lanka","Sri Lanka","Raw Materials & COGS","43000000","ACTUAL MCOS","-25761915108","-25761915108","-25761915108","-25761915108","-25761915108","0","0","0","0","0","0"
"Sri Lanka","Sri Lanka","Raw Materials & COGS","43110000","MCOS-Personnel Expenses","-25761915108","-25761915108","-25761915108","-25761915108","-25761915108","0","0","0","0","0","0"
"Sri Lanka","Sri Lanka","Raw Materials & COGS","43116000","MCOS-Transportation Expenses (VC)","-25761915108","-25761915108","-25761915108","-25761915108","-25761915108","0","0","0","0","0","0"
"Sri Lanka","Sri Lanka","Raw Materials & COGS","43115000","MCOS-Contractual Employees & Others (VC)","-25761915108","-25761915108","-25761915108","-25761915108","-25761915108","0","0","0","0","0","0"
"Sri Lanka","Sri Lanka","Raw Materials & COGS","43111120","MCOS-Contract staff (VC)","-25761915108","-25761915108","-25761915108","-25761915108","-25761915108","0","0","0","0","0","0"
"Sri Lanka","Sri Lanka","Raw Materials & COGS","43111130","MCOS-Contractual bonus (VC)","-25761915108","-25761915108","-25761915108","-25761915108","-25761915108","0","0","0","0","0","0"
"Sri Lanka","Sri Lanka","Raw Materials & COGS","43111140","MCOS-Commission (VC)","-25761915108","-25761915108","-25761915108","-25761915108","-25761915108","0","0","0","0","0","0"
"Sri Lanka","Sri Lanka","Raw Materials & COGS","43111200","MCOS-Discretionary Bonus (VC)","-25761915108","-25761915108","-25761915108","-25761915108","-25761915108","0","0","0","0","0","0"
"Sri Lanka","Sri Lanka","Raw Materials & COGS","43111320","MCOS-Overtime Variable Cost (VC)","-25761915108","-25761915108","-25761915108","-25761915108","-25761915108","0","0","0","0","0","0"
"Sri Lanka","Sri Lanka","Raw Materials & COGS","43111110","MCOS-Salaries (FC)","-25761915108","-25761915108","-25761915108","-25761915108","-25761915108","0","0","0","0","0","0"
"Sri Lanka","Sri Lanka","Raw Materials & COGS","43111310","MCOS-Overtime Fixed Cost (FC)","-25761915108","-25761915108","-25761915108","-25761915108","-25761915108","0","0","0","0","0","0"
"Sri Lanka","Sri Lanka","Raw Materials & COGS","43112000","MCOS-Personnel Allowances (FC)","-25761915108","-25761915108","-25761915108","-25761915108","-25761915108","0","0","0","0","0","0"
"Sri Lanka","Sri Lanka","Raw Materials & COGS","43113000","MCOS-Social Benefits (FC)","-25761915108","-25761915108","-25761915108","-25761915108","-25761915108","0","0","0","0","0","0"
"Sri Lanka","Sri Lanka","Raw Materials & COGS","43114000","MCOS-Employee Training (FC)","-25761915108","-25761915108","-25761915108","-25761915108","-25761915108","0","0","0","0","0","0"
"Sri Lanka","Sri Lanka","Raw Materials & COGS","43120000","MCOS-Travel and Entertainment (FC)","-25761915108","-25761915108","-25761915108","-25761915108","-25761915108","0","0","0","0","0","0"
"Sri Lanka","Sri Lanka","Raw Materials & COGS","43130000","MCOS-Rent and utilities","-25761915108","-25761915108","-25761915108","-25761915108","-25761915108","0","0","0","0","0","0"
"Sri Lanka","Sri Lanka","Raw Materials & COGS","43133110","MCOS-Fuel and Gas (VC)","-25761915108","-25761915108","-25761915108","-25761915108","-25761915108","0","0","0","0","0","0"
"Sri Lanka","Sri Lanka","Raw Materials & COGS","43133120","MCOS-Power, Light and Water (VC)","-25761915108","-25761915108","-25761915108","-25761915108","-25761915108","0","0","0","0","0","0"
"Sri Lanka","Sri Lanka","Raw Materials & COGS","43133300","MCOS-Utilities Others (VC)","-25761915108","-25761915108","-25761915108","-25761915108","-25761915108","0","0","0","0","0","0"
"Sri Lanka","Sri Lanka","Raw Materials & COGS","43131000","MCOS-Rental Expense Under Operating Lease (FC)","-25761915108","-25761915108","-25761915108","-25761915108","-25761915108","0","0","0","0","0","0"
"Sri Lanka","Sri Lanka","Raw Materials & COGS","43133200","MCOS-Repair and Maintenance (FC)","-25761915108","-25761915108","-25761915108","-25761915108","-25761915108","0","0","0","0","0","0"
"Sri Lanka","Sri Lanka","Raw Materials & COGS","43140000","MCOS-Leasing Charges (FC)","-25761915108","-25761915108","-25761915108","-25761915108","-25761915108","0","0","0","0","0","0"
"Sri Lanka","Sri Lanka","Raw Materials & COGS","43150000","MCOS-Office and Communication (VC)","-25761915108","-25761915108","-25761915108","-25761915108","-25761915108","0","0","0","0","0","0"
"Sri Lanka","Sri Lanka","Raw Materials & COGS","43160000","MCOS-Advertising and Promotion (FC)","-25761915108","-25761915108","-25761915108","-25761915108","-25761915108","0","0","0","0","0","0"
"Sri Lanka","Sri Lanka","Raw Materials & COGS","43170000","MCOS-Delivery Expenses (VC)","-25761915108","-25761915108","-25761915108","-25761915108","-25761915108","0","0","0","0","0","0"
"Sri Lanka","Sri Lanka","Raw Materials & COGS","43180000","MCOS-Insurance Expenses (FC)","-25761915108","-25761915108","-25761915108","-25761915108","-25761915108","0","0","0","0","0","0"
"Sri Lanka","Sri Lanka","Raw Materials & COGS","43190000","MCOS-Professional Fees (FC)","-25761915108","-25761915108","-25761915108","-25761915108","-25761915108","0","0","0","0","0","0"
"Sri Lanka","Sri Lanka","Raw Materials & COGS","43200000","MCOS-Allocated Income_Expense IC (FC)","-25761915108","-25761915108","-25761915108","-25761915108","-25761915108","0","0","0","0","0","0"
"Sri Lanka","Sri Lanka","Raw Materials & COGS","43210000","MCOS-Other Operating (Income)_Expense","-25761915108","-25761915108","-25761915108","-25761915108","-25761915108","0","0","0","0","0","0"
"Sri Lanka","Sri Lanka","Raw Materials & COGS","43211000","MCOS-(Income)","-25761915108","-25761915108","-25761915108","-25761915108","-25761915108","0","0","0","0","0","0"
"Sri Lanka","Sri Lanka","Raw Materials & COGS","43212100","MCOS-Bank Charges (FC)","-25761915108","-25761915108","-25761915108","-25761915108","-25761915108","0","0","0","0","0","0"
"Sri Lanka","Sri Lanka","Raw Materials & COGS","43212200","MCOS-Production Supplies (VC)","-25761915108","-25761915108","-25761915108","-25761915108","-25761915108","0","0","0","0","0","0"
"Sri Lanka","Sri Lanka","Raw Materials & COGS","43212300","MCOS-Security and Janitorial Services (FC)","-25761915108","-25761915108","-25761915108","-25761915108","-25761915108","0","0","0","0","0","0"
"Sri Lanka","Sri Lanka","Raw Materials & COGS","43212400","MCOS-Recruitment Expenses (FC)","-25761915108","-25761915108","-25761915108","-25761915108","-25761915108","0","0","0","0","0","0"
"Sri Lanka","Sri Lanka","Raw Materials & COGS","43212500","MCOS-Unmatched Professional fees PLUG IC (FC)","-25761915108","-25761915108","-25761915108","-25761915108","-25761915108","0","0","0","0","0","0"
"Sri Lanka","Sri Lanka","Raw Materials & COGS","43212610","MCOS-Analysis_testing fee (FC)","-25761915108","-25761915108","-25761915108","-25761915108","-25761915108","0","0","0","0","0","0"
"Sri Lanka","Sri Lanka","Raw Materials & COGS","43212620","MCOS-Other taxes (Non-corp. tax) (FC)","-25761915108","-25761915108","-25761915108","-25761915108","-25761915108","0","0","0","0","0","0"
"Sri Lanka","Sri Lanka","Raw Materials & COGS","43212630","MCOS-HSE expenses (FC)","-25761915108","-25761915108","-25761915108","-25761915108","-25761915108","0","0","0","0","0","0"
"Sri Lanka","Sri Lanka","Raw Materials & COGS","43212640","MCOS-Others (FC)","-25761915108","-25761915108","-25761915108","-25761915108","-25761915108","0","0","0","0","0","0"
"Sri Lanka","Sri Lanka","Raw Materials & COGS","43212650","MCOS-Toll Manufacturing (FC)","-25761915108","-25761915108","-25761915108","-25761915108","-25761915108","0","0","0","0","0","0"
"Sri Lanka","Sri Lanka","Raw Materials & COGS","43212660","MCOS-R&D (FC)","-25761915108","-25761915108","-25761915108","-25761915108","-25761915108","0","0","0","0","0","0"
"Sri Lanka","Sri Lanka","Raw Materials & COGS","43212700","MCOS-Unmatched Insurance Expenses PLUG IC (FC)","-25761915108","-25761915108","-25761915108","-25761915108","-25761915108","0","0","0","0","0","0"
"Sri Lanka","Sri Lanka","Raw Materials & COGS","43212800","MCOS-Unmatched Rental Expenses PLUG IC (FC)","-25761915108","-25761915108","-25761915108","-25761915108","-25761915108","0","0","0","0","0","0"
"Sri Lanka","Sri Lanka","Raw Materials & COGS","43212900","MCOS-Pest Control (FC)","-25761915108","-25761915108","-25761915108","-25761915108","-25761915108","0","0","0","0","0","0"
"Sri Lanka","Sri Lanka","Raw Materials & COGS","43220000","MCOS-Lease payment (of Financing Co_Div.) (FC)","-25761915108","-25761915108","-25761915108","-25761915108","-25761915108","0","0","0","0","0","0"
"Sri Lanka","Sri Lanka","Raw Materials & COGS","43230000","MCOS-Shared Service Cost (FC)","-25761915108","-25761915108","-25761915108","-25761915108","-25761915108","0","0","0","0","0","0"
"Sri Lanka","Sri Lanka","Raw Materials & COGS","43240000","MCOS-Inventory write-offs (FC)","-25761915108","-25761915108","-25761915108","-25761915108","-25761915108","0","0","0","0","0","0"
"Sri Lanka","Sri Lanka","Raw Materials & COGS","43250000","MCOS-Depreciation-PPE (FC)","-25761915108","-25761915108","-25761915108","-25761915108","-25761915108","0","0","0","0","0","0"
"Sri Lanka","Sri Lanka","Raw Materials & COGS","43350000","MCOS-Depreciation-ROU Asset (PLP) (FC)","-25761915108","-25761915108","-25761915108","-25761915108","-25761915108","0","0","0","0","0","0"
"Sri Lanka","Sri Lanka","Raw Materials & COGS","43410000","MCOS-Allocated Income_Expense TP","-25761915108","-25761915108","-25761915108","-25761915108","-25761915108","0","0","0","0","0","0"
"Sri Lanka","Sri Lanka","Raw Materials & COGS","43400000","MCOS-Inventory Provision","-25761915108","-25761915108","-25761915108","-25761915108","-25761915108","0","0","0","0","0","0"
"Sri Lanka","Sri Lanka","Raw Materials & COGS","44000000","STANDARD MCOS","-25761915108","-25761915108","-25761915108","-25761915108","-25761915108","0","0","0","0","0","0"
"Sri Lanka","Sri Lanka","Raw Materials & COGS","44100000","MCOS-Standard-Variable","-25761915108","-25761915108","-25761915108","-25761915108","-25761915108","0","0","0","0","0","0"
"Sri Lanka","Sri Lanka","Raw Materials & COGS","44100100","MCOS- Labour @ Std - VC","-25761915108","-25761915108","-25761915108","-25761915108","-25761915108","0","0","0","0","0","0"
"Sri Lanka","Sri Lanka","Raw Materials & COGS","44100200","MCOS-Fuel & Electricity @ Std- VC","-25761915108","-25761915108","-25761915108","-25761915108","-25761915108","0","0","0","0","0","0"
"Sri Lanka","Sri Lanka","Raw Materials & COGS","44100300","MCOS-Maintenance @ Std - VC","-25761915108","-25761915108","-25761915108","-25761915108","-25761915108","0","0","0","0","0","0"
"Sri Lanka","Sri Lanka","Raw Materials & COGS","44200000","MCOS-Standard-Fixed","-25761915108","-25761915108","-25761915108","-25761915108","-25761915108","0","0","0","0","0","0"
"Sri Lanka","Sri Lanka","Raw Materials & COGS","44200100","MCOS- Rent @ Std- FC","-25761915108","-25761915108","-25761915108","-25761915108","-25761915108","0","0","0","0","0","0"
"Sri Lanka","Sri Lanka","Raw Materials & COGS","44200200","MCOS-Depreciation @ Std - FC","-25761915108","-25761915108","-25761915108","-25761915108","-25761915108","0","0","0","0","0","0"
"Sri Lanka","Sri Lanka","Raw Materials & COGS","44200300","MCOS-Others @ Std - FC","-25761915108","-25761915108","-25761915108","-25761915108","-25761915108","0","0","0","0","0","0"
"Sri Lanka","Sri Lanka","Raw Materials & COGS","44310000","MCOS-Standard Absorption Cost - Variable","-25761915108","-25761915108","-25761915108","-25761915108","-25761915108","0","0","0","0","0","0"
"Sri Lanka","Sri Lanka","Raw Materials & COGS","44311000","MCOS-Standard Absorption Labour - VC","-25761915108","-25761915108","-25761915108","-25761915108","-25761915108","0","0","0","0","0","0"
"Sri Lanka","Sri Lanka","Raw Materials & COGS","44312000","MCOS-Standard Absorption Fuel & Electricity - VC","-25761915108","-25761915108","-25761915108","-25761915108","-25761915108","0","0","0","0","0","0"
"Sri Lanka","Sri Lanka","Raw Materials & COGS","44313000","MCOS-Standard Absorption Maintenance - VC","-25761915108","-25761915108","-25761915108","-25761915108","-25761915108","0","0","0","0","0","0"
"Sri Lanka","Sri Lanka","Raw Materials & COGS","44320000","MCOS-Standard Absorption Cost - Fixed","-25761915108","-25761915108","-25761915108","-25761915108","-25761915108","0","0","0","0","0","0"
"Sri Lanka","Sri Lanka","Raw Materials & COGS","44321000","MCOS-Standard Absorption Rent - FC","-25761915108","-25761915108","-25761915108","-25761915108","-25761915108","0","0","0","0","0","0"
"Sri Lanka","Sri Lanka","Raw Materials & COGS","44322000","MCOS-Standard Absorption Depreciation - FC","-25761915108","-25761915108","-25761915108","-25761915108","-25761915108","0","0","0","0","0","0"
"Sri Lanka","Sri Lanka","Raw Materials & COGS","44323000","MCOS-Standard Absorption Others - FC","-25761915108","-25761915108","-25761915108","-25761915108","-25761915108","0","0","0","0","0","0"
"Sri Lanka","Sri Lanka","Raw Materials & COGS","","Total MCOS","-25761915108","-25761915108","-25761915108","-25761915108","-25761915108","0","0","0","0","0","0"
"Sri Lanka","Sri Lanka","Total MCOS & COGS","45000000","Total COGS (where applicable incl IC)","-25761915108","-25761915108","-25761915108","-25761915108","-25761915108","0","0","0","0","0","0"
"Sri Lanka","Sri Lanka","General","-2146826259","","-25761915108","-25761915108","-25761915108","-25761915108","-25761915108","0","0","0","0","0","0"
"Sri Lanka","Sri Lanka","Raw Materials & COGS","","MCOS-Personnel Expenses (VC)","0","0","0","0","0","0","0","0","0","0","0"
"Sri Lanka","Sri Lanka","Raw Materials & COGS","","MCOS-Rent and utilities (VC)","0","0","0","0","0","0","0","0","0","0","0"
"Sri Lanka","Sri Lanka","Raw Materials & COGS","","MCOS-Office and Communication (VC)","0","0","0","0","0","0","0","0","0","0","0"
"Sri Lanka","Sri Lanka","Raw Materials & COGS","","MCOS-Delivery Expenses (VC)","0","0","0","0","0","0","0","0","0","0","0"
"Sri Lanka","Sri Lanka","Raw Materials & COGS","","MCOS-Other Operating (Income)_Expense (VC)","0","0","0","0","0","0","0","0","0","0","0"
"Sri Lanka","Sri Lanka","Raw Materials & COGS","","MCOS- Labour (Standard MCOS) - VC","0","0","0","0","0","0","0","0","0","0","0"
"Sri Lanka","Sri Lanka","Raw Materials & COGS","","MCOS-Fuel & Electricity (Standard MCOS) - VC","0","0","0","0","0","0","0","0","0","0","0"
"Sri Lanka","Sri Lanka","Raw Materials & COGS","","MCOS-Maintenance (Standard MCOS) - VC","0","0","0","0","0","0","0","0","0","0","0"
"Sri Lanka","Sri Lanka","Volume","","VARIABLE COST | MT","0","0","0","0","0","0","0","0","0","0","0"
"Sri Lanka","Sri Lanka","Raw Materials & COGS","","MCOS-Personnel Expenses (FC)","0","0","0","0","0","0","0","0","0","0","0"
"Sri Lanka","Sri Lanka","Raw Materials & COGS","","MCOS-Travel and Entertainment (FC)","0","0","0","0","0","0","0","0","0","0","0"
"Sri Lanka","Sri Lanka","Raw Materials & COGS","","MCOS-Rent and utilities (FC)","0","0","0","0","0","0","0","0","0","0","0"
"Sri Lanka","Sri Lanka","Raw Materials & COGS","","MCOS-Leasing Charges (FC)","0","0","0","0","0","0","0","0","0","0","0"
"Sri Lanka","Sri Lanka","Raw Materials & COGS","","MCOS-Advertising and Promotion (FC)","0","0","0","0","0","0","0","0","0","0","0"
"Sri Lanka","Sri Lanka","Raw Materials & COGS","","MCOS-Insurance Expenses (FC)","0","0","0","0","0","0","0","0","0","0","0"
"Sri Lanka","Sri Lanka","Raw Materials & COGS","","MCOS-Professional Fees (FC)","0","0","0","0","0","0","0","0","0","0","0"
"Sri Lanka","Sri Lanka","Raw Materials & COGS","","MCOS-Allocated Income_Expense IC (FC)","0","0","0","0","0","0","0","0","0","0","0"
"Sri Lanka","Sri Lanka","Raw Materials & COGS","","MCOS-Other Operating (Income)_Expense (FC)","0","0","0","0","0","0","0","0","0","0","0"
"Sri Lanka","Sri Lanka","Raw Materials & COGS","","MCOS-Lease payment (of Financing Co_Div.) (FC)","0","0","0","0","0","0","0","0","0","0","0"
"Sri Lanka","Sri Lanka","Raw Materials & COGS","","MCOS-Shared Service Cost (FC)","0","0","0","0","0","0","0","0","0","0","0"
"Sri Lanka","Sri Lanka","Raw Materials & COGS","","MCOS-Inventory write-offs (FC)","0","0","0","0","0","0","0","0","0","0","0"
"Sri Lanka","Sri Lanka","Raw Materials & COGS","","MCOS-Depreciation-PPE (FC)","0","0","0","0","0","0","0","0","0","0","0"
"Sri Lanka","Sri Lanka","Raw Materials & COGS","","MCOS-Depreciation-ROU Asset (PLP) (FC)","0","0","0","0","0","0","0","0","0","0","0"
"Sri Lanka","Sri Lanka","Raw Materials & COGS","","MCOS- Rent (Standard MCOS) - (FC)","0","0","0","0","0","0","0","0","0","0","0"
"Sri Lanka","Sri Lanka","Raw Materials & COGS","","MCOS- Depreciation (Standard MCOS) - (FC)","0","0","0","0","0","0","0","0","0","0","0"
"Sri Lanka","Sri Lanka","Raw Materials & COGS","","MCOS-Others (Standard MCOS) - (VC)","0","0","0","0","0","0","0","0","0","0","0"
"Sri Lanka","Sri Lanka","Volume","","FIXED COST | MT","0","0","0","0","0","0","0","0","0","0","0"
"Sri Lanka","Sri Lanka","Headcount","HR_TL","Total Technical HC (incl QA/QC, Formulator, Lab etc)","-2146826259","-2146826259","-2146826259","-2146826259","-2146826259","0","0","0","0","0","0"
"Sri Lanka","Sri Lanka","Headcount","HR_OP","Total Operations HC (incl warehousing, weighbridge)","-2146826259","-2146826259","-2146826259","-2146826259","-2146826259","0","0","0","0","0","0"
"Sri Lanka","Sri Lanka","Headcount","","Total 'Production Related' HC","-2146826259","-2146826259","-2146826259","-2146826259","-2146826259","0","0","0","0","0","0"
"Sri Lanka","Sri Lanka","Revenue","HR_SA","Total Sales Head Count","-25761915108","-25761915108","-25761915108","-25761915108","-25761915108","0","0","0","0","0","0"
"Sri Lanka","Sri Lanka","Headcount","HR_SP","Total Support Head Count","-2146826259","-2146826259","-2146826259","-2146826259","-2146826259","0","0","0","0","0","0"
"Sri Lanka","Sri Lanka","Headcount","HR_TOTAL","Total Head Count (Closing balance)","-2146826259","-2146826259","-2146826259","-2146826259","-2146826259","0","0","0","0","0","0"
"Sri Lanka","Sri Lanka","KPIs","","IOIC (only TP + RC)","-25761915108","-25761915108","-25761915108","-25761915108","-25761915108","0","0","0","0","0","0"
"Sri Lanka","Sri Lanka","Revenue","50000000","Gross Operating Revenue","-25761915108","-25761915108","-25761915108","-25761915108","-25761915108","0","0","0","0","0","0"
"Sri Lanka","Sri Lanka","Revenue","","GOR %","-2146826259","-2146826259","-2146826259","-2146826259","-2146826259","0","0","0","0","0","0"
"Sri Lanka","Sri Lanka","General","55000000","Total Operating Expenses","-25761915108","-25761915108","-25761915108","-25761915108","-25761915108","0","0","0","0","0","0"
"Sri Lanka","Sri Lanka","General","51110000","Selling Expenses - Personnel Expenses","-25761915108","-25761915108","-25761915108","-25761915108","-25761915108","0","0","0","0","0","0"
"Sri Lanka","Sri Lanka","General","53110000","Admin Expenses - Personnel Expenses","-25761915108","-25761915108","-25761915108","-25761915108","-25761915108","0","0","0","0","0","0"
"Sri Lanka","Sri Lanka","General","","Personnel Expenses","-25761915108","-25761915108","-25761915108","-25761915108","-25761915108","0","0","0","0","0","0"
"Sri Lanka","Sri Lanka","General","51170000","Selling Expenses-Delivery Expenses","-25761915108","-25761915108","-25761915108","-25761915108","-25761915108","0","0","0","0","0","0"
"Sri Lanka","Sri Lanka","General","53170000","Admin Expenses-Delivery Expenses","-25761915108","-25761915108","-25761915108","-25761915108","-25761915108","0","0","0","0","0","0"
"Sri Lanka","Sri Lanka","General","","Delivery Expenses","-25761915108","-25761915108","-25761915108","-25761915108","-25761915108","0","0","0","0","0","0"
"Sri Lanka","Sri Lanka","General","51130000","Selling Expenses - Rental Expenses","-25761915108","-25761915108","-25761915108","-25761915108","-25761915108","0","0","0","0","0","0"
"Sri Lanka","Sri Lanka","General","53130000","Admin Expenses - Rental Expenses","-25761915108","-25761915108","-25761915108","-25761915108","-25761915108","0","0","0","0","0","0"
"Sri Lanka","Sri Lanka","General","51140000","Selling Expenses - Leasing Charges","-25761915108","-25761915108","-25761915108","-25761915108","-25761915108","0","0","0","0","0","0"
"Sri Lanka","Sri Lanka","General","53140000","Admin Expenses - Leasing Charges","-25761915108","-25761915108","-25761915108","-25761915108","-25761915108","0","0","0","0","0","0"
"Sri Lanka","Sri Lanka","General","","Rental & Maintenance Expenses (include Utilities & Leasing)","-25761915108","-25761915108","-25761915108","-25761915108","-25761915108","0","0","0","0","0","0"
"Sri Lanka","Sri Lanka","General","51120000","Selling Expenses - Travel Expenses","-25761915108","-25761915108","-25761915108","-25761915108","-25761915108","0","0","0","0","0","0"
"Sri Lanka","Sri Lanka","General","53120000","Admin Expenses - Travel Expenses","-25761915108","-25761915108","-25761915108","-25761915108","-25761915108","0","0","0","0","0","0"
"Sri Lanka","Sri Lanka","General","","Travel Expenses","-25761915108","-25761915108","-25761915108","-25761915108","-25761915108","0","0","0","0","0","0"
"Sri Lanka","Sri Lanka","MCOS - Depreciation","51250000","Selling Expenses - Depreciation Expenses","-25761915108","-25761915108","-25761915108","-25761915108","-25761915108","0","0","0","0","0","0"
"GCFD","Vietnam","Volume","Unit Sales - TP_Feed","Unit Sales - TP (Feed)","144792.53","190556.34","178000","217360.5","221000","3639.5","1.67","43000","24.16","30443.66","15.98"
"GCFD","Vietnam","Volume","Unit Sales - IC_Feed","Unit Sales - IC (Feed)","30582.97","8110.02","4200","7800.7","11900","4099.3","52.55","7700","183.33","3789.98","46.73"
"GCFD","Vietnam","Volume","Unit Sales - RC_Feed","Unit Sales - RC (Feed)","0","0","0","0","0","0","0","0","0","0","0"
"GCFD","Vietnam","Volume","Total Unit Sales_Feed","Total Unit Sales (Feed)","175375.5","198666.37","182200","225161.2","232900","7738.8","3.44","50700","27.83","34233.63","17.23"
"GCFD","Vietnam","Volume","Unit Sales - TP_CT","Unit Sales - TP (CT)","6.27","0","0","0","0","0","0","0","0","0","0"
"GCFD","Vietnam","Volume","Unit Sales - RC_CT","Unit Sales - RC (CT)","316.07","0","0","0","0","0","0","0","0","0","0"
"GCFD","Vietnam","Volume","Unit Sales - TP_DOC","Unit Sales - TP (DOC)","0","0","0","0","0","0","0","0","0","0","0"
"GCFD","Vietnam","Volume","","Total Volumes (MT) Feed + CT (TP +RC)","145114.88","190556.34","178000","217360.5","221000","3639.5","1.67","43000","24.16","30443.66","15.98"
"GCFD","Vietnam","Volume","","Total Volumes (MT) - Feed only","144792.53","190556.34","178000","217360.5","221000","3639.5","1.67","43000","24.16","30443.66","15.98"
"GCFD","Vietnam","Revenue","41011000","Gross Sales TP","77971.95","93259.02","86708.38","106197.3","113454.89","7257.59","6.83","26746.51","30.85","20195.87","21.66"
"GCFD","Vietnam","Revenue","41012200","Gross Sales RC","148.84","0","0","0","0","0","0","0","0","0","0"
"GCFD","Vietnam","Revenue","41021000","Concession TP","-12609.68","-14937.98","-12282.13","-14224.91","-14901.41","-676.5","-4.76","-2619.28","-21.33","36.57","0.24"
"GCFD","Vietnam","Revenue","41022500","Concession RC","0","0","0","0","0","0","0","0","0","0","0"
"GCFD","Vietnam","Revenue","Net Sales TP","Net Sales TP","65362.26","78321.03","74426.25","91972.39","98553.48","6581.09","7.16","24127.23","32.42","20232.45","25.83"
"GCFD","Vietnam","Revenue","Net Sales RC","Net Sales RC","148.84","0","0","0","0","0","0","0","0","0","0"
"GCFD","Vietnam","Revenue","","Total Net Sales (TP + RC)","65511.1","78321.03","74426.25","91972.39","98553.48","6581.09","7.16","24127.23","32.42","20232.45","25.83"
"GCFD","Vietnam","Revenue","Net Sales IC","Net Sales IC","15710.78","5221.08","2372.54","4830.74","5917.99","1087.25","22.51","3545.45","149.44","696.91","13.35"
"GCFD","Vietnam","Revenue","","Total Net Sales (incl IC)","81221.88","83542.11","76798.78","96803.14","104471.47","7668.33","7.92","27672.69","36.03","20929.36","25.05"
"GCFD","Vietnam","Raw Materials & COGS","42210000","Material Cost","-51615.06","-63500.31","-60297.69","-75927.78","-82015.76","-6087.98","-8.02","-21718.07","-36.02","-18515.45","-29.16"
"GCFD","Vietnam","Raw Materials & COGS","42229110","Variance - Purchase Price","-25761914820","-25761914820","0","-82.07","0","82.07","100","0","0","25761914820","100"
"GCFD","Vietnam","Raw Materials & COGS","42211000","Raw Material COS","-152.89","0","0","0","0","0","0","0","0","0","0"
"GCFD","Vietnam","Raw Materials & COGS","42212000","Packing Material COS","-1045.67","-1201.77","-1103.07","-1486.62","-1570","-83.38","-5.61","-466.93","-42.33","-368.23","-30.64"
"GCFD","Vietnam","Raw Materials & COGS","42213000","Finished Goods/Direct Purchase COS","-49434.86","-61417.77","-59031.58","-74246.87","-80242.82","-5995.95","-8.08","-21211.24","-35.93","-18825.05","-30.65"
"GCFD","Vietnam","General","42214000","Provision for Stock Adjustment","-8.8","-3.51","0","-0.04","0","0.04","100","0","0","3.51","100"
"GCFD","Vietnam","Raw Materials & COGS","42215000","Exchange Differece COS","0","0","0","0","0","0","0","0","0","0","0"
"GCFD","Vietnam","Revenue","42216000","Sales Of Raw and Packing materials","0","0","0","0","0","0","0","0","0","0","0"
"GCFD","Vietnam","Raw Materials & COGS","42217000","Modified Direct purchase COS","0","0","0","0","0","0","0","0","0","0","0"
"GCFD","Vietnam","Raw Materials & COGS","42218000","Physical Inventory Loss","-111.46","-103","-163.04","-182.66","-202.94","-20.28","-11.1","-39.9","-24.47","-99.94","-97.03"
"GCFD","Vietnam","Raw Materials & COGS","42219000","Production yield_usage variance","-871.59","-441.9","0","70.47","0","-70.47","-100","0","0","441.9","100"
"GCFD","Vietnam","Raw Materials & COGS","42230000","Consignment COS","0","0","0","0","0","0","0","0","0","0","0"
"GCFD","Vietnam","Raw Materials & COGS","42250000","COS IC","-14542.19","-4744.54","-2191.2","-4423.4","-5370.23","-946.83","-21.41","-3179.03","-145.08","-625.69","-13.19"
"GCFD","Vietnam","Revenue","42260000","Cost of sales IC Elimination","0","0","0","0","0","0","0","0","0","0","0"
"GCFD","Vietnam","Raw Materials & COGS","42270000","COS RC","0","0","0","0","0","0","0","0","0","0","0"
"GCFD","Vietnam","Raw Materials & COGS","48000000","Cost of Services","0","0","0","0","0","0","0","0","0","0","0"
"GCFD","Vietnam","Raw Materials & COGS","","Total Raw Materials Costs","-66157.25","-68244.85","-62488.89","-80351.18","-87385.99","-7034.81","-8.76","-24897.1","-39.84","-19141.14","-28.05"
"GCFD","Vietnam","Raw Materials & COGS","43000000","ACTUAL MCOS","-4145.08","-4045.11","-3793.64","-4715.81","-5110.89","-395.08","-8.38","-1317.25","-34.72","-1065.78","-26.35"
"GCFD","Vietnam","Raw Materials & COGS","43110000","MCOS-Personnel Expenses","-1016.99","-965.61","-967.42","-1008.01","-1157.61","-149.6","-14.84","-190.19","-19.66","-192","-19.88"
"GCFD","Vietnam","Raw Materials & COGS","43116000","MCOS-Transportation Expenses (VC)","0","-0.09","-0.75","0","0","0","0","0.75","100","0.09","100"
"GCFD","Vietnam","Raw Materials & COGS","43115000","MCOS-Contractual Employees & Others (VC)","-88.06","-113.24","-98.59","-98.36","-111.25","-12.89","-13.1","-12.66","-12.84","1.99","1.76"
"GCFD","Vietnam","Raw Materials & COGS","43111120","MCOS-Contract staff (VC)","0","0","0","0","0","0","0","0","0","0","0"
"GCFD","Vietnam","Raw Materials & COGS","43111130","MCOS-Contractual bonus (VC)","-22.92","-26.79","-31","-31.32","-37.06","-5.74","-18.33","-6.06","-19.55","-10.27","-38.34"
"GCFD","Vietnam","Raw Materials & COGS","43111140","MCOS-Commission (VC)","0","0","0","0","0","0","0","0","0","0","0"
"GCFD","Vietnam","Raw Materials & COGS","43111200","MCOS-Discretionary Bonus (VC)","-64.44","-62.64","-47.1","-61.28","-56.25","5.03","8.21","-9.15","-19.43","6.39","10.2"
"GCFD","Vietnam","Raw Materials & COGS","43111320","MCOS-Overtime Variable Cost (VC)","-172.1","-152.51","-146.68","-156.05","-184.96","-28.91","-18.53","-38.28","-26.1","-32.45","-21.28"
"GCFD","Vietnam","Raw Materials & COGS","43111110","MCOS-Salaries (FC)","-377.34","-361.99","-371.97","-394.59","-444.73","-50.14","-12.71","-72.76","-19.56","-82.74","-22.86"
"GCFD","Vietnam","Raw Materials & COGS","43111310","MCOS-Overtime Fixed Cost (FC)","0","0","0","0","0","0","0","0","0","0","0"
"GCFD","Vietnam","Raw Materials & COGS","43112000","MCOS-Personnel Allowances (FC)","-212.94","-156.14","-174.09","-167.59","-208.66","-41.07","-24.51","-34.57","-19.86","-52.52","-33.64"
"GCFD","Vietnam","Raw Materials & COGS","43113000","MCOS-Social Benefits (FC)","-79.05","-88.05","-94.35","-95.09","-112.57","-17.48","-18.38","-18.22","-19.31","-24.52","-27.85"
"GCFD","Vietnam","Raw Materials & COGS","43114000","MCOS-Employee Training (FC)","-0.15","-4.16","-2.89","-3.72","-2.14","1.58","42.47","0.75","25.95","2.02","48.56"
"GCFD","Vietnam","Raw Materials & COGS","43120000","MCOS-Travel and Entertainment (FC)","-7.36","-17.81","-32.03","-4.1","-34.48","-30.38","-740.98","-2.45","-7.65","-16.67","-93.6"
"GCFD","Vietnam","Raw Materials & COGS","43130000","MCOS-Rent and utilities","-941.82","-999.8","-1000.72","-1037.76","-1130.06","-92.3","-8.89","-129.34","-12.92","-130.26","-13.03"
"GCFD","Vietnam","Raw Materials & COGS","43133110","MCOS-Fuel and Gas (VC)","-161.13","-170.86","-176.08","-212.25","-272.2","-59.95","-28.24","-96.12","-54.59","-101.34","-59.31"
"GCFD","Vietnam","Raw Materials & COGS","43133120","MCOS-Power, Light and Water (VC)","-424.45","-486.77","-472.43","-484.58","-479.28","5.3","1.09","-6.85","-1.45","7.49","1.54"
"GCFD","Vietnam","Raw Materials & COGS","43133300","MCOS-Utilities Others (VC)","-10.88","-15.78","-18.79","-20.66","-20.71","-0.05","-0.24","-1.92","-10.22","-4.93","-31.24"
"GCFD","Vietnam","Raw Materials & COGS","43131000","MCOS-Rental Expense Under Operating Lease (FC)","-0.17","0","0","0","0","0","0","0","0","0","0"
"GCFD","Vietnam","Raw Materials & COGS","43133200","MCOS-Repair and Maintenance (FC)","-345.19","-326.39","-333.41","-320.27","-357.86","-37.59","-11.74","-24.45","-7.33","-31.47","-9.64"
"GCFD","Vietnam","Raw Materials & COGS","43140000","MCOS-Leasing Charges (FC)","-149.23","-9.37","-8.34","-9.26","-31.95","-22.69","-245.03","-23.61","-283.09","-22.58","-240.98"
"GCFD","Vietnam","Raw Materials & COGS","43150000","MCOS-Office and Communication (VC)","-12.63","-13.12","-11.73","-7.6","-8.56","-0.96","-12.63","3.17","27.02","4.56","34.76"
"GCFD","Vietnam","Raw Materials & COGS","43160000","MCOS-Advertising and Promotion (FC)","0","0","0","0","0","0","0","0","0","0","0"
"GCFD","Vietnam","Raw Materials & COGS","43170000","MCOS-Delivery Expenses (VC)","0","0","0","-64.04","-90.24","-26.2","-40.91","-90.24","0","-90.24","0"
"GCFD","Vietnam","Raw Materials & COGS","43180000","MCOS-Insurance Expenses (FC)","-77.36","-43.38","-39.56","-67.81","-65.25","2.56","3.78","-25.69","-64.94","-21.87","-50.41"
"GCFD","Vietnam","Raw Materials & COGS","43190000","MCOS-Professional Fees (FC)","0","0","0","0","0","0","0","0","0","0","0"
"GCFD","Vietnam","Raw Materials & COGS","43200000","MCOS-Allocated Income_Expense IC (FC)","0","0","0","0","0","0","0","0","0","0","0"
"GCFD","Vietnam","Raw Materials & COGS","43210000","MCOS-Other Operating (Income)_Expense","-1098.36","-537.66","-211.16","-1023.27","-984.7","38.57","3.77","-773.54","-366.33","-447.04","-83.15"
"GCFD","Vietnam","Raw Materials & COGS","43211000","MCOS-(Income)","0","0","0","0","0","0","0","0","0","0","0"
"GCFD","Vietnam","Raw Materials & COGS","43212100","MCOS-Bank Charges (FC)","0","0","0","0","0","0","0","0","0","0","0"
"GCFD","Vietnam","Raw Materials & COGS","43212200","MCOS-Production Supplies (VC)","0","0","0","0","0","0","0","0","0","0","0"
"GCFD","Vietnam","Raw Materials & COGS","43212300","MCOS-Security and Janitorial Services (FC)","-11.43","-27.89","-29.21","-31.09","-31.43","-0.34","-1.09","-2.22","-7.6","-3.54","-12.69"
"GCFD","Vietnam","Raw Materials & COGS","43212400","MCOS-Recruitment Expenses (FC)","-1.52","-0.39","0","-0.84","-0.9","-0.06","-7.14","-0.9","0","-0.51","-130.77"
"GCFD","Vietnam","Raw Materials & COGS","43212500","MCOS-Unmatched Professional fees PLUG IC (FC)","0","0","0","0","0","0","0","0","0","0","0"
"GCFD","Vietnam","Raw Materials & COGS","43212610","MCOS-Analysis_testing fee (FC)","-13.82","-7.85","-4.62","-5.14","-3.15","1.99","38.72","1.47","31.82","4.7","59.87"
"GCFD","Vietnam","Raw Materials & COGS","43212620","MCOS-Other taxes (Non-corp. tax) (FC)","0","0","0","0","0","0","0","0","0","0","0"
"GCFD","Vietnam","Raw Materials & COGS","43212630","MCOS-HSE expenses (FC)","-40.94","-71.2","-70.06","-49.33","-78.45","-29.12","-59.03","-8.39","-11.98","-7.25","-10.18"
"GCFD","Vietnam","Raw Materials & COGS","43212640","MCOS-Others (FC)","-300.95","-111.21","-107.27","-111.98","-44.05","67.93","60.66","63.22","58.94","67.16","60.39"
"GCFD","Vietnam","Raw Materials & COGS","43212650","MCOS-Toll Manufacturing (FC)","-729.7","-319.12","0","-824.89","-826.72","-1.83","-0.22","-826.72","0","-507.6","-159.06"
"GCFD","Vietnam","Raw Materials & COGS","43212660","MCOS-R&D (FC)","0","0","0","0","0","0","0","0","0","0","0"
"GCFD","Vietnam","Raw Materials & COGS","43212700","MCOS-Unmatched Insurance Expenses PLUG IC (FC)","0","0","0","0","0","0","0","0","0","0","0"
"GCFD","Vietnam","Raw Materials & COGS","43212800","MCOS-Unmatched Rental Expenses PLUG IC (FC)","0","0","0","0","0","0","0","0","0","0","0"
"GCFD","Vietnam","Raw Materials & COGS","43212900","MCOS-Pest Control (FC)","0","0","0","0","0","0","0","0","0","0","0"
"GCFD","Vietnam","Raw Materials & COGS","43220000","MCOS-Lease payment (of Financing Co_Div.) (FC)","0","0","0","0","0","0","0","0","0","0","0"
"GCFD","Vietnam","Raw Materials & COGS","43230000","MCOS-Shared Service Cost (FC)","0","0","0","0","0","0","0","0","0","0","0"
"GCFD","Vietnam","Raw Materials & COGS","43240000","MCOS-Inventory write-offs (FC)","0","0","0","0","0","0","0","0","0","0","0"
"GCFD","Vietnam","Raw Materials & COGS","43250000","MCOS-Depreciation-PPE (FC)","-717.38","-1371.94","-1438.45","-1408.83","-1523.86","-115.03","-8.16","-85.41","-5.94","-151.92","-11.07"
"GCFD","Vietnam","Raw Materials & COGS","43350000","MCOS-Depreciation-ROU Asset (PLP) (FC)","-123.94","-86.41","-84.25","-85.15","-84.19","0.96","1.13","0.06","0.07","2.22","2.57"
"GCFD","Vietnam","Raw Materials & COGS","43410000","MCOS-Allocated Income_Expense TP","0","0","0","0","0","0","0","0","0","0","0"
"GCFD","Vietnam","Raw Materials & COGS","43400000","MCOS-Inventory Provision","0","0","0","0","0","0","0","0","0","0","0"
"GCFD","Vietnam","Raw Materials & COGS","44000000","STANDARD MCOS","-701.09","-235.85","-169.09","-244.85","-254.29","-9.44","-3.86","-85.2","-50.39","-18.44","-7.82"
"GCFD","Vietnam","Raw Materials & COGS","44100000","MCOS-Standard-Variable","-1305.88","-1384.37","0","-1030.59","0","1030.59","100","0","0","1384.37","100"
"GCFD","Vietnam","Raw Materials & COGS","44100100","MCOS- Labour @ Std - VC","-1067.42","-1047.76","0","-791.08","0","791.08","100","0","0","1047.76","100"
"GCFD","Vietnam","Raw Materials & COGS","44100200","MCOS-Fuel & Electricity @ Std- VC","0","0","0","0","0","0","0","0","0","0","0"
"GCFD","Vietnam","Raw Materials & COGS","44100300","MCOS-Maintenance @ Std - VC","-238.45","-336.61","0","-239.51","0","239.51","100","0","0","336.61","100"
"GCFD","Vietnam","Raw Materials & COGS","44200000","MCOS-Standard-Fixed","0","0","0","0","0","0","0","0","0","0","0"
"GCFD","Vietnam","Raw Materials & COGS","44200100","MCOS- Rent @ Std- FC","0","0","0","0","0","0","0","0","0","0","0"
"GCFD","Vietnam","Raw Materials & COGS","44200200","MCOS-Depreciation @ Std - FC","0","0","0","0","0","0","0","0","0","0","0"
"GCFD","Vietnam","Raw Materials & COGS","44200300","MCOS-Others @ Std - FC","0","0","0","0","0","0","0","0","0","0","0"
"GCFD","Vietnam","Raw Materials & COGS","44310000","MCOS-Standard Absorption Cost - Variable","858.77","1207.38","0","816.84","0","-816.84","-100","0","0","-1207.38","-100"
"GCFD","Vietnam","Raw Materials & COGS","44311000","MCOS-Standard Absorption Labour - VC","856.69","989.53","0","760.34","0","-760.34","-100","0","0","-989.53","-100"
"GCFD","Vietnam","Raw Materials & COGS","44312000","MCOS-Standard Absorption Fuel & Electricity - VC","-185.26","-94.63","0","-174.04","0","174.04","100","0","0","94.63","100"
"GCFD","Vietnam","Raw Materials & COGS","44313000","MCOS-Standard Absorption Maintenance - VC","187.34","312.48","0","230.55","0","-230.55","-100","0","0","-312.48","-100"
"GCFD","Vietnam","Raw Materials & COGS","44320000","MCOS-Standard Absorption Cost - Fixed","-253.98","-58.85","-169.09","-31.1","-254.29","-223.19","-717.65","-85.2","-50.39","-195.44","-332.1"
"GCFD","Vietnam","Raw Materials & COGS","44321000","MCOS-Standard Absorption Rent - FC","-37.31","-0.43","0","-0.24","0","0.24","100","0","0","0.43","100"
"GCFD","Vietnam","Raw Materials & COGS","44322000","MCOS-Standard Absorption Depreciation - FC","-107.14","-44.84","0","-24.27","0","24.27","100","0","0","44.84","100"
"GCFD","Vietnam","Raw Materials & COGS","44323000","MCOS-Standard Absorption Others - FC","-109.54","-13.58","-169.09","-6.59","-254.29","-247.7","-3758.73","-85.2","-50.39","-240.71","-1772.53"
"GCFD","Vietnam","Raw Materials & COGS","","Total MCOS","-4846.17","-4280.95","-3962.73","-4960.67","-5365.18","-404.51","-8.15","-1402.45","-35.39","-1084.23","-25.33"
"GCFD","Vietnam","Total MCOS & COGS","45000000","Total COGS (where applicable incl IC)","-71003.42","-72525.8","-66451.62","-85311.85","-92751.17","-7439.32","-8.72","-26299.55","-39.58","-20225.37","-27.89"
"GCFD","Vietnam","General","8.01492205937393E-12","","0","0","0","0","0","0","0","0","0","0","0"
"GCFD","Vietnam","Raw Materials & COGS","","MCOS-Personnel Expenses (VC)","0","0","0","0","0","0","0","0","0","0","0"
"GCFD","Vietnam","Raw Materials & COGS","","MCOS-Rent and utilities (VC)","0","0","0","0","0","0","0","0","0","0","0"
"GCFD","Vietnam","Raw Materials & COGS","","MCOS-Office and Communication (VC)","0","0","0","0","0","0","0","0","0","0","0"
"GCFD","Vietnam","Raw Materials & COGS","","MCOS-Delivery Expenses (VC)","0","0","0","0","0","0","0","0","0","0","0"
"GCFD","Vietnam","Raw Materials & COGS","","MCOS-Other Operating (Income)_Expense (VC)","0","0","0","0","0","0","0","0","0","0","0"
"GCFD","Vietnam","Raw Materials & COGS","","MCOS- Labour (Standard MCOS) - VC","0","0","0","0","0","0","0","0","0","0","0"
"GCFD","Vietnam","Raw Materials & COGS","","MCOS-Fuel & Electricity (Standard MCOS) - VC","0","0","0","0","0","0","0","0","0","0","0"
"GCFD","Vietnam","Raw Materials & COGS","","MCOS-Maintenance (Standard MCOS) - VC","0","0","0","0","0","0","0","0","0","0","0"
"GCFD","Vietnam","Volume","","VARIABLE COST | MT","0","0","0","0","0","0","0","0","0","0","0"
"GCFD","Vietnam","Raw Materials & COGS","","MCOS-Personnel Expenses (FC)","0","0","0","0","0","0","0","0","0","0","0"
"GCFD","Vietnam","Raw Materials & COGS","","MCOS-Travel and Entertainment (FC)","0","0","0","0","0","0","0","0","0","0","0"
"GCFD","Vietnam","Raw Materials & COGS","","MCOS-Rent and utilities (FC)","0","0","0","0","0","0","0","0","0","0","0"
"GCFD","Vietnam","Raw Materials & COGS","","MCOS-Leasing Charges (FC)","0","0","0","0","0","0","0","0","0","0","0"
"GCFD","Vietnam","Raw Materials & COGS","","MCOS-Advertising and Promotion (FC)","0","0","0","0","0","0","0","0","0","0","0"
"GCFD","Vietnam","Raw Materials & COGS","","MCOS-Insurance Expenses (FC)","0","0","0","0","0","0","0","0","0","0","0"
"GCFD","Vietnam","Raw Materials & COGS","","MCOS-Professional Fees (FC)","0","0","0","0","0","0","0","0","0","0","0"
"GCFD","Vietnam","Raw Materials & COGS","","MCOS-Allocated Income_Expense IC (FC)","0","0","0","0","0","0","0","0","0","0","0"
"GCFD","Vietnam","Raw Materials & COGS","","MCOS-Other Operating (Income)_Expense (FC)","0","0","0","0","0","0","0","0","0","0","0"
"GCFD","Vietnam","Raw Materials & COGS","","MCOS-Lease payment (of Financing Co_Div.) (FC)","0","0","0","0","0","0","0","0","0","0","0"
"GCFD","Vietnam","Raw Materials & COGS","","MCOS-Shared Service Cost (FC)","0","0","0","0","0","0","0","0","0","0","0"
"GCFD","Vietnam","Raw Materials & COGS","","MCOS-Inventory write-offs (FC)","0","0","0","0","0","0","0","0","0","0","0"
"GCFD","Vietnam","Raw Materials & COGS","","MCOS-Depreciation-PPE (FC)","0","0","0","0","0","0","0","0","0","0","0"
"GCFD","Vietnam","Raw Materials & COGS","","MCOS-Depreciation-ROU Asset (PLP) (FC)","0","0","0","0","0","0","0","0","0","0","0"
"GCFD","Vietnam","Raw Materials & COGS","","MCOS- Rent (Standard MCOS) - (FC)","0","0","0","0","0","0","0","0","0","0","0"
"GCFD","Vietnam","Raw Materials & COGS","","MCOS- Depreciation (Standard MCOS) - (FC)","0","0","0","0","0","0","0","0","0","0","0"
"GCFD","Vietnam","Raw Materials & COGS","","MCOS-Others (Standard MCOS) - (VC)","0","0","0","0","0","0","0","0","0","0","0"
"GCFD","Vietnam","Volume","","FIXED COST | MT","0","0","0","0","0","0","0","0","0","0","0"
"GCFD","Vietnam","Headcount","HR_TL","Total Technical HC (incl QA/QC, Formulator, Lab etc)","0","0","0","0","0","0","0","0","0","0","0"
"GCFD","Vietnam","Headcount","HR_OP","Total Operations HC (incl warehousing, weighbridge)","0","0","0","0","0","0","0","0","0","0","0"
"GCFD","Vietnam","Headcount","","Total 'Production Related' HC","0","0","0","0","0","0","0","0","0","0","0"
"GCFD","Vietnam","Revenue","HR_SA","Total Sales Head Count","0.08","0.09","0.1","0.1","0.1","0","0","0","0","0.01","11.11"
"GCFD","Vietnam","Headcount","HR_SP","Total Support Head Count","0","0","0","0","0","0","0","0","0","0","0"
"GCFD","Vietnam","Headcount","HR_TOTAL","Total Head Count (Closing balance)","0","0","0","0","0","0","0","0","0","0","0"
"GCFD","Vietnam","KPIs","","IOIC (only TP + RC)","13896.05","14820.72","14128.56","16044.61","16537.72","493.11","3.07","2409.16","17.05","1717","11.59"
"GCFD","Vietnam","Revenue","50000000","Gross Operating Revenue","10218.46","11016.31","10347.16","11491.29","11720.3","229.01","1.99","1373.14","13.27","703.99","6.39"
"GCFD","Vietnam","Revenue","","GOR %","0.15","0.12","0.13","0.11","0.13","0.02","18.18","0","0","0.01","8.33"
"GCFD","Vietnam","Raw Materials & COGS","43251000","MCOS-Depreciation-Leasehold Improvements PPE","0","0","0","0","0","0","0","0","0","0","0"
"GCFD","Vietnam","Raw Materials & COGS","43252000","MCOS-Depreciation-Motor Vehicles PPE","0","-2.58","-3.39","-3.42","-3.38","0.04","1.17","0.01","0.29","-0.8","-31.01"
"GCFD","Vietnam","Raw Materials & COGS","43253000","MCOS-Depreciation-Computer Equipment PPE","-0.03","-0.79","-1.28","-1.05","-1.17","-0.12","-11.43","0.11","8.59","-0.38","-48.1"
"GCFD","Vietnam","Raw Materials & COGS","43254000","MCOS-Depreciation-Furniture and Fixtures PPE","0","-0.35","-0.42","-0.66","-0.78","-0.12","-18.18","-0.36","-85.71","-0.43","-122.86"
"GCFD","Vietnam","Raw Materials & COGS","43255000","MCOS-Depreciation-Others PPE","0","0","0","0","0","0","0","0","0","0","0"
"GCFD","Vietnam","Raw Materials & COGS","43256000","MCOS-Depreciation-Land PPE","0","0","0","0","0","0","0","0","0","0","0"
"GCFD","Vietnam","Raw Materials & COGS","43257000","MCOS-Depreciation-Buildings PPE","-279.06","-546.45","-554.34","-544.47","-543.34","1.13","0.21","11","1.98","3.11","0.57"
"GCFD","Vietnam","Raw Materials & COGS","43258000","MCOS-Depreciation-Construction in progress PPE","0","0","0","0","0","0","0","0","0","0","0"
"GCFD","Vietnam","Raw Materials & COGS","43259000","MCOS-Depreciation-Machinery and Equipment PPE","-438.29","-821.76","-879.04","-859.23","-975.19","-115.96","-13.5","-96.15","-10.94","-153.43","-18.67"
"GCFD","Vietnam","Raw Materials & COGS","43260000","MCOS-Depreciation-ERP PPE","0","0","0","0","0","0","0","0","0","0","0"
"GCFD","Vietnam","Raw Materials & COGS","43360000","MCOS-Depreciation-ERP ROU Asset (PLP)","0","0","0","0","0","0","0","0","0","0","0"
"GCFD","Vietnam","Raw Materials & COGS","43350000","MCOS-Depreciation-ROU Asset (PLP)","-123.94","-86.41","-84.25","-85.15","-84.19","0.96","1.13","0.06","0.07","2.22","2.57"
"GCFD","Vietnam","Raw Materials & COGS","","Total MCOS - Depreciation","-841.33","-1458.35","-1522.71","-1493.98","-1608.05","-114.07","-7.64","-85.34","-5.6","-149.7","-10.27"
"KGT","Sri Lanka","Volume","Unit Sales - TP_Feed","Unit Sales - TP (Feed)","81","94","487.11","106","289","183","172.64","-198.11","-40.67","195","207.45"
"KGT","Sri Lanka","Volume","Unit Sales - IC_Feed","Unit Sales - IC (Feed)","607","412","426.12","428.12","434","5.88","1.37","7.88","1.85","22","5.34"
"KGT","Sri Lanka","Volume","Unit Sales - RC_Feed","Unit Sales - RC (Feed)","591","462","447","499","480","-19","-3.81","33","7.38","18","3.9"
"KGT","Sri Lanka","Volume","Total Unit Sales_Feed","Total Unit Sales (Feed)","1279","968","1360.23","1033.12","1203","169.88","16.44","-157.23","-11.56","235","24.28"
"KGT","Sri Lanka","Volume","Unit Sales - TP_CT","Unit Sales - TP (CT)","0","0","0","0","0","0","0","0","0","0","0"
"KGT","Sri Lanka","Volume","Unit Sales - RC_CT","Unit Sales - RC (CT)","0","0","0","0","0","0","0","0","0","0","0"
"KGT","Sri Lanka","Volume","Unit Sales - TP_DOC","Unit Sales - TP (DOC)","0","0","0","0","0","0","0","0","0","0","0"
"KGT","Sri Lanka","Volume","","Total Volumes (MT) Feed + CT (TP +RC)","672","556","934.11","605","769","164","27.11","-165.11","-17.68","213","38.31"
"KGT","Sri Lanka","Volume","","Total Volumes (MT) - Feed only","672","556","934.11","605","769","164","27.11","-165.11","-17.68","213","38.31"
"KGT","Sri Lanka","Revenue","41011000","Gross Sales TP","186.31","163.94","886.64","213.86","439.4","225.54","105.46","-447.24","-50.44","275.46","168.02"
"KGT","Sri Lanka","Revenue","41012200","Gross Sales RC","1188.21","1046.4","877.05","1092.35","825.35","-267","-24.44","-51.7","-5.89","-221.05","-21.12"
"KGT","Sri Lanka","Revenue","41021000","Concession TP","-23.14","-5.78","0","-5.03","0","5.03","100","0","0","5.78","100"
"KGT","Sri Lanka","Revenue","41022500","Concession RC","0","0","0","0","0","0","0","0","0","0","0"
"KGT","Sri Lanka","Revenue","Net Sales TP","Net Sales TP","163.17","158.16","886.64","208.83","439.4","230.57","110.41","-447.24","-50.44","281.24","177.82"
"KGT","Sri Lanka","Revenue","Net Sales RC","Net Sales RC","1188.21","1046.4","877.05","1092.35","825.35","-267","-24.44","-51.7","-5.89","-221.05","-21.12"
"KGT","Sri Lanka","Revenue","","Total Net Sales (TP + RC)","1351.38","1204.56","1763.69","1301.18","1264.75","-36.43","-2.8","-498.94","-28.29","60.19","5"
"KGT","Sri Lanka","Revenue","Net Sales IC","Net Sales IC","1556.87","1084.34","1055.13","1041.55","1102.97","61.42","5.9","47.84","4.53","18.63","1.72"
"KGT","Sri Lanka","Revenue","","Total Net Sales (incl IC)","2908.25","2288.9","2818.83","2342.73","2367.71","24.98","1.07","-451.12","-16","78.81","3.44"
"KGT","Sri Lanka","Raw Materials & COGS","42210000","Material Cost","-93.14","-90.01","-523.49","-114.27","-236.95","-122.68","-107.36","286.54","54.74","-146.94","-163.25"
"KGT","Sri Lanka","Raw Materials & COGS","42229110","Variance - Purchase Price","-25761914820","-25761914820","0","0","0","0","0","0","0","25761914820","100"
"KGT","Sri Lanka","Raw Materials & COGS","42211000","Raw Material COS","0","0","-523.49","-111.11","-236.95","-125.84","-113.26","286.54","54.74","-236.95","0"
"KGT","Sri Lanka","Raw Materials & COGS","42212000","Packing Material COS","0","0","0","0","0","0","0","0","0","0","0"
"KGT","Sri Lanka","Raw Materials & COGS","42213000","Finished Goods/Direct Purchase COS","-93.15","-89.97","0","-3.16","0","3.16","100","0","0","89.97","100"
"KGT","Sri Lanka","General","42214000","Provision for Stock Adjustment","0","0","0","0","0","0","0","0","0","0","0"
"KGT","Sri Lanka","Raw Materials & COGS","42215000","Exchange Differece COS","0","0","0","0","0","0","0","0","0","0","0"
"KGT","Sri Lanka","Revenue","42216000","Sales Of Raw and Packing materials","0","0","0","0","0","0","0","0","0","0","0"
"KGT","Sri Lanka","Raw Materials & COGS","42217000","Modified Direct purchase COS","0","0","0","0","0","0","0","0","0","0","0"
"KGT","Sri Lanka","Raw Materials & COGS","42218000","Physical Inventory Loss","8.07","0","0","0","0","0","0","0","0","0","0"
"KGT","Sri Lanka","Raw Materials & COGS","42219000","Production yield_usage variance","-7.77","-0.04","0","0","0","0","0","0","0","0.04","100"
"KGT","Sri Lanka","Raw Materials & COGS","42230000","Consignment COS","0","0","0","0","0","0","0","0","0","0","0"
"KGT","Sri Lanka","Raw Materials & COGS","42250000","COS IC","-704.96","-524.42","-465.63","-515.28","-558.42","-43.14","-8.37","-92.79","-19.93","-34","-6.48"
"KGT","Sri Lanka","Revenue","42260000","Cost of sales IC Elimination","0","0","0","0","0","0","0","0","0","0","0"
"KGT","Sri Lanka","Raw Materials & COGS","42270000","COS RC","-590.48","-538.51","-462.75","-557.23","-438.2","119.03","21.36","24.55","5.31","100.31","18.63"
"KGT","Sri Lanka","Raw Materials & COGS","48000000","Cost of Services","0","0","0","0","0","0","0","0","0","0","0"
"KGT","Sri Lanka","Raw Materials & COGS","","Total Raw Materials Costs","-1388.59","-1152.95","-1451.87","-1186.78","-1233.57","-46.79","-3.94","218.3","15.04","-80.62","-6.99"
"KGT","Sri Lanka","Raw Materials & COGS","43000000","ACTUAL MCOS","0","0","0","0","0","0","0","0","0","0","0"
"KGT","Sri Lanka","Raw Materials & COGS","43110000","MCOS-Personnel Expenses","0","0","0","0","0","0","0","0","0","0","0"
"KGT","Sri Lanka","Raw Materials & COGS","43116000","MCOS-Transportation Expenses (VC)","0","0","0","0","0","0","0","0","0","0","0"
"KGT","Sri Lanka","Raw Materials & COGS","43115000","MCOS-Contractual Employees & Others (VC)","0","0","0","0","0","0","0","0","0","0","0"
"KGT","Sri Lanka","Raw Materials & COGS","43111120","MCOS-Contract staff (VC)","0","0","0","0","0","0","0","0","0","0","0"
"KGT","Sri Lanka","Raw Materials & COGS","43111130","MCOS-Contractual bonus (VC)","0","0","0","0","0","0","0","0","0","0","0"
"KGT","Sri Lanka","Raw Materials & COGS","43111140","MCOS-Commission (VC)","0","0","0","0","0","0","0","0","0","0","0"
"KGT","Sri Lanka","Raw Materials & COGS","43111200","MCOS-Discretionary Bonus (VC)","0","0","0","0","0","0","0","0","0","0","0"
"KGT","Sri Lanka","Raw Materials & COGS","43111320","MCOS-Overtime Variable Cost (VC)","0","0","0","0","0","0","0","0","0","0","0"
"KGT","Sri Lanka","Raw Materials & COGS","43111110","MCOS-Salaries (FC)","0","0","0","0","0","0","0","0","0","0","0"
"KGT","Sri Lanka","Raw Materials & COGS","43111310","MCOS-Overtime Fixed Cost (FC)","0","0","0","0","0","0","0","0","0","0","0"
"KGT","Sri Lanka","Raw Materials & COGS","43112000","MCOS-Personnel Allowances (FC)","0","0","0","0","0","0","0","0","0","0","0"
"KGT","Sri Lanka","Raw Materials & COGS","43113000","MCOS-Social Benefits (FC)","0","0","0","0","0","0","0","0","0","0","0"
"KGT","Sri Lanka","Raw Materials & COGS","43114000","MCOS-Employee Training (FC)","0","0","0","0","0","0","0","0","0","0","0"
"KGT","Sri Lanka","Raw Materials & COGS","43120000","MCOS-Travel and Entertainment (FC)","0","0","0","0","0","0","0","0","0","0","0"
"KGT","Sri Lanka","Raw Materials & COGS","43130000","MCOS-Rent and utilities","0","0","0","0","0","0","0","0","0","0","0"
"KGT","Sri Lanka","Raw Materials & COGS","43133110","MCOS-Fuel and Gas (VC)","0","0","0","0","0","0","0","0","0","0","0"
"KGT","Sri Lanka","Raw Materials & COGS","43133120","MCOS-Power, Light and Water (VC)","0","0","0","0","0","0","0","0","0","0","0"
"KGT","Sri Lanka","Raw Materials & COGS","43133300","MCOS-Utilities Others (VC)","0","0","0","0","0","0","0","0","0","0","0"
"KGT","Sri Lanka","Raw Materials & COGS","43131000","MCOS-Rental Expense Under Operating Lease (FC)","0","0","0","0","0","0","0","0","0","0","0"
"KGT","Sri Lanka","Raw Materials & COGS","43133200","MCOS-Repair and Maintenance (FC)","0","0","0","0","0","0","0","0","0","0","0"
"KGT","Sri Lanka","Raw Materials & COGS","43140000","MCOS-Leasing Charges (FC)","0","0","0","0","0","0","0","0","0","0","0"
"KGT","Sri Lanka","Raw Materials & COGS","43150000","MCOS-Office and Communication (VC)","0","0","0","0","0","0","0","0","0","0","0"
"KGT","Sri Lanka","Raw Materials & COGS","43160000","MCOS-Advertising and Promotion (FC)","0","0","0","0","0","0","0","0","0","0","0"
"KGT","Sri Lanka","Raw Materials & COGS","43170000","MCOS-Delivery Expenses (VC)","0","0","0","0","0","0","0","0","0","0","0"
"KGT","Sri Lanka","Raw Materials & COGS","43180000","MCOS-Insurance Expenses (FC)","0","0","0","0","0","0","0","0","0","0","0"
"KGT","Sri Lanka","Raw Materials & COGS","43190000","MCOS-Professional Fees (FC)","0","0","0","0","0","0","0","0","0","0","0"
"KGT","Sri Lanka","Raw Materials & COGS","43200000","MCOS-Allocated Income_Expense IC (FC)","0","0","0","0","0","0","0","0","0","0","0"
"KGT","Sri Lanka","Raw Materials & COGS","43210000","MCOS-Other Operating (Income)_Expense","0","0","0","0","0","0","0","0","0","0","0"
"KGT","Sri Lanka","Raw Materials & COGS","43211000","MCOS-(Income)","0","0","0","0","0","0","0","0","0","0","0"
"KGT","Sri Lanka","Raw Materials & COGS","43212100","MCOS-Bank Charges (FC)","0","0","0","0","0","0","0","0","0","0","0"
"KGT","Sri Lanka","Raw Materials & COGS","43212200","MCOS-Production Supplies (VC)","0","0","0","0","0","0","0","0","0","0","0"
"KGT","Sri Lanka","Raw Materials & COGS","43212300","MCOS-Security and Janitorial Services (FC)","0","0","0","0","0","0","0","0","0","0","0"
"KGT","Sri Lanka","Raw Materials & COGS","43212400","MCOS-Recruitment Expenses (FC)","0","0","0","0","0","0","0","0","0","0","0"
"KGT","Sri Lanka","Raw Materials & COGS","43212500","MCOS-Unmatched Professional fees PLUG IC (FC)","0","0","0","0","0","0","0","0","0","0","0"
"KGT","Sri Lanka","Raw Materials & COGS","43212610","MCOS-Analysis_testing fee (FC)","0","0","0","0","0","0","0","0","0","0","0"
"KGT","Sri Lanka","Raw Materials & COGS","43212620","MCOS-Other taxes (Non-corp. tax) (FC)","0","0","0","0","0","0","0","0","0","0","0"
"KGT","Sri Lanka","Raw Materials & COGS","43212630","MCOS-HSE expenses (FC)","0","0","0","0","0","0","0","0","0","0","0"
"KGT","Sri Lanka","Raw Materials & COGS","43212640","MCOS-Others (FC)","0","0","0","0","0","0","0","0","0","0","0"
"KGT","Sri Lanka","Raw Materials & COGS","43212650","MCOS-Toll Manufacturing (FC)","0","0","0","0","0","0","0","0","0","0","0"
"KGT","Sri Lanka","Raw Materials & COGS","43212660","MCOS-R&D (FC)","0","0","0","0","0","0","0","0","0","0","0"
"KGT","Sri Lanka","Raw Materials & COGS","43212700","MCOS-Unmatched Insurance Expenses PLUG IC (FC)","0","0","0","0","0","0","0","0","0","0","0"
"KGT","Sri Lanka","Raw Materials & COGS","43212800","MCOS-Unmatched Rental Expenses PLUG IC (FC)","0","0","0","0","0","0","0","0","0","0","0"
"KGT","Sri Lanka","Raw Materials & COGS","43212900","MCOS-Pest Control (FC)","0","0","0","0","0","0","0","0","0","0","0"
"KGT","Sri Lanka","Raw Materials & COGS","43220000","MCOS-Lease payment (of Financing Co_Div.) (FC)","0","0","0","0","0","0","0","0","0","0","0"
"KGT","Sri Lanka","Raw Materials & COGS","43230000","MCOS-Shared Service Cost (FC)","0","0","0","0","0","0","0","0","0","0","0"
"KGT","Sri Lanka","Raw Materials & COGS","43240000","MCOS-Inventory write-offs (FC)","0","0","0","0","0","0","0","0","0","0","0"
"KGT","Sri Lanka","Raw Materials & COGS","43250000","MCOS-Depreciation-PPE (FC)","0","0","0","0","0","0","0","0","0","0","0"
"KGT","Sri Lanka","Raw Materials & COGS","43350000","MCOS-Depreciation-ROU Asset (PLP) (FC)","0","0","0","0","0","0","0","0","0","0","0"
"KGT","Sri Lanka","Raw Materials & COGS","43410000","MCOS-Allocated Income_Expense TP","0","0","0","0","0","0","0","0","0","0","0"
"KGT","Sri Lanka","Raw Materials & COGS","43400000","MCOS-Inventory Provision","0","0","0","0","0","0","0","0","0","0","0"
"KGT","Sri Lanka","Raw Materials & COGS","44000000","STANDARD MCOS","0","0","0","0","0","0","0","0","0","0","0"
"KGT","Sri Lanka","Raw Materials & COGS","44100000","MCOS-Standard-Variable","0","0","0","0","0","0","0","0","0","0","0"
"KGT","Sri Lanka","Raw Materials & COGS","44100100","MCOS- Labour @ Std - VC","0","0","0","0","0","0","0","0","0","0","0"
"KGT","Sri Lanka","Raw Materials & COGS","44100200","MCOS-Fuel & Electricity @ Std- VC","0","0","0","0","0","0","0","0","0","0","0"
"KGT","Sri Lanka","Raw Materials & COGS","44100300","MCOS-Maintenance @ Std - VC","0","0","0","0","0","0","0","0","0","0","0"
"KGT","Sri Lanka","Raw Materials & COGS","44200000","MCOS-Standard-Fixed","0","0","0","0","0","0","0","0","0","0","0"
"KGT","Sri Lanka","Raw Materials & COGS","44200100","MCOS- Rent @ Std- FC","0","0","0","0","0","0","0","0","0","0","0"
"KGT","Sri Lanka","Raw Materials & COGS","44200200","MCOS-Depreciation @ Std - FC","0","0","0","0","0","0","0","0","0","0","0"
"KGT","Sri Lanka","Raw Materials & COGS","44200300","MCOS-Others @ Std - FC","0","0","0","0","0","0","0","0","0","0","0"
"KGT","Sri Lanka","Raw Materials & COGS","44310000","MCOS-Standard Absorption Cost - Variable","0","0","0","0","0","0","0","0","0","0","0"
"KGT","Sri Lanka","Raw Materials & COGS","44311000","MCOS-Standard Absorption Labour - VC","0","0","0","0","0","0","0","0","0","0","0"
"KGT","Sri Lanka","Raw Materials & COGS","44312000","MCOS-Standard Absorption Fuel & Electricity - VC","0","0","0","0","0","0","0","0","0","0","0"
"KGT","Sri Lanka","Raw Materials & COGS","44313000","MCOS-Standard Absorption Maintenance - VC","0","0","0","0","0","0","0","0","0","0","0"
"KGT","Sri Lanka","Raw Materials & COGS","44320000","MCOS-Standard Absorption Cost - Fixed","0","0","0","0","0","0","0","0","0","0","0"
"KGT","Sri Lanka","Raw Materials & COGS","44321000","MCOS-Standard Absorption Rent - FC","0","0","0","0","0","0","0","0","0","0","0"
"KGT","Sri Lanka","Raw Materials & COGS","44322000","MCOS-Standard Absorption Depreciation - FC","0","0","0","0","0","0","0","0","0","0","0"
"KGT","Sri Lanka","Raw Materials & COGS","44323000","MCOS-Standard Absorption Others - FC","0","0","0","0","0","0","0","0","0","0","0"
"KGT","Sri Lanka","Raw Materials & COGS","","Total MCOS","0","0","0","0","0","0","0","0","0","0","0"
"KGT","Sri Lanka","Total MCOS & COGS","45000000","Total COGS (where applicable incl IC)","-1388.59","-1152.95","-1451.87","-1186.78","-1233.57","-46.79","-3.94","218.3","15.04","-80.62","-6.99"
"KGT","Sri Lanka","Raw Materials & COGS","","MCOS-Personnel Expenses (VC)","0","0","0","0","0","0","0","0","0","0","0"
"KGT","Sri Lanka","Raw Materials & COGS","","MCOS-Rent and utilities (VC)","0","0","0","0","0","0","0","0","0","0","0"
"KGT","Sri Lanka","Raw Materials & COGS","","MCOS-Office and Communication (VC)","0","0","0","0","0","0","0","0","0","0","0"
"KGT","Sri Lanka","Raw Materials & COGS","","MCOS-Delivery Expenses (VC)","0","0","0","0","0","0","0","0","0","0","0"
"KGT","Sri Lanka","Raw Materials & COGS","","MCOS-Other Operating (Income)_Expense (VC)","0","0","0","0","0","0","0","0","0","0","0"
"KGT","Sri Lanka","Raw Materials & COGS","","MCOS- Labour (Standard MCOS) - VC","0","0","0","0","0","0","0","0","0","0","0"
"KGT","Sri Lanka","Raw Materials & COGS","","MCOS-Fuel & Electricity (Standard MCOS) - VC","0","0","0","0","0","0","0","0","0","0","0"
"KGT","Sri Lanka","Raw Materials & COGS","","MCOS-Maintenance (Standard MCOS) - VC","0","0","0","0","0","0","0","0","0","0","0"
"KGT","Sri Lanka","Volume","","VARIABLE COST | MT","0","0","0","0","0","0","0","0","0","0","0"
"KGT","Sri Lanka","Raw Materials & COGS","","MCOS-Personnel Expenses (FC)","0","0","0","0","0","0","0","0","0","0","0"
"KGT","Sri Lanka","Raw Materials & COGS","","MCOS-Travel and Entertainment (FC)","0","0","0","0","0","0","0","0","0","0","0"
"KGT","Sri Lanka","Raw Materials & COGS","","MCOS-Rent and utilities (FC)","0","0","0","0","0","0","0","0","0","0","0"
"KGT","Sri Lanka","Raw Materials & COGS","","MCOS-Leasing Charges (FC)","0","0","0","0","0","0","0","0","0","0","0"
"KGT","Sri Lanka","Raw Materials & COGS","","MCOS-Advertising and Promotion (FC)","0","0","0","0","0","0","0","0","0","0","0"
"KGT","Sri Lanka","Raw Materials & COGS","","MCOS-Insurance Expenses (FC)","0","0","0","0","0","0","0","0","0","0","0"
"KGT","Sri Lanka","Raw Materials & COGS","","MCOS-Professional Fees (FC)","0","0","0","0","0","0","0","0","0","0","0"
"KGT","Sri Lanka","Raw Materials & COGS","","MCOS-Allocated Income_Expense IC (FC)","0","0","0","0","0","0","0","0","0","0","0"
"KGT","Sri Lanka","Raw Materials & COGS","","MCOS-Other Operating (Income)_Expense (FC)","0","0","0","0","0","0","0","0","0","0","0"
"KGT","Sri Lanka","Raw Materials & COGS","","MCOS-Lease payment (of Financing Co_Div.) (FC)","0","0","0","0","0","0","0","0","0","0","0"
"KGT","Sri Lanka","Raw Materials & COGS","","MCOS-Shared Service Cost (FC)","0","0","0","0","0","0","0","0","0","0","0"
"KGT","Sri Lanka","Raw Materials & COGS","","MCOS-Inventory write-offs (FC)","0","0","0","0","0","0","0","0","0","0","0"
"KGT","Sri Lanka","Raw Materials & COGS","","MCOS-Depreciation-PPE (FC)","0","0","0","0","0","0","0","0","0","0","0"
"KGT","Sri Lanka","Raw Materials & COGS","","MCOS-Depreciation-ROU Asset (PLP) (FC)","0","0","0","0","0","0","0","0","0","0","0"
"KGT","Sri Lanka","Raw Materials & COGS","","MCOS- Rent (Standard MCOS) - (FC)","0","0","0","0","0","0","0","0","0","0","0"
"KGT","Sri Lanka","Raw Materials & COGS","","MCOS- Depreciation (Standard MCOS) - (FC)","0","0","0","0","0","0","0","0","0","0","0"
"KGT","Sri Lanka","Raw Materials & COGS","","MCOS-Others (Standard MCOS) - (VC)","0","0","0","0","0","0","0","0","0","0","0"
"KGT","Sri Lanka","Volume","","FIXED COST | MT","0","0","0","0","0","0","0","0","0","0","0"
"KGT","Sri Lanka","Headcount","HR_TL","Total Technical HC (incl QA/QC, Formulator, Lab etc)","0","0","0","0","0","0","0","0","0","0","0"
"KGT","Sri Lanka","Headcount","HR_OP","Total Operations HC (incl warehousing, weighbridge)","0","0","0","0","0","0","0","0","0","0","0"
"KGT","Sri Lanka","Headcount","","Total 'Production Related' HC","0","0","0","0","0","0","0","0","0","0","0"
"KGT","Sri Lanka","Revenue","HR_SA","Total Sales Head Count","0","0","0","0","0","0","0","0","0","0","0"
"KGT","Sri Lanka","Headcount","HR_SP","Total Support Head Count","0","0","0","0","0","0","0","0","0","0","0"
"KGT","Sri Lanka","Headcount","HR_TOTAL","Total Head Count (Closing balance)","0","0","0","0","0","0","0","0","0","0","0"
"KGT","Sri Lanka","KPIs","","IOIC (only TP + RC)","667.75","576.04","777.46","629.69","589.59","-40.1","-6.37","-187.87","-24.16","13.55","2.35"
"KGT","Sri Lanka","Revenue","50000000","Gross Operating Revenue","1519.66","1135.95","1366.96","1155.95","1134.14","-21.81","-1.89","-232.82","-17.03","-1.81","-0.16"
"KGT","Sri Lanka","Revenue","","GOR %","2.77","1.49","0.82","0.57","2.95","2.38","417.54","2.13","259.76","1.46","97.99"
"KGT","Sri Lanka","Raw Materials & COGS","43251000","MCOS-Depreciation-Leasehold Improvements PPE","0","0","0","0","0","0","0","0","0","0","0"
"KGT","Sri Lanka","Raw Materials & COGS","43252000","MCOS-Depreciation-Motor Vehicles PPE","0","0","0","0","0","0","0","0","0","0","0"
"KGT","Sri Lanka","Raw Materials & COGS","43253000","MCOS-Depreciation-Computer Equipment PPE","0","0","0","0","0","0","0","0","0","0","0"
"KGT","Sri Lanka","Raw Materials & COGS","43254000","MCOS-Depreciation-Furniture and Fixtures PPE","0","0","0","0","0","0","0","0","0","0","0"
"KGT","Sri Lanka","Raw Materials & COGS","43255000","MCOS-Depreciation-Others PPE","0","0","0","0","0","0","0","0","0","0","0"
"KGT","Sri Lanka","Raw Materials & COGS","43256000","MCOS-Depreciation-Land PPE","0","0","0","0","0","0","0","0","0","0","0"
"KGT","Sri Lanka","Raw Materials & COGS","43257000","MCOS-Depreciation-Buildings PPE","0","0","0","0","0","0","0","0","0","0","0"
"KGT","Sri Lanka","Raw Materials & COGS","43258000","MCOS-Depreciation-Construction in progress PPE","0","0","0","0","0","0","0","0","0","0","0"
"KGT","Sri Lanka","Raw Materials & COGS","43259000","MCOS-Depreciation-Machinery and Equipment PPE","0","0","0","0","0","0","0","0","0","0","0"
"KGT","Sri Lanka","Raw Materials & COGS","43260000","MCOS-Depreciation-ERP PPE","0","0","0","0","0","0","0","0","0","0","0"
"KGT","Sri Lanka","Raw Materials & COGS","43360000","MCOS-Depreciation-ERP ROU Asset (PLP)","0","0","0","0","0","0","0","0","0","0","0"
"KGT","Sri Lanka","Raw Materials & COGS","43350000","MCOS-Depreciation-ROU Asset (PLP)","0","0","0","0","0","0","0","0","0","0","0"
"KGT","Sri Lanka","Raw Materials & COGS","","Total MCOS - Depreciation","0","0","0","0","0","0","0","0","0","0","0"
"GCS","Malaysia","Volume","Unit Sales - TP_Feed","Unit Sales - TP (Feed)","38650.16","43698.68","38649.55","44327.77","43902.21","-425.56","-0.96","5252.66","13.59","203.53","0.47"
"GCS","Malaysia","Volume","Unit Sales - IC_Feed","Unit Sales - IC (Feed)","0","0","0","0","0","0","0","0","0","0","0"
"GCS","Malaysia","Volume","Unit Sales - RC_Feed","Unit Sales - RC (Feed)","93266.09","90836.6","91982","87469.21","90013.16","2543.95","2.91","-1968.84","-2.14","-823.44","-0.91"
"GCS","Malaysia","Volume","Total Unit Sales_Feed","Total Unit Sales (Feed)","131916.25","134535.28","130631.55","131796.98","133915.38","2118.4","1.61","3283.83","2.51","-619.9","-0.46"
"GCS","Malaysia","Volume","Unit Sales - TP_CT","Unit Sales - TP (CT)","8393.34","13104.03","9321.3","11776","13450","1674","14.22","4128.7","44.29","345.97","2.64"
"GCS","Malaysia","Volume","Unit Sales - RC_CT","Unit Sales - RC (CT)","9.06","0.2","0","0","0","0","0","0","0","-0.2","-100"
"GCS","Malaysia","Volume","Unit Sales - TP_DOC","Unit Sales - TP (DOC)","0","0","0","0","0","0","0","0","0","0","0"
"GCS","Malaysia","Volume","","Total Volumes (MT) Feed + CT (TP +RC)","140318.65","147639.5","139952.85","143572.98","147365.37","3792.39","2.64","7412.52","5.3","-274.13","-0.19"
"GCS","Malaysia","Volume","","Total Volumes (MT) - Feed only","131916.25","134535.28","130631.55","131796.98","133915.38","2118.4","1.61","3283.83","2.51","-619.9","-0.46"
"GCS","Malaysia","Revenue","41011000","Gross Sales TP","28769.71","32428.84","28537.69","33545.71","34195.32","649.61","1.94","5657.63","19.83","1766.48","5.45"
"GCS","Malaysia","Revenue","41012200","Gross Sales RC","59557.02","57771.19","60183.07","58633.63","60950.91","2317.28","3.95","767.84","1.28","3179.72","5.5"
"GCS","Malaysia","Revenue","41021000","Concession TP","-3513.27","-4187.38","-4302.22","-4317.89","-4266.92","50.97","1.18","35.3","0.82","-79.54","-1.9"
"GCS","Malaysia","Revenue","41022500","Concession RC","-16384.7","-17378.67","-18530.11","-17977.16","-18686.2","-709.04","-3.94","-156.09","-0.84","-1307.53","-7.52"
"GCS","Malaysia","Revenue","Net Sales TP","Net Sales TP","25256.44","28241.45","24235.47","29227.81","29928.4","700.59","2.4","5692.93","23.49","1686.95","5.97"
"GCS","Malaysia","Revenue","Net Sales RC","Net Sales RC","43172.32","40392.52","41652.96","40656.46","42264.71","1608.25","3.96","611.75","1.47","1872.19","4.63"
"GCS","Malaysia","Revenue","","Total Net Sales (TP + RC)","68428.76","68633.97","65888.43","69884.28","72193.11","2308.83","3.3","6304.68","9.57","3559.14","5.19"
"GCS","Malaysia","Revenue","Net Sales IC","Net Sales IC","22.07","8.94","0","2.72","0","-2.72","-100","0","0","-8.94","-100"
"GCS","Malaysia","Revenue","","Total Net Sales (incl IC)","68450.83","68642.91","65888.43","69886.99","72193.11","2306.12","3.3","6304.68","9.57","3550.2","5.17"
"GCS","Malaysia","Raw Materials & COGS","42210000","Material Cost","-20801.74","-22100.35","-18300.74","-25413.06","-21366.37","4046.69","15.92","-3065.63","-16.75","733.98","3.32"
"GCS","Malaysia","Raw Materials & COGS","42229110","Variance - Purchase Price","-25761914820","-25761914820","0","0","0","0","0","0","0","25761914820","100"
"GCS","Malaysia","Raw Materials & COGS","42211000","Raw Material COS","-3294.76","-4288.47","-3219.33","-4021.3","-4559.75","-538.45","-13.39","-1340.42","-41.64","-271.28","-6.33"
"GCS","Malaysia","Raw Materials & COGS","42212000","Packing Material COS","-137.6","-121.13","-141.65","-163.9","-150.52","13.38","8.16","-8.87","-6.26","-29.39","-24.26"
"GCS","Malaysia","Raw Materials & COGS","42213000","Finished Goods/Direct Purchase COS","-17107.14","-17969.04","-14448.31","-22257.89","-16118.27","6139.62","27.58","-1669.96","-11.56","1850.77","10.3"
"GCS","Malaysia","General","42214000","Provision for Stock Adjustment","4.58","29.78","0","-2.77","0","2.77","100","0","0","-29.78","-100"
"GCS","Malaysia","Raw Materials & COGS","42215000","Exchange Differece COS","0","0","0","0","0","0","0","0","0","0","0"
"GCS","Malaysia","Revenue","42216000","Sales Of Raw and Packing materials","0","0","0","0","0","0","0","0","0","0","0"
"GCS","Malaysia","Raw Materials & COGS","42217000","Modified Direct purchase COS","0","0","0","0","0","0","0","0","0","0","0"
"GCS","Malaysia","Raw Materials & COGS","42218000","Physical Inventory Loss","-426.44","-381.62","-491.45","-203.89","-537.83","-333.94","-163.78","-46.38","-9.44","-156.21","-40.93"
"GCS","Malaysia","Raw Materials & COGS","42219000","Production yield_usage variance","159.63","630.14","0","1236.68","0","-1236.68","-100","0","0","-630.14","-100"
"GCS","Malaysia","Raw Materials & COGS","42230000","Consignment COS","0","0","0","0","0","0","0","0","0","0","0"
"GCS","Malaysia","Raw Materials & COGS","42250000","COS IC","-21.44","-8.69","0","0.02","0","-0.02","-100","0","0","8.69","100"
"GCS","Malaysia","Revenue","42260000","Cost of sales IC Elimination","0","0","0","0","0","0","0","0","0","0","0"
"GCS","Malaysia","Raw Materials & COGS","42270000","COS RC","-39610.98","-37086.87","-34511.57","-33864.63","-37704.07","-3839.44","-11.34","-3192.5","-9.25","-617.2","-1.66"
"GCS","Malaysia","Raw Materials & COGS","48000000","Cost of Services","0","0","0","0","0","0","0","0","0","0","0"
"GCS","Malaysia","Raw Materials & COGS","","Total Raw Materials Costs","-60434.16","-59195.9","-52812.31","-59277.68","-59070.44","207.24","0.35","-6258.13","-11.85","125.46","0.21"
"GCS","Malaysia","Raw Materials & COGS","43000000","ACTUAL MCOS","-2622.64","-2838.09","-3256.88","-3078.66","-3401.65","-322.99","-10.49","-144.77","-4.45","-563.56","-19.86"
"GCS","Malaysia","Raw Materials & COGS","43110000","MCOS-Personnel Expenses","-1077.92","-1222.67","-1421.15","-1510.41","-1488.49","21.92","1.45","-67.34","-4.74","-265.82","-21.74"
"GCS","Malaysia","Raw Materials & COGS","43116000","MCOS-Transportation Expenses (VC)","-6.24","-4.74","-2.71","-10.56","-2.83","7.73","73.2","-0.12","-4.43","1.91","40.3"
"GCS","Malaysia","Raw Materials & COGS","43115000","MCOS-Contractual Employees & Others (VC)","-62.56","-67.73","-84.66","-79.77","-89.17","-9.4","-11.78","-4.51","-5.33","-21.44","-31.66"
"GCS","Malaysia","Raw Materials & COGS","43111120","MCOS-Contract staff (VC)","0","0","0","0","0","0","0","0","0","0","0"
"GCS","Malaysia","Raw Materials & COGS","43111130","MCOS-Contractual bonus (VC)","-65.78","-79.2","-86.19","-90.15","-89.83","0.32","0.35","-3.64","-4.22","-10.63","-13.42"
"GCS","Malaysia","Raw Materials & COGS","43111140","MCOS-Commission (VC)","0","0","0","0","0","0","0","0","0","0","0"
"GCS","Malaysia","Raw Materials & COGS","43111200","MCOS-Discretionary Bonus (VC)","-70.39","-58.03","-91.81","-120.73","-95.68","25.05","20.75","-3.87","-4.22","-37.65","-64.88"
"GCS","Malaysia","Raw Materials & COGS","43111320","MCOS-Overtime Variable Cost (VC)","-168.01","-243.52","-245.91","-284.84","-262.73","22.11","7.76","-16.82","-6.84","-19.21","-7.89"
"GCS","Malaysia","Raw Materials & COGS","43111110","MCOS-Salaries (FC)","-567.66","-635.88","-689.52","-739.77","-718.61","21.16","2.86","-29.09","-4.22","-82.73","-13.01"
"GCS","Malaysia","Raw Materials & COGS","43111310","MCOS-Overtime Fixed Cost (FC)","0","0","0","0","0","0","0","0","0","0","0"
"GCS","Malaysia","Raw Materials & COGS","43112000","MCOS-Personnel Allowances (FC)","-15.52","-18.36","-17.68","-18.29","-18.43","-0.14","-0.77","-0.75","-4.24","-0.07","-0.38"
"GCS","Malaysia","Raw Materials & COGS","43113000","MCOS-Social Benefits (FC)","-120.39","-114.38","-166.49","-152.51","-173.51","-21","-13.77","-7.02","-4.22","-59.13","-51.7"
"GCS","Malaysia","Raw Materials & COGS","43114000","MCOS-Employee Training (FC)","-1.36","-0.82","-36.17","-13.79","-37.7","-23.91","-173.39","-1.53","-4.23","-36.88","-4497.56"
"GCS","Malaysia","Raw Materials & COGS","43120000","MCOS-Travel and Entertainment (FC)","-5.83","-10.62","-33.35","-23.21","-34.76","-11.55","-49.76","-1.41","-4.23","-24.14","-227.31"
"GCS","Malaysia","Raw Materials & COGS","43130000","MCOS-Rent and utilities","-938.23","-1008.29","-918.57","-876.43","-957.32","-80.89","-9.23","-38.75","-4.22","50.97","5.06"
"GCS","Malaysia","Raw Materials & COGS","43133110","MCOS-Fuel and Gas (VC)","-151.84","-156.57","-193.6","-197.05","-201.77","-4.72","-2.4","-8.17","-4.22","-45.2","-28.87"
"GCS","Malaysia","Raw Materials & COGS","43133120","MCOS-Power, Light and Water (VC)","-251.61","-267.34","-315.12","-282.73","-328.42","-45.69","-16.16","-13.3","-4.22","-61.08","-22.85"
"GCS","Malaysia","Raw Materials & COGS","43133300","MCOS-Utilities Others (VC)","-10.87","-17.91","-11.9","-13.11","-12.41","0.7","5.34","-0.51","-4.29","5.5","30.71"
"GCS","Malaysia","Raw Materials & COGS","43131000","MCOS-Rental Expense Under Operating Lease (FC)","-12.3","-9.57","-14.75","-14.47","-15.37","-0.9","-6.22","-0.62","-4.2","-5.8","-60.61"
"GCS","Malaysia","Raw Materials & COGS","43133200","MCOS-Repair and Maintenance (FC)","-511.6","-556.9","-383.19","-369.08","-399.36","-30.28","-8.2","-16.17","-4.22","157.54","28.29"
"GCS","Malaysia","Raw Materials & COGS","43140000","MCOS-Leasing Charges (FC)","0","0","0","0","0","0","0","0","0","0","0"
"GCS","Malaysia","Raw Materials & COGS","43150000","MCOS-Office and Communication (VC)","-17.93","-14.59","-13.81","-14.18","-14.39","-0.21","-1.48","-0.58","-4.2","0.2","1.37"
"GCS","Malaysia","Raw Materials & COGS","43160000","MCOS-Advertising and Promotion (FC)","0","0","0","0","0","0","0","0","0","0","0"
"GCS","Malaysia","Raw Materials & COGS","43170000","MCOS-Delivery Expenses (VC)","0","0","0","0","0","0","0","0","0","0","0"
"GCS","Malaysia","Raw Materials & COGS","43180000","MCOS-Insurance Expenses (FC)","-115.84","-115.98","-165","-133.51","-171.96","-38.45","-28.8","-6.96","-4.22","-55.98","-48.27"
"GCS","Malaysia","Raw Materials & COGS","43190000","MCOS-Professional Fees (FC)","0","0","0","0","0","0","0","0","0","0","0"
"GCS","Malaysia","Raw Materials & COGS","43200000","MCOS-Allocated Income_Expense IC (FC)","-3.73","4.17","16.12","24.8","16.8","-8","-32.26","0.68","4.22","12.63","302.88"
"GCS","Malaysia","Raw Materials & COGS","43210000","MCOS-Other Operating (Income)_Expense","-45.46","-21.17","-57.39","-44.61","-59.81","-15.2","-34.07","-2.42","-4.22","-38.64","-182.52"
"GCS","Malaysia","Raw Materials & COGS","43211000","MCOS-(Income)","22.2","30.44","19.05","29.79","19.85","-9.94","-33.37","0.8","4.2","-10.59","-34.79"
"GCS","Malaysia","Raw Materials & COGS","43212100","MCOS-Bank Charges (FC)","0","0","0","0","0","0","0","0","0","0","0"
"GCS","Malaysia","Raw Materials & COGS","43212200","MCOS-Production Supplies (VC)","0","0","0","0","0","0","0","0","0","0","0"
"GCS","Malaysia","Raw Materials & COGS","43212300","MCOS-Security and Janitorial Services (FC)","0","0","0","0","0","0","0","0","0","0","0"
"GCS","Malaysia","Raw Materials & COGS","43212400","MCOS-Recruitment Expenses (FC)","0.25","0.07","-2.38","0.21","-2.48","-2.69","-1280.95","-0.1","-4.2","-2.55","-3642.86"
"GCS","Malaysia","Raw Materials & COGS","43212500","MCOS-Unmatched Professional fees PLUG IC (FC)","0","0","0","0","0","0","0","0","0","0","0"
"GCS","Malaysia","Raw Materials & COGS","43212610","MCOS-Analysis_testing fee (FC)","-16.12","-24.19","-14.29","-26.92","-14.89","12.03","44.69","-0.6","-4.2","9.3","38.45"
"GCS","Malaysia","Raw Materials & COGS","43212620","MCOS-Other taxes (Non-corp. tax) (FC)","0","0","0","0","0","0","0","0","0","0","0"
"GCS","Malaysia","Raw Materials & COGS","43212630","MCOS-HSE expenses (FC)","-7.83","-6.86","-50.13","-19.88","-52.24","-32.36","-162.78","-2.11","-4.21","-45.38","-661.52"
"GCS","Malaysia","Raw Materials & COGS","43212640","MCOS-Others (FC)","-19.08","-20.63","-9.64","-27.8","-10.05","17.75","63.85","-0.41","-4.25","10.58","51.28"
"GCS","Malaysia","Raw Materials & COGS","43212650","MCOS-Toll Manufacturing (FC)","-24.87","0","0","0","0","0","0","0","0","0","0"
"GCS","Malaysia","Raw Materials & COGS","43212660","MCOS-R&D (FC)","0","0","0","0","0","0","0","0","0","0","0"
"GCS","Malaysia","Raw Materials & COGS","43212700","MCOS-Unmatched Insurance Expenses PLUG IC (FC)","0","0","0","0","0","0","0","0","0","0","0"
"GCS","Malaysia","Raw Materials & COGS","43212800","MCOS-Unmatched Rental Expenses PLUG IC (FC)","0","0","0","0","0","0","0","0","0","0","0"
"GCS","Malaysia","Raw Materials & COGS","43212900","MCOS-Pest Control (FC)","0","0","0","0","0","0","0","0","0","0","0"
"GCS","Malaysia","Raw Materials & COGS","43220000","MCOS-Lease payment (of Financing Co_Div.) (FC)","0","0","0","0","0","0","0","0","0","0","0"
"GCS","Malaysia","Raw Materials & COGS","43230000","MCOS-Shared Service Cost (FC)","0","0","0","0","0","0","0","0","0","0","0"
"GCS","Malaysia","Raw Materials & COGS","43240000","MCOS-Inventory write-offs (FC)","0","0","0","0","0","0","0","0","0","0","0"
"GCS","Malaysia","Raw Materials & COGS","43250000","MCOS-Depreciation-PPE (FC)","-300.61","-321.8","-531.66","-362.97","-554.09","-191.12","-52.65","-22.43","-4.22","-232.29","-72.18"
"GCS","Malaysia","Raw Materials & COGS","43350000","MCOS-Depreciation-ROU Asset (PLP) (FC)","-117.09","-127.14","-132.06","-138.13","-137.63","0.5","0.36","-5.57","-4.22","-10.49","-8.25"
"GCS","Malaysia","Raw Materials & COGS","43410000","MCOS-Allocated Income_Expense TP","0","0","0","0","0","0","0","0","0","0","0"
"GCS","Malaysia","Raw Materials & COGS","43400000","MCOS-Inventory Provision","0","0","0","0","0","0","0","0","0","0","0"
"GCS","Malaysia","Raw Materials & COGS","44000000","STANDARD MCOS","1793.82","1534.33","0","1826.42","0","-1826.42","-100","0","0","-1534.33","-100"
"GCS","Malaysia","Raw Materials & COGS","44100000","MCOS-Standard-Variable","0","0","0","0","0","0","0","0","0","0","0"
"GCS","Malaysia","Raw Materials & COGS","44100100","MCOS- Labour @ Std - VC","0","0","0","0","0","0","0","0","0","0","0"
"GCS","Malaysia","Raw Materials & COGS","44100200","MCOS-Fuel & Electricity @ Std- VC","0","0","0","0","0","0","0","0","0","0","0"
"GCS","Malaysia","Raw Materials & COGS","44100300","MCOS-Maintenance @ Std - VC","0","0","0","0","0","0","0","0","0","0","0"
"GCS","Malaysia","Raw Materials & COGS","44200000","MCOS-Standard-Fixed","0","0","0","0","0","0","0","0","0","0","0"
"GCS","Malaysia","Raw Materials & COGS","44200100","MCOS- Rent @ Std- FC","0","0","0","0","0","0","0","0","0","0","0"
"GCS","Malaysia","Raw Materials & COGS","44200200","MCOS-Depreciation @ Std - FC","0","0","0","0","0","0","0","0","0","0","0"
"GCS","Malaysia","Raw Materials & COGS","44200300","MCOS-Others @ Std - FC","0","0","0","0","0","0","0","0","0","0","0"
"GCS","Malaysia","Raw Materials & COGS","44310000","MCOS-Standard Absorption Cost - Variable","1254.85","1071.36","0","1274.09","0","-1274.09","-100","0","0","-1071.36","-100"
"GCS","Malaysia","Raw Materials & COGS","44311000","MCOS-Standard Absorption Labour - VC","586.69","507.45","0","601.1","0","-601.1","-100","0","0","-507.45","-100"
"GCS","Malaysia","Raw Materials & COGS","44312000","MCOS-Standard Absorption Fuel & Electricity - VC","337.92","281.98","0","336.25","0","-336.25","-100","0","0","-281.98","-100"
"GCS","Malaysia","Raw Materials & COGS","44313000","MCOS-Standard Absorption Maintenance - VC","330.24","281.93","0","336.74","0","-336.74","-100","0","0","-281.93","-100"
"GCS","Malaysia","Raw Materials & COGS","44320000","MCOS-Standard Absorption Cost - Fixed","538.96","462.98","0","552.33","0","-552.33","-100","0","0","-462.98","-100"
"GCS","Malaysia","Raw Materials & COGS","44321000","MCOS-Standard Absorption Rent - FC","79.48","68.3","0","80.9","0","-80.9","-100","0","0","-68.3","-100"
"GCS","Malaysia","Raw Materials & COGS","44322000","MCOS-Standard Absorption Depreciation - FC","191.31","164.2","0","196.51","0","-196.51","-100","0","0","-164.2","-100"
"GCS","Malaysia","Raw Materials & COGS","44323000","MCOS-Standard Absorption Others - FC","268.17","230.47","0","274.92","0","-274.92","-100","0","0","-230.47","-100"
"GCS","Malaysia","Raw Materials & COGS","","Total MCOS","-2622.64","-2838.09","-3256.88","-3078.66","-3401.65","-322.99","-10.49","-144.77","-4.45","-563.56","-19.86"
"GCS","Malaysia","Total MCOS & COGS","45000000","Total COGS (where applicable incl IC)","-61262.98","-60499.66","-56069.19","-60529.92","-62472.1","-1942.18","-3.21","-6402.91","-11.42","-1972.44","-3.26"
"GCS","Malaysia","General","-2058.99395759486","","0","0","0","-1826.42","0","1826.42","100","0","0","0","0"
"GCS","Malaysia","Raw Materials & COGS","","MCOS-Personnel Expenses (VC)","0","0","0","0","0","0","0","0","0","0","0"
"GCS","Malaysia","Raw Materials & COGS","","MCOS-Rent and utilities (VC)","0","0","0","0","0","0","0","0","0","0","0"
"GCS","Malaysia","Raw Materials & COGS","","MCOS-Office and Communication (VC)","0","0","0","0","0","0","0","0","0","0","0"
"GCS","Malaysia","Raw Materials & COGS","","MCOS-Delivery Expenses (VC)","0","0","0","0","0","0","0","0","0","0","0"
"GCS","Malaysia","Raw Materials & COGS","","MCOS-Other Operating (Income)_Expense (VC)","0","0","0","0","0","0","0","0","0","0","0"
"GCS","Malaysia","Raw Materials & COGS","","MCOS- Labour (Standard MCOS) - VC","0","0","0","0","0","0","0","0","0","0","0"
"GCS","Malaysia","Raw Materials & COGS","","MCOS-Fuel & Electricity (Standard MCOS) - VC","0","0","0","0","0","0","0","0","0","0","0"
"GCS","Malaysia","Raw Materials & COGS","","MCOS-Maintenance (Standard MCOS) - VC","0","0","0","0","0","0","0","0","0","0","0"
"GCS","Malaysia","Volume","","VARIABLE COST | MT","0","0","0","0","0","0","0","0","0","0","0"
"GCS","Malaysia","Raw Materials & COGS","","MCOS-Personnel Expenses (FC)","0","0","0","0","0","0","0","0","0","0","0"
"GCS","Malaysia","Raw Materials & COGS","","MCOS-Travel and Entertainment (FC)","0","0","0","0","0","0","0","0","0","0","0"
"GCS","Malaysia","Raw Materials & COGS","","MCOS-Rent and utilities (FC)","0","0","0","0","0","0","0","0","0","0","0"
"GCS","Malaysia","Raw Materials & COGS","","MCOS-Leasing Charges (FC)","0","0","0","0","0","0","0","0","0","0","0"
"GCS","Malaysia","Raw Materials & COGS","","MCOS-Advertising and Promotion (FC)","0","0","0","0","0","0","0","0","0","0","0"
"GCS","Malaysia","Raw Materials & COGS","","MCOS-Insurance Expenses (FC)","0","0","0","0","0","0","0","0","0","0","0"
"GCS","Malaysia","Raw Materials & COGS","","MCOS-Professional Fees (FC)","0","0","0","0","0","0","0","0","0","0","0"
"GCS","Malaysia","Raw Materials & COGS","","MCOS-Allocated Income_Expense IC (FC)","0","0","0","0","0","0","0","0","0","0","0"
"GCS","Malaysia","Raw Materials & COGS","","MCOS-Other Operating (Income)_Expense (FC)","0","0","0","0","0","0","0","0","0","0","0"
"GCS","Malaysia","Raw Materials & COGS","","MCOS-Lease payment (of Financing Co_Div.) (FC)","0","0","0","0","0","0","0","0","0","0","0"
"GCS","Malaysia","Raw Materials & COGS","","MCOS-Shared Service Cost (FC)","0","0","0","0","0","0","0","0","0","0","0"
"GCS","Malaysia","Raw Materials & COGS","","MCOS-Inventory write-offs (FC)","0","0","0","0","0","0","0","0","0","0","0"
"GCS","Malaysia","Raw Materials & COGS","","MCOS-Depreciation-PPE (FC)","0","0","0","0","0","0","0","0","0","0","0"
"GCS","Malaysia","Raw Materials & COGS","","MCOS-Depreciation-ROU Asset (PLP) (FC)","0","0","0","0","0","0","0","0","0","0","0"
"GCS","Malaysia","Raw Materials & COGS","","MCOS- Rent (Standard MCOS) - (FC)","0","0","0","0","0","0","0","0","0","0","0"
"GCS","Malaysia","Raw Materials & COGS","","MCOS- Depreciation (Standard MCOS) - (FC)","0","0","0","0","0","0","0","0","0","0","0"
"GCS","Malaysia","Raw Materials & COGS","","MCOS-Others (Standard MCOS) - (VC)","0","0","0","0","0","0","0","0","0","0","0"
"GCS","Malaysia","Volume","","FIXED COST | MT","0","0","0","0","0","0","0","0","0","0","0"
"GCS","Malaysia","Headcount","HR_TL","Total Technical HC (incl QA/QC, Formulator, Lab etc)","0","0","0","0","0","0","0","0","0","0","0"
"GCS","Malaysia","Headcount","HR_OP","Total Operations HC (incl warehousing, weighbridge)","0","0","0","0","0","0","0","0","0","0","0"
"GCS","Malaysia","Headcount","","Total 'Production Related' HC","0","0","0","0","0","0","0","0","0","0","0"
"GCS","Malaysia","Revenue","HR_SA","Total Sales Head Count","0.01","0","0","0.01","0.01","0","0","0.01","0","0.01","0"
"GCS","Malaysia","Headcount","HR_SP","Total Support Head Count","0","0","0","0","0","0","0","0","0","0","0"
"GCS","Malaysia","Headcount","HR_TOTAL","Total Head Count (Closing balance)","0","0","0","0","0","0","0","0","0","0","0"
"GCS","Malaysia","KPIs","","IOIC (only TP + RC)","9809.85","10981.09","13076.12","12433","13122.67","689.67","5.55","46.55","0.36","2141.58","19.5"
"GCS","Malaysia","Revenue","50000000","Gross Operating Revenue","7187.85","8143.25","9819.24","9357.07","9721.01","363.94","3.89","-98.23","-1","1577.76","19.38"
"GCS","Malaysia","Revenue","","GOR %","0.12","0.13","0.14","0.1","0.13","0.03","30","-0.01","-7.14","0","0"
"GCS","Malaysia","Raw Materials & COGS","43251000","MCOS-Depreciation-Leasehold Improvements PPE","-2.88","-3.06","-11.31","-3.27","-11.79","-8.52","-260.55","-0.48","-4.24","-8.73","-285.29"
"GCS","Malaysia","Raw Materials & COGS","43252000","MCOS-Depreciation-Motor Vehicles PPE","-6.09","-4.41","-6.63","-4.02","-6.91","-2.89","-71.89","-0.28","-4.22","-2.5","-56.69"
"GCS","Malaysia","Raw Materials & COGS","43253000","MCOS-Depreciation-Computer Equipment PPE","-5.61","-16.46","-5.54","-18.73","-5.77","12.96","69.19","-0.23","-4.15","10.69","64.95"
"GCS","Malaysia","Raw Materials & COGS","43254000","MCOS-Depreciation-Furniture and Fixtures PPE","-21.68","-10.03","-27.9","-12.8","-29.07","-16.27","-127.11","-1.17","-4.19","-19.04","-189.83"
"GCS","Malaysia","Raw Materials & COGS","43255000","MCOS-Depreciation-Others PPE","0","0","0","0","0","0","0","0","0","0","0"
"GCS","Malaysia","Raw Materials & COGS","43256000","MCOS-Depreciation-Land PPE","0","0","0","0","0","0","0","0","0","0","0"
"GCS","Malaysia","Raw Materials & COGS","43257000","MCOS-Depreciation-Buildings PPE","-23.3","-25.41","-148.88","-29.02","-155.16","-126.14","-434.67","-6.28","-4.22","-129.75","-510.63"
"GCS","Malaysia","Raw Materials & COGS","43258000","MCOS-Depreciation-Construction in progress PPE","0","0","0","0","0","0","0","0","0","0","0"
"GCS","Malaysia","Raw Materials & COGS","43259000","MCOS-Depreciation-Machinery and Equipment PPE","-241.05","-262.44","-331.41","-295.13","-345.39","-50.26","-17.03","-13.98","-4.22","-82.95","-31.61"
"GCS","Malaysia","Raw Materials & COGS","43260000","MCOS-Depreciation-ERP PPE","0","0","0","0","0","0","0","0","0","0","0"
"GCS","Malaysia","Raw Materials & COGS","43360000","MCOS-Depreciation-ERP ROU Asset (PLP)","0","0","0","0","0","0","0","0","0","0","0"
"GCS","Malaysia","Raw Materials & COGS","43350000","MCOS-Depreciation-ROU Asset (PLP)","-117.09","-127.14","-132.06","-138.13","-137.63","0.5","0.36","-5.57","-4.22","-10.49","-8.25"
"GCS","Malaysia","Raw Materials & COGS","","Total MCOS - Depreciation","-417.7","-448.94","-663.72","-501.1","-691.72","-190.62","-38.04","-28","-4.22","-242.78","-54.08"
"GLS","Malaysia","Volume","Unit Sales - TP_Feed","Unit Sales - TP (Feed)","0","0","0","0","0","0","0","0","0","0","0"
"GLS","Malaysia","Volume","Unit Sales - IC_Feed","Unit Sales - IC (Feed)","0","0","0","0","0","0","0","0","0","0","0"
"GLS","Malaysia","Volume","Unit Sales - RC_Feed","Unit Sales - RC (Feed)","0","0","0","0","0","0","0","0","0","0","0"
"GLS","Malaysia","Volume","Total Unit Sales_Feed","Total Unit Sales (Feed)","0","0","0","0","0","0","0","0","0","0","0"
"GLS","Malaysia","Volume","Unit Sales - TP_CT","Unit Sales - TP (CT)","0","0","0","0","0","0","0","0","0","0","0"
"GLS","Malaysia","Volume","Unit Sales - RC_CT","Unit Sales - RC (CT)","0","0","0","0","0","0","0","0","0","0","0"
"GLS","Malaysia","Volume","Unit Sales - TP_DOC","Unit Sales - TP (DOC)","0","0","0","0","0","0","0","0","0","0","0"
"GLS","Malaysia","Volume","","Total Volumes (MT) Feed + CT (TP +RC)","0","0","0","0","0","0","0","0","0","0","0"
"GLS","Malaysia","Volume","","Total Volumes (MT) - Feed only","0","0","0","0","0","0","0","0","0","0","0"
"GLS","Malaysia","Revenue","41011000","Gross Sales TP","0","0","0","0","0","0","0","0","0","0","0"
"GLS","Malaysia","Revenue","41012200","Gross Sales RC","0","0","0","0","0","0","0","0","0","0","0"
"GLS","Malaysia","Revenue","41021000","Concession TP","0","0","0","0","0","0","0","0","0","0","0"
"GLS","Malaysia","Revenue","41022500","Concession RC","0","0","0","0","0","0","0","0","0","0","0"
"GLS","Malaysia","Revenue","Net Sales TP","Net Sales TP","0","0","0","0","0","0","0","0","0","0","0"
"GLS","Malaysia","Revenue","Net Sales RC","Net Sales RC","0","0","0","0","0","0","0","0","0","0","0"
"GLS","Malaysia","Revenue","","Total Net Sales (TP + RC)","0","0","0","0","0","0","0","0","0","0","0"
"GLS","Malaysia","Revenue","Net Sales IC","Net Sales IC","0","0","0","0","0","0","0","0","0","0","0"
"GLS","Malaysia","Revenue","","Total Net Sales (incl IC)","0","0","0","0","0","0","0","0","0","0","0"
"GLS","Malaysia","Raw Materials & COGS","42210000","Material Cost","0","0","0","0","0","0","0","0","0","0","0"
"GLS","Malaysia","Raw Materials & COGS","42229110","Variance - Purchase Price","-25761914820","-25761914820","0","0","0","0","0","0","0","25761914820","100"
"GLS","Malaysia","Raw Materials & COGS","42211000","Raw Material COS","0","0","0","0","0","0","0","0","0","0","0"
"GLS","Malaysia","Raw Materials & COGS","42212000","Packing Material COS","0","0","0","0","0","0","0","0","0","0","0"
"GLS","Malaysia","Raw Materials & COGS","42213000","Finished Goods/Direct Purchase COS","0","0","0","0","0","0","0","0","0","0","0"
"GLS","Malaysia","General","42214000","Provision for Stock Adjustment","0","0","0","0","0","0","0","0","0","0","0"
"GLS","Malaysia","Raw Materials & COGS","42215000","Exchange Differece COS","0","0","0","0","0","0","0","0","0","0","0"
"GLS","Malaysia","Revenue","42216000","Sales Of Raw and Packing materials","0","0","0","0","0","0","0","0","0","0","0"
"GLS","Malaysia","Raw Materials & COGS","42217000","Modified Direct purchase COS","0","0","0","0","0","0","0","0","0","0","0"
"GLS","Malaysia","Raw Materials & COGS","42218000","Physical Inventory Loss","0","0","0","0","0","0","0","0","0","0","0"
"GLS","Malaysia","Raw Materials & COGS","42219000","Production yield_usage variance","0","0","0","0","0","0","0","0","0","0","0"
"GLS","Malaysia","Raw Materials & COGS","42230000","Consignment COS","0","0","0","0","0","0","0","0","0","0","0"
"GLS","Malaysia","Raw Materials & COGS","42250000","COS IC","0","0","0","0","0","0","0","0","0","0","0"
"GLS","Malaysia","Revenue","42260000","Cost of sales IC Elimination","0","0","0","0","0","0","0","0","0","0","0"
"GLS","Malaysia","Raw Materials & COGS","42270000","COS RC","0","0","0","0","0","0","0","0","0","0","0"
"GLS","Malaysia","Raw Materials & COGS","48000000","Cost of Services","0","0","0","0","0","0","0","0","0","0","0"
"GLS","Malaysia","Raw Materials & COGS","","Total Raw Materials Costs","0","0","0","0","0","0","0","0","0","0","0"
"GLS","Malaysia","Raw Materials & COGS","43000000","ACTUAL MCOS","0","0","0","0","0","0","0","0","0","0","0"
"GLS","Malaysia","Raw Materials & COGS","43110000","MCOS-Personnel Expenses","0","0","0","0","0","0","0","0","0","0","0"
"GLS","Malaysia","Raw Materials & COGS","43116000","MCOS-Transportation Expenses (VC)","0","0","0","0","0","0","0","0","0","0","0"
"GLS","Malaysia","Raw Materials & COGS","43115000","MCOS-Contractual Employees & Others (VC)","0","0","0","0","0","0","0","0","0","0","0"
"GLS","Malaysia","Raw Materials & COGS","43111120","MCOS-Contract staff (VC)","0","0","0","0","0","0","0","0","0","0","0"
"GLS","Malaysia","Raw Materials & COGS","43111130","MCOS-Contractual bonus (VC)","0","0","0","0","0","0","0","0","0","0","0"
"GLS","Malaysia","Raw Materials & COGS","43111140","MCOS-Commission (VC)","0","0","0","0","0","0","0","0","0","0","0"
"GLS","Malaysia","Raw Materials & COGS","43111200","MCOS-Discretionary Bonus (VC)","0","0","0","0","0","0","0","0","0","0","0"
"GLS","Malaysia","Raw Materials & COGS","43111320","MCOS-Overtime Variable Cost (VC)","0","0","0","0","0","0","0","0","0","0","0"
"GLS","Malaysia","Raw Materials & COGS","43111110","MCOS-Salaries (FC)","0","0","0","0","0","0","0","0","0","0","0"
"GLS","Malaysia","Raw Materials & COGS","43111310","MCOS-Overtime Fixed Cost (FC)","0","0","0","0","0","0","0","0","0","0","0"
"GLS","Malaysia","Raw Materials & COGS","43112000","MCOS-Personnel Allowances (FC)","0","0","0","0","0","0","0","0","0","0","0"
"GLS","Malaysia","Raw Materials & COGS","43113000","MCOS-Social Benefits (FC)","0","0","0","0","0","0","0","0","0","0","0"
"GLS","Malaysia","Raw Materials & COGS","43114000","MCOS-Employee Training (FC)","0","0","0","0","0","0","0","0","0","0","0"
"GLS","Malaysia","Raw Materials & COGS","43120000","MCOS-Travel and Entertainment (FC)","0","0","0","0","0","0","0","0","0","0","0"
"GLS","Malaysia","Raw Materials & COGS","43130000","MCOS-Rent and utilities","0","0","0","0","0","0","0","0","0","0","0"
"GLS","Malaysia","Raw Materials & COGS","43133110","MCOS-Fuel and Gas (VC)","0","0","0","0","0","0","0","0","0","0","0"
"GLS","Malaysia","Raw Materials & COGS","43133120","MCOS-Power, Light and Water (VC)","0","0","0","0","0","0","0","0","0","0","0"
"GLS","Malaysia","Raw Materials & COGS","43133300","MCOS-Utilities Others (VC)","0","0","0","0","0","0","0","0","0","0","0"
"GLS","Malaysia","Raw Materials & COGS","43131000","MCOS-Rental Expense Under Operating Lease (FC)","0","0","0","0","0","0","0","0","0","0","0"
"GLS","Malaysia","Raw Materials & COGS","43133200","MCOS-Repair and Maintenance (FC)","0","0","0","0","0","0","0","0","0","0","0"
"GLS","Malaysia","Raw Materials & COGS","43140000","MCOS-Leasing Charges (FC)","0","0","0","0","0","0","0","0","0","0","0"
"GLS","Malaysia","Raw Materials & COGS","43150000","MCOS-Office and Communication (VC)","0","0","0","0","0","0","0","0","0","0","0"
"GLS","Malaysia","Raw Materials & COGS","43160000","MCOS-Advertising and Promotion (FC)","0","0","0","0","0","0","0","0","0","0","0"
"GLS","Malaysia","Raw Materials & COGS","43170000","MCOS-Delivery Expenses (VC)","0","0","0","0","0","0","0","0","0","0","0"
"GLS","Malaysia","Raw Materials & COGS","43180000","MCOS-Insurance Expenses (FC)","0","0","0","0","0","0","0","0","0","0","0"
"GLS","Malaysia","Raw Materials & COGS","43190000","MCOS-Professional Fees (FC)","0","0","0","0","0","0","0","0","0","0","0"
"GLS","Malaysia","Raw Materials & COGS","43200000","MCOS-Allocated Income_Expense IC (FC)","0","0","0","0","0","0","0","0","0","0","0"
"GLS","Malaysia","Raw Materials & COGS","43210000","MCOS-Other Operating (Income)_Expense","0","0","0","0","0","0","0","0","0","0","0"
"GLS","Malaysia","Raw Materials & COGS","43211000","MCOS-(Income)","0","0","0","0","0","0","0","0","0","0","0"
"GLS","Malaysia","Raw Materials & COGS","43212100","MCOS-Bank Charges (FC)","0","0","0","0","0","0","0","0","0","0","0"
"GLS","Malaysia","Raw Materials & COGS","43212200","MCOS-Production Supplies (VC)","0","0","0","0","0","0","0","0","0","0","0"
"GLS","Malaysia","Raw Materials & COGS","43212300","MCOS-Security and Janitorial Services (FC)","0","0","0","0","0","0","0","0","0","0","0"
"GLS","Malaysia","Raw Materials & COGS","43212400","MCOS-Recruitment Expenses (FC)","0","0","0","0","0","0","0","0","0","0","0"
"GLS","Malaysia","Raw Materials & COGS","43212500","MCOS-Unmatched Professional fees PLUG IC (FC)","0","0","0","0","0","0","0","0","0","0","0"
"GLS","Malaysia","Raw Materials & COGS","43212610","MCOS-Analysis_testing fee (FC)","0","0","0","0","0","0","0","0","0","0","0"
"GLS","Malaysia","Raw Materials & COGS","43212620","MCOS-Other taxes (Non-corp. tax) (FC)","0","0","0","0","0","0","0","0","0","0","0"
"GLS","Malaysia","Raw Materials & COGS","43212630","MCOS-HSE expenses (FC)","0","0","0","0","0","0","0","0","0","0","0"
"GLS","Malaysia","Raw Materials & COGS","43212640","MCOS-Others (FC)","0","0","0","0","0","0","0","0","0","0","0"
"GLS","Malaysia","Raw Materials & COGS","43212650","MCOS-Toll Manufacturing (FC)","0","0","0","0","0","0","0","0","0","0","0"
"GLS","Malaysia","Raw Materials & COGS","43212660","MCOS-R&D (FC)","0","0","0","0","0","0","0","0","0","0","0"
"GLS","Malaysia","Raw Materials & COGS","43212700","MCOS-Unmatched Insurance Expenses PLUG IC (FC)","0","0","0","0","0","0","0","0","0","0","0"
"GLS","Malaysia","Raw Materials & COGS","43212800","MCOS-Unmatched Rental Expenses PLUG IC (FC)","0","0","0","0","0","0","0","0","0","0","0"
"GLS","Malaysia","Raw Materials & COGS","43212900","MCOS-Pest Control (FC)","0","0","0","0","0","0","0","0","0","0","0"
"GLS","Malaysia","Raw Materials & COGS","43220000","MCOS-Lease payment (of Financing Co_Div.) (FC)","0","0","0","0","0","0","0","0","0","0","0"
"GLS","Malaysia","Raw Materials & COGS","43230000","MCOS-Shared Service Cost (FC)","0","0","0","0","0","0","0","0","0","0","0"
"GLS","Malaysia","Raw Materials & COGS","43240000","MCOS-Inventory write-offs (FC)","0","0","0","0","0","0","0","0","0","0","0"
"GLS","Malaysia","Raw Materials & COGS","43250000","MCOS-Depreciation-PPE (FC)","0","0","0","0","0","0","0","0","0","0","0"
"GLS","Malaysia","Raw Materials & COGS","43350000","MCOS-Depreciation-ROU Asset (PLP) (FC)","0","0","0","0","0","0","0","0","0","0","0"
"GLS","Malaysia","Raw Materials & COGS","43410000","MCOS-Allocated Income_Expense TP","0","0","0","0","0","0","0","0","0","0","0"
"GLS","Malaysia","Raw Materials & COGS","43400000","MCOS-Inventory Provision","0","0","0","0","0","0","0","0","0","0","0"
"GLS","Malaysia","Raw Materials & COGS","44000000","STANDARD MCOS","0","0","0","0","0","0","0","0","0","0","0"
"GLS","Malaysia","Raw Materials & COGS","44100000","MCOS-Standard-Variable","0","0","0","0","0","0","0","0","0","0","0"
"GLS","Malaysia","Raw Materials & COGS","44100100","MCOS- Labour @ Std - VC","0","0","0","0","0","0","0","0","0","0","0"
"GLS","Malaysia","Raw Materials & COGS","44100200","MCOS-Fuel & Electricity @ Std- VC","0","0","0","0","0","0","0","0","0","0","0"
"GLS","Malaysia","Raw Materials & COGS","44100300","MCOS-Maintenance @ Std - VC","0","0","0","0","0","0","0","0","0","0","0"
"GLS","Malaysia","Raw Materials & COGS","44200000","MCOS-Standard-Fixed","0","0","0","0","0","0","0","0","0","0","0"
"GLS","Malaysia","Raw Materials & COGS","44200100","MCOS- Rent @ Std- FC","0","0","0","0","0","0","0","0","0","0","0"
"GLS","Malaysia","Raw Materials & COGS","44200200","MCOS-Depreciation @ Std - FC","0","0","0","0","0","0","0","0","0","0","0"
"GLS","Malaysia","Raw Materials & COGS","44200300","MCOS-Others @ Std - FC","0","0","0","0","0","0","0","0","0","0","0"
"GLS","Malaysia","Raw Materials & COGS","44310000","MCOS-Standard Absorption Cost - Variable","0","0","0","0","0","0","0","0","0","0","0"
"GLS","Malaysia","Raw Materials & COGS","44311000","MCOS-Standard Absorption Labour - VC","0","0","0","0","0","0","0","0","0","0","0"
"GLS","Malaysia","Raw Materials & COGS","44312000","MCOS-Standard Absorption Fuel & Electricity - VC","0","0","0","0","0","0","0","0","0","0","0"
"GLS","Malaysia","Raw Materials & COGS","44313000","MCOS-Standard Absorption Maintenance - VC","0","0","0","0","0","0","0","0","0","0","0"
"GLS","Malaysia","Raw Materials & COGS","44320000","MCOS-Standard Absorption Cost - Fixed","0","0","0","0","0","0","0","0","0","0","0"
"GLS","Malaysia","Raw Materials & COGS","44321000","MCOS-Standard Absorption Rent - FC","0","0","0","0","0","0","0","0","0","0","0"
"GLS","Malaysia","Raw Materials & COGS","44322000","MCOS-Standard Absorption Depreciation - FC","0","0","0","0","0","0","0","0","0","0","0"
"GLS","Malaysia","Raw Materials & COGS","44323000","MCOS-Standard Absorption Others - FC","0","0","0","0","0","0","0","0","0","0","0"
"GLS","Malaysia","Raw Materials & COGS","","Total MCOS","0","0","0","0","0","0","0","0","0","0","0"
"GLS","Malaysia","Total MCOS & COGS","45000000","Total COGS (where applicable incl IC)","0","0","0","0","0","0","0","0","0","0","0"
"GLS","Malaysia","Raw Materials & COGS","","MCOS-Personnel Expenses (VC)","0","0","0","0","0","0","0","0","0","0","0"
"GLS","Malaysia","Raw Materials & COGS","","MCOS-Rent and utilities (VC)","0","0","0","0","0","0","0","0","0","0","0"
"GLS","Malaysia","Raw Materials & COGS","","MCOS-Office and Communication (VC)","0","0","0","0","0","0","0","0","0","0","0"
"GLS","Malaysia","Raw Materials & COGS","","MCOS-Delivery Expenses (VC)","0","0","0","0","0","0","0","0","0","0","0"
"GLS","Malaysia","Raw Materials & COGS","","MCOS-Other Operating (Income)_Expense (VC)","0","0","0","0","0","0","0","0","0","0","0"
"GLS","Malaysia","Raw Materials & COGS","","MCOS- Labour (Standard MCOS) - VC","0","0","0","0","0","0","0","0","0","0","0"
"GLS","Malaysia","Raw Materials & COGS","","MCOS-Fuel & Electricity (Standard MCOS) - VC","0","0","0","0","0","0","0","0","0","0","0"
"GLS","Malaysia","Raw Materials & COGS","","MCOS-Maintenance (Standard MCOS) - VC","0","0","0","0","0","0","0","0","0","0","0"
"GLS","Malaysia","Volume","","VARIABLE COST | MT","0","0","0","0","0","0","0","0","0","0","0"
"GLS","Malaysia","Raw Materials & COGS","","MCOS-Personnel Expenses (FC)","0","0","0","0","0","0","0","0","0","0","0"
"GLS","Malaysia","Raw Materials & COGS","","MCOS-Travel and Entertainment (FC)","0","0","0","0","0","0","0","0","0","0","0"
"GLS","Malaysia","Raw Materials & COGS","","MCOS-Rent and utilities (FC)","0","0","0","0","0","0","0","0","0","0","0"
"GLS","Malaysia","Raw Materials & COGS","","MCOS-Leasing Charges (FC)","0","0","0","0","0","0","0","0","0","0","0"
"GLS","Malaysia","Raw Materials & COGS","","MCOS-Advertising and Promotion (FC)","0","0","0","0","0","0","0","0","0","0","0"
"GLS","Malaysia","Raw Materials & COGS","","MCOS-Insurance Expenses (FC)","0","0","0","0","0","0","0","0","0","0","0"
"GLS","Malaysia","Raw Materials & COGS","","MCOS-Professional Fees (FC)","0","0","0","0","0","0","0","0","0","0","0"
"GLS","Malaysia","Raw Materials & COGS","","MCOS-Allocated Income_Expense IC (FC)","0","0","0","0","0","0","0","0","0","0","0"
"GLS","Malaysia","Raw Materials & COGS","","MCOS-Other Operating (Income)_Expense (FC)","0","0","0","0","0","0","0","0","0","0","0"
"GLS","Malaysia","Raw Materials & COGS","","MCOS-Lease payment (of Financing Co_Div.) (FC)","0","0","0","0","0","0","0","0","0","0","0"
"GLS","Malaysia","Raw Materials & COGS","","MCOS-Shared Service Cost (FC)","0","0","0","0","0","0","0","0","0","0","0"
"GLS","Malaysia","Raw Materials & COGS","","MCOS-Inventory write-offs (FC)","0","0","0","0","0","0","0","0","0","0","0"
"GLS","Malaysia","Raw Materials & COGS","","MCOS-Depreciation-PPE (FC)","0","0","0","0","0","0","0","0","0","0","0"
"GLS","Malaysia","Raw Materials & COGS","","MCOS-Depreciation-ROU Asset (PLP) (FC)","0","0","0","0","0","0","0","0","0","0","0"
"GLS","Malaysia","Raw Materials & COGS","","MCOS- Rent (Standard MCOS) - (FC)","0","0","0","0","0","0","0","0","0","0","0"
"GLS","Malaysia","Raw Materials & COGS","","MCOS- Depreciation (Standard MCOS) - (FC)","0","0","0","0","0","0","0","0","0","0","0"
"GLS","Malaysia","Raw Materials & COGS","","MCOS-Others (Standard MCOS) - (VC)","0","0","0","0","0","0","0","0","0","0","0"
"GLS","Malaysia","Volume","","FIXED COST | MT","0","0","0","0","0","0","0","0","0","0","0"
"GLS","Malaysia","Headcount","HR_TL","Total Technical HC (incl QA/QC, Formulator, Lab etc)","0","0","0","0","0","0","0","0","0","0","0"
"GLS","Malaysia","Headcount","HR_OP","Total Operations HC (incl warehousing, weighbridge)","0","0","0","0","0","0","0","0","0","0","0"
"GLS","Malaysia","Headcount","","Total 'Production Related' HC","0","0","0","0","0","0","0","0","0","0","0"
"GLS","Malaysia","Revenue","HR_SA","Total Sales Head Count","0","0","0","0","0","0","0","0","0","0","0"
"GLS","Malaysia","Headcount","HR_SP","Total Support Head Count","0","0","0","0","0","0","0","0","0","0","0"
"GLS","Malaysia","Headcount","HR_TOTAL","Total Head Count (Closing balance)","0","0","0","0","0","0","0","0","0","0","0"
"GLS","Malaysia","KPIs","","IOIC (only TP + RC)","0","0","0","0","0","0","0","0","0","0","0"
"GLS","Malaysia","Revenue","50000000","Gross Operating Revenue","0","0","0","0","0","0","0","0","0","0","0"
"GLS","Malaysia","Revenue","","GOR %","-2146826281","-2146826281","-2146826281","-2146826281","-2146826281","0","0","0","0","0","0"
"GLS","Malaysia","Raw Materials & COGS","43251000","MCOS-Depreciation-Leasehold Improvements PPE","0","0","0","0","0","0","0","0","0","0","0"
"GLS","Malaysia","Raw Materials & COGS","43252000","MCOS-Depreciation-Motor Vehicles PPE","0","0","0","0","0","0","0","0","0","0","0"
"GLS","Malaysia","Raw Materials & COGS","43253000","MCOS-Depreciation-Computer Equipment PPE","0","0","0","0","0","0","0","0","0","0","0"
"GLS","Malaysia","Raw Materials & COGS","43254000","MCOS-Depreciation-Furniture and Fixtures PPE","0","0","0","0","0","0","0","0","0","0","0"
"GLS","Malaysia","Raw Materials & COGS","43255000","MCOS-Depreciation-Others PPE","0","0","0","0","0","0","0","0","0","0","0"
"GLS","Malaysia","Raw Materials & COGS","43256000","MCOS-Depreciation-Land PPE","0","0","0","0","0","0","0","0","0","0","0"
"GLS","Malaysia","Raw Materials & COGS","43257000","MCOS-Depreciation-Buildings PPE","0","0","0","0","0","0","0","0","0","0","0"
"GLS","Malaysia","Raw Materials & COGS","43258000","MCOS-Depreciation-Construction in progress PPE","0","0","0","0","0","0","0","0","0","0","0"
"GLS","Malaysia","Raw Materials & COGS","43259000","MCOS-Depreciation-Machinery and Equipment PPE","0","0","0","0","0","0","0","0","0","0","0"
"GLS","Malaysia","Raw Materials & COGS","43260000","MCOS-Depreciation-ERP PPE","0","0","0","0","0","0","0","0","0","0","0"
"GLS","Malaysia","Raw Materials & COGS","43360000","MCOS-Depreciation-ERP ROU Asset (PLP)","0","0","0","0","0","0","0","0","0","0","0"
"GLS","Malaysia","Raw Materials & COGS","43350000","MCOS-Depreciation-ROU Asset (PLP)","0","0","0","0","0","0","0","0","0","0","0"
"GLS","Malaysia","Raw Materials & COGS","","Total MCOS - Depreciation","0","0","0","0","0","0","0","0","0","0","0"
"GCDG","China","Volume","Unit Sales - TP_Feed","Unit Sales - TP (Feed)","207978.94","204946.27","217500","204094.71","209500","5405.29","2.65","-8000","-3.68","4553.73","2.22"
"GCDG","China","Volume","Unit Sales - IC_Feed","Unit Sales - IC (Feed)","6806.78","5467.87","0","3446.15","0","-3446.15","-100","0","0","-5467.87","-100"
"GCDG","China","Volume","Unit Sales - RC_Feed","Unit Sales - RC (Feed)","0","0","0","0","0","0","0","0","0","0","0"
"GCDG","China","Volume","Total Unit Sales_Feed","Total Unit Sales (Feed)","214785.72","210414.14","217500","207540.86","209500","1959.14","0.94","-8000","-3.68","-914.14","-0.43"
"GCDG","China","Volume","Unit Sales - TP_CT","Unit Sales - TP (CT)","6.6","5.78","0","5.28","0","-5.28","-100","0","0","-5.78","-100"
"GCDG","China","Volume","Unit Sales - RC_CT","Unit Sales - RC (CT)","0","0","0","0","0","0","0","0","0","0","0"
"GCDG","China","Volume","Unit Sales - TP_DOC","Unit Sales - TP (DOC)","0","0","0","0","0","0","0","0","0","0","0"
"GCDG","China","Volume","","Total Volumes (MT) Feed + CT (TP +RC)","207985.54","204952.05","217500","204100","209500","5400","2.65","-8000","-3.68","4547.95","2.22"
"GCDG","China","Volume","","Total Volumes (MT) - Feed only","207978.94","204946.27","217500","204094.71","209500","5405.29","2.65","-8000","-3.68","4553.73","2.22"
"GCDG","China","Revenue","41011000","Gross Sales TP","129481.38","124219.54","131659.99","133118.65","142835.11","9716.46","7.3","11175.12","8.49","18615.57","14.99"
"GCDG","China","Revenue","41012200","Gross Sales RC","0","0","0","0","0","0","0","0","0","0","0"
"GCDG","China","Revenue","41021000","Concession TP","-29842.79","-30771.46","-32107.39","-32697.63","-35155.3","-2457.67","-7.52","-3047.91","-9.49","-4383.84","-14.25"
"GCDG","China","Revenue","41022500","Concession RC","0","0","0","0","0","0","0","0","0","0","0"
"GCDG","China","Revenue","Net Sales TP","Net Sales TP","99638.59","93448.07","99552.61","100421.02","107679.8","7258.78","7.23","8127.19","8.16","14231.73","15.23"
"GCDG","China","Revenue","Net Sales RC","Net Sales RC","0","0","0","0","0","0","0","0","0","0","0"
"GCDG","China","Revenue","","Total Net Sales (TP + RC)","99638.59","93448.07","99552.61","100421.02","107679.8","7258.78","7.23","8127.19","8.16","14231.73","15.23"
"GCDG","China","Revenue","Net Sales IC","Net Sales IC","3542.22","2762","0","1801.37","0","-1801.37","-100","0","0","-2762","-100"
"GCDG","China","Revenue","","Total Net Sales (incl IC)","103180.81","96210.08","99552.61","102222.39","107679.8","5457.41","5.34","8127.19","8.16","11469.72","11.92"
"GCDG","China","Raw Materials & COGS","42210000","Material Cost","-84028.44","-78979.26","-84747.64","-85251.91","-91146.05","-5894.14","-6.91","-6398.41","-7.55","-12166.79","-15.41"
"GCDG","China","Raw Materials & COGS","42229110","Variance - Purchase Price","-25761914820","-25761914820","0","11.42","0","-11.42","-100","0","0","25761914820","100"
"GCDG","China","Raw Materials & COGS","42211000","Raw Material COS","-1.08","0.53","0","0","0","0","0","0","0","-0.53","-100"
"GCDG","China","Raw Materials & COGS","42212000","Packing Material COS","-1102.84","-1048.53","-1125.37","-1067.64","-1152.61","-84.97","-7.96","-27.24","-2.42","-104.08","-9.93"
"GCDG","China","Raw Materials & COGS","42213000","Finished Goods/Direct Purchase COS","-82395.86","-77613.72","-83494.57","-83538.52","-89627.21","-6088.69","-7.29","-6132.64","-7.34","-12013.49","-15.48"
"GCDG","China","General","42214000","Provision for Stock Adjustment","3.12","32.17","0","0","0","0","0","0","0","-32.17","-100"
"GCDG","China","Raw Materials & COGS","42215000","Exchange Differece COS","0","0","0","0","0","0","0","0","0","0","0"
"GCDG","China","Revenue","42216000","Sales Of Raw and Packing materials","0","0","0","0","0","0","0","0","0","0","0"
"GCDG","China","Raw Materials & COGS","42217000","Modified Direct purchase COS","0","0","0","0","0","0","0","0","0","0","0"
"GCDG","China","Raw Materials & COGS","42218000","Physical Inventory Loss","-314.51","-157.92","-127.7","-379.22","-366.24","12.98","3.42","-238.54","-186.8","-208.32","-131.91"
"GCDG","China","Raw Materials & COGS","42219000","Production yield_usage variance","-213.01","-191.55","0","-277.95","0","277.95","100","0","0","191.55","100"
"GCDG","China","Raw Materials & COGS","42230000","Consignment COS","0","0","0","0","0","0","0","0","0","0","0"
"GCDG","China","Raw Materials & COGS","42250000","COS IC","-3049.36","-2443.23","0","-1577.69","0","1577.69","100","0","0","2443.23","100"
"GCDG","China","Revenue","42260000","Cost of sales IC Elimination","0","0","0","0","0","0","0","0","0","0","0"
"GCDG","China","Raw Materials & COGS","42270000","COS RC","0","0","0","0","0","0","0","0","0","0","0"
"GCDG","China","Raw Materials & COGS","48000000","Cost of Services","0","0","0","0","0","0","0","0","0","0","0"
"GCDG","China","Raw Materials & COGS","","Total Raw Materials Costs","-87077.8","-81422.49","-84747.64","-86829.6","-91146.05","-4316.45","-4.97","-6398.41","-7.55","-9723.56","-11.94"
"GCDG","China","Raw Materials & COGS","43000000","ACTUAL MCOS","-6382.63","-5835.04","-6148.59","-6343.63","-6724.84","-381.21","-6.01","-576.25","-9.37","-889.8","-15.25"
"GCDG","China","Raw Materials & COGS","43110000","MCOS-Personnel Expenses","-2442.94","-2442.52","-2517.16","-2630.1","-2844.07","-213.97","-8.14","-326.91","-12.99","-401.55","-16.44"
"GCDG","China","Raw Materials & COGS","43116000","MCOS-Transportation Expenses (VC)","0.02","0","0","0","0","0","0","0","0","0","0"
"GCDG","China","Raw Materials & COGS","43115000","MCOS-Contractual Employees & Others (VC)","-604.14","-640.22","-649.72","-718.06","-733.45","-15.39","-2.14","-83.73","-12.89","-93.23","-14.56"
"GCDG","China","Raw Materials & COGS","43111120","MCOS-Contract staff (VC)","0","0","0","0","0","0","0","0","0","0","0"
"GCDG","China","Raw Materials & COGS","43111130","MCOS-Contractual bonus (VC)","-53.97","-53.39","-58.78","-56.07","-63.47","-7.4","-13.2","-4.69","-7.98","-10.08","-18.88"
"GCDG","China","Raw Materials & COGS","43111140","MCOS-Commission (VC)","-87.62","-83.33","-69.55","-83.5","-74.87","8.63","10.34","-5.32","-7.65","8.46","10.15"
"GCDG","China","Raw Materials & COGS","43111200","MCOS-Discretionary Bonus (VC)","-66.4","-68.38","-64.99","-73.6","-66.94","6.66","9.05","-1.95","-3","1.44","2.11"
"GCDG","China","Raw Materials & COGS","43111320","MCOS-Overtime Variable Cost (VC)","-566.05","-568.01","-592.03","-575.48","-622.56","-47.08","-8.18","-30.53","-5.16","-54.55","-9.6"
"GCDG","China","Raw Materials & COGS","43111110","MCOS-Salaries (FC)","-655.1","-674.78","-705.41","-706","-761.65","-55.65","-7.88","-56.24","-7.97","-86.87","-12.87"
"GCDG","China","Raw Materials & COGS","43111310","MCOS-Overtime Fixed Cost (FC)","0","0","0","0","0","0","0","0","0","0","0"
"GCDG","China","Raw Materials & COGS","43112000","MCOS-Personnel Allowances (FC)","-219.24","-143.86","-157.03","-144.94","-163.21","-18.27","-12.61","-6.18","-3.94","-19.35","-13.45"
"GCDG","China","Raw Materials & COGS","43113000","MCOS-Social Benefits (FC)","-188.28","-201.5","-207.06","-259.25","-345.09","-85.84","-33.11","-138.03","-66.66","-143.59","-71.26"
"GCDG","China","Raw Materials & COGS","43114000","MCOS-Employee Training (FC)","-2.17","-9.07","-12.59","-13.2","-12.82","0.38","2.88","-0.23","-1.83","-3.75","-41.35"
"GCDG","China","Raw Materials & COGS","43120000","MCOS-Travel and Entertainment (FC)","-55.81","-53.3","-46.24","-33.59","-40.42","-6.83","-20.33","5.82","12.59","12.88","24.17"
"GCDG","China","Raw Materials & COGS","43130000","MCOS-Rent and utilities","-2488.67","-2168.55","-2253.58","-2419.61","-2470.65","-51.04","-2.11","-217.07","-9.63","-302.1","-13.93"
"GCDG","China","Raw Materials & COGS","43133110","MCOS-Fuel and Gas (VC)","-773.45","-688.27","-718.81","-810.52","-830.56","-20.04","-2.47","-111.75","-15.55","-142.29","-20.67"
"GCDG","China","Raw Materials & COGS","43133120","MCOS-Power, Light and Water (VC)","-1271.42","-1099.61","-1139.94","-1221.47","-1247.33","-25.86","-2.12","-107.39","-9.42","-147.72","-13.43"
"GCDG","China","Raw Materials & COGS","43133300","MCOS-Utilities Others (VC)","-79.2","-75.82","-85.59","-62.56","-78.78","-16.22","-25.93","6.81","7.96","-2.96","-3.9"
"GCDG","China","Raw Materials & COGS","43131000","MCOS-Rental Expense Under Operating Lease (FC)","0","0","0","0","0","0","0","0","0","0","0"
"GCDG","China","Raw Materials & COGS","43133200","MCOS-Repair and Maintenance (FC)","-364.61","-304.85","-309.23","-325.06","-313.98","11.08","3.41","-4.75","-1.54","-9.13","-2.99"
"GCDG","China","Raw Materials & COGS","43140000","MCOS-Leasing Charges (FC)","0","0","0","0","0","0","0","0","0","0","0"
"GCDG","China","Raw Materials & COGS","43150000","MCOS-Office and Communication (VC)","-5.03","-6.02","-6.29","-4.41","-5.29","-0.88","-19.95","1","15.9","0.73","12.13"
"GCDG","China","Raw Materials & COGS","43160000","MCOS-Advertising and Promotion (FC)","0","0","0","0","0","0","0","0","0","0","0"
"GCDG","China","Raw Materials & COGS","43170000","MCOS-Delivery Expenses (VC)","0","0","0","0","0","0","0","0","0","0","0"
"GCDG","China","Raw Materials & COGS","43180000","MCOS-Insurance Expenses (FC)","-107.98","-25.76","-48.65","-51.97","-50.95","1.02","1.96","-2.3","-4.73","-25.19","-97.79"
"GCDG","China","Raw Materials & COGS","43190000","MCOS-Professional Fees (FC)","0","0","0","0","0","0","0","0","0","0","0"
"GCDG","China","Raw Materials & COGS","43200000","MCOS-Allocated Income_Expense IC (FC)","0","0","0","0","0","0","0","0","0","0","0"
"GCDG","China","Raw Materials & COGS","43210000","MCOS-Other Operating (Income)_Expense","-170.78","-53.85","-54.14","-49.44","-56.06","-6.62","-13.39","-1.92","-3.55","-2.21","-4.1"
"GCDG","China","Raw Materials & COGS","43211000","MCOS-(Income)","0","0","0","0","0","0","0","0","0","0","0"
"GCDG","China","Raw Materials & COGS","43212100","MCOS-Bank Charges (FC)","0","0","0","0","0","0","0","0","0","0","0"
"GCDG","China","Raw Materials & COGS","43212200","MCOS-Production Supplies (VC)","0","0","0","0","0","0","0","0","0","0","0"
"GCDG","China","Raw Materials & COGS","43212300","MCOS-Security and Janitorial Services (FC)","-108.44","-9.12","-10.07","-10.57","-10.99","-0.42","-3.97","-0.92","-9.14","-1.87","-20.5"
"GCDG","China","Raw Materials & COGS","43212400","MCOS-Recruitment Expenses (FC)","0","0","0","0","0","0","0","0","0","0","0"
"GCDG","China","Raw Materials & COGS","43212500","MCOS-Unmatched Professional fees PLUG IC (FC)","0","0","0","0","0","0","0","0","0","0","0"
"GCDG","China","Raw Materials & COGS","43212610","MCOS-Analysis_testing fee (FC)","-7.88","-5.66","-6.88","-5.07","-7.33","-2.26","-44.58","-0.45","-6.54","-1.67","-29.51"
"GCDG","China","Raw Materials & COGS","43212620","MCOS-Other taxes (Non-corp. tax) (FC)","0","0","0","0","0","0","0","0","0","0","0"
"GCDG","China","Raw Materials & COGS","43212630","MCOS-HSE expenses (FC)","-41.8","-25.02","-21.82","-23.87","-23.82","0.05","0.21","-2","-9.17","1.2","4.8"
"GCDG","China","Raw Materials & COGS","43212640","MCOS-Others (FC)","-12.66","-14.05","-15.37","-9.93","-13.92","-3.99","-40.18","1.45","9.43","0.13","0.93"
"GCDG","China","Raw Materials & COGS","43212650","MCOS-Toll Manufacturing (FC)","0","0","0","0","0","0","0","0","0","0","0"
"GCDG","China","Raw Materials & COGS","43212660","MCOS-R&D (FC)","0","0","0","0","0","0","0","0","0","0","0"
"GCDG","China","Raw Materials & COGS","43212700","MCOS-Unmatched Insurance Expenses PLUG IC (FC)","0","0","0","0","0","0","0","0","0","0","0"
"GCDG","China","Raw Materials & COGS","43212800","MCOS-Unmatched Rental Expenses PLUG IC (FC)","0","0","0","0","0","0","0","0","0","0","0"
"GCDG","China","Raw Materials & COGS","43212900","MCOS-Pest Control (FC)","0","0","0","0","0","0","0","0","0","0","0"
"GCDG","China","Raw Materials & COGS","43220000","MCOS-Lease payment (of Financing Co_Div.) (FC)","0","0","0","0","0","0","0","0","0","0","0"
"GCDG","China","Raw Materials & COGS","43230000","MCOS-Shared Service Cost (FC)","0","0","0","0","0","0","0","0","0","0","0"
"GCDG","China","Raw Materials & COGS","43240000","MCOS-Inventory write-offs (FC)","0","0","0","0","0","0","0","0","0","0","0"
"GCDG","China","Raw Materials & COGS","43250000","MCOS-Depreciation-PPE (FC)","-1053.32","-1027.05","-1164.13","-1093.28","-1193.67","-100.39","-9.18","-29.54","-2.54","-166.62","-16.22"
"GCDG","China","Raw Materials & COGS","43350000","MCOS-Depreciation-ROU Asset (PLP) (FC)","-58.1","-57.99","-58.39","-61.25","-63.74","-2.49","-4.07","-5.35","-9.16","-5.75","-9.92"
"GCDG","China","Raw Materials & COGS","43410000","MCOS-Allocated Income_Expense TP","0","0","0","0","0","0","0","0","0","0","0"
"GCDG","China","Raw Materials & COGS","43400000","MCOS-Inventory Provision","0","0","0","0","0","0","0","0","0","0","0"
"GCDG","China","Raw Materials & COGS","44000000","STANDARD MCOS","8.45","0.26","0","35.24","0","-35.24","-100","0","0","-0.26","-100"
"GCDG","China","Raw Materials & COGS","44100000","MCOS-Standard-Variable","0","0","0","0","0","0","0","0","0","0","0"
"GCDG","China","Raw Materials & COGS","44100100","MCOS- Labour @ Std - VC","0","0","0","0","0","0","0","0","0","0","0"
"GCDG","China","Raw Materials & COGS","44100200","MCOS-Fuel & Electricity @ Std- VC","0","0","0","0","0","0","0","0","0","0","0"
"GCDG","China","Raw Materials & COGS","44100300","MCOS-Maintenance @ Std - VC","0","0","0","0","0","0","0","0","0","0","0"
"GCDG","China","Raw Materials & COGS","44200000","MCOS-Standard-Fixed","0","0","0","0","0","0","0","0","0","0","0"
"GCDG","China","Raw Materials & COGS","44200100","MCOS- Rent @ Std- FC","0","0","0","0","0","0","0","0","0","0","0"
"GCDG","China","Raw Materials & COGS","44200200","MCOS-Depreciation @ Std - FC","0","0","0","0","0","0","0","0","0","0","0"
"GCDG","China","Raw Materials & COGS","44200300","MCOS-Others @ Std - FC","0","0","0","0","0","0","0","0","0","0","0"
"GCDG","China","Raw Materials & COGS","44310000","MCOS-Standard Absorption Cost - Variable","7.3","1.67","0","27.66","0","-27.66","-100","0","0","-1.67","-100"
"GCDG","China","Raw Materials & COGS","44311000","MCOS-Standard Absorption Labour - VC","2.22","-4.48","0","11.11","0","-11.11","-100","0","0","4.48","100"
"GCDG","China","Raw Materials & COGS","44312000","MCOS-Standard Absorption Fuel & Electricity - VC","4.09","5.48","0","14.96","0","-14.96","-100","0","0","-5.48","-100"
"GCDG","China","Raw Materials & COGS","44313000","MCOS-Standard Absorption Maintenance - VC","0.99","0.68","0","1.59","0","-1.59","-100","0","0","-0.68","-100"
"GCDG","China","Raw Materials & COGS","44320000","MCOS-Standard Absorption Cost - Fixed","1.15","-1.42","0","7.58","0","-7.58","-100","0","0","1.42","100"
"GCDG","China","Raw Materials & COGS","44321000","MCOS-Standard Absorption Rent - FC","0","0","0","0","0","0","0","0","0","0","0"
"GCDG","China","Raw Materials & COGS","44322000","MCOS-Standard Absorption Depreciation - FC","1.17","-0.41","0","6.03","0","-6.03","-100","0","0","0.41","100"
"GCDG","China","Raw Materials & COGS","44323000","MCOS-Standard Absorption Others - FC","-0.03","-1.01","0","1.56","0","-1.56","-100","0","0","1.01","100"
"GCDG","China","Raw Materials & COGS","","Total MCOS","-6374.18","-5834.78","-6148.59","-6308.39","-6724.84","-416.45","-6.6","-576.25","-9.37","-890.06","-15.25"
"GCDG","China","Total MCOS & COGS","45000000","Total COGS (where applicable incl IC)","-93451.98","-87257.26","-90896.23","-93137.99","-97870.89","-4732.9","-5.08","-6974.66","-7.67","-10613.63","-12.16"
"GCDG","China","General","-5.30349097971339E-11","","0","0","0","0","0","0","0","0","0","0","0"
"GCDG","China","Raw Materials & COGS","","MCOS-Personnel Expenses (VC)","0","0","0","0","0","0","0","0","0","0","0"
"GCDG","China","Raw Materials & COGS","","MCOS-Rent and utilities (VC)","0","0","0","0","0","0","0","0","0","0","0"
"GCDG","China","Raw Materials & COGS","","MCOS-Office and Communication (VC)","0","0","0","0","0","0","0","0","0","0","0"
"GCDG","China","Raw Materials & COGS","","MCOS-Delivery Expenses (VC)","0","0","0","0","0","0","0","0","0","0","0"
"GCDG","China","Raw Materials & COGS","","MCOS-Other Operating (Income)_Expense (VC)","0","0","0","0","0","0","0","0","0","0","0"
"GCDG","China","Raw Materials & COGS","","MCOS- Labour (Standard MCOS) - VC","0","0","0","0","0","0","0","0","0","0","0"
"GCDG","China","Raw Materials & COGS","","MCOS-Fuel & Electricity (Standard MCOS) - VC","0","0","0","0","0","0","0","0","0","0","0"
"GCDG","China","Raw Materials & COGS","","MCOS-Maintenance (Standard MCOS) - VC","0","0","0","0","0","0","0","0","0","0","0"
"GCDG","China","Volume","","VARIABLE COST | MT","0","0","0","0","0","0","0","0","0","0","0"
"GCDG","China","Raw Materials & COGS","","MCOS-Personnel Expenses (FC)","0","0","0","0","0","0","0","0","0","0","0"
"GCDG","China","Raw Materials & COGS","","MCOS-Travel and Entertainment (FC)","0","0","0","0","0","0","0","0","0","0","0"
"GCDG","China","Raw Materials & COGS","","MCOS-Rent and utilities (FC)","0","0","0","0","0","0","0","0","0","0","0"
"GCDG","China","Raw Materials & COGS","","MCOS-Leasing Charges (FC)","0","0","0","0","0","0","0","0","0","0","0"
"GCDG","China","Raw Materials & COGS","","MCOS-Advertising and Promotion (FC)","0","0","0","0","0","0","0","0","0","0","0"
"GCDG","China","Raw Materials & COGS","","MCOS-Insurance Expenses (FC)","0","0","0","0","0","0","0","0","0","0","0"
"GCDG","China","Raw Materials & COGS","","MCOS-Professional Fees (FC)","0","0","0","0","0","0","0","0","0","0","0"
"GCDG","China","Raw Materials & COGS","","MCOS-Allocated Income_Expense IC (FC)","0","0","0","0","0","0","0","0","0","0","0"
"GCDG","China","Raw Materials & COGS","","MCOS-Other Operating (Income)_Expense (FC)","0","0","0","0","0","0","0","0","0","0","0"
"GCDG","China","Raw Materials & COGS","","MCOS-Lease payment (of Financing Co_Div.) (FC)","0","0","0","0","0","0","0","0","0","0","0"
"GCDG","China","Raw Materials & COGS","","MCOS-Shared Service Cost (FC)","0","0","0","0","0","0","0","0","0","0","0"
"GCDG","China","Raw Materials & COGS","","MCOS-Inventory write-offs (FC)","0","0","0","0","0","0","0","0","0","0","0"
"GCDG","China","Raw Materials & COGS","","MCOS-Depreciation-PPE (FC)","0","0","0","0","0","0","0","0","0","0","0"
"GCDG","China","Raw Materials & COGS","","MCOS-Depreciation-ROU Asset (PLP) (FC)","0","0","0","0","0","0","0","0","0","0","0"
"GCDG","China","Raw Materials & COGS","","MCOS- Rent (Standard MCOS) - (FC)","0","0","0","0","0","0","0","0","0","0","0"
"GCDG","China","Raw Materials & COGS","","MCOS- Depreciation (Standard MCOS) - (FC)","0","0","0","0","0","0","0","0","0","0","0"
"GCDG","China","Raw Materials & COGS","","MCOS-Others (Standard MCOS) - (VC)","0","0","0","0","0","0","0","0","0","0","0"
"GCDG","China","Volume","","FIXED COST | MT","0","0","0","0","0","0","0","0","0","0","0"
"GCDG","China","Headcount","HR_TL","Total Technical HC (incl QA/QC, Formulator, Lab etc)","0","0","0","0","0","0","0","0","0","0","0"
"GCDG","China","Headcount","HR_OP","Total Operations HC (incl warehousing, weighbridge)","0","0","0","0","0","0","0","0","0","0","0"
"GCDG","China","Headcount","","Total 'Production Related' HC","0","0","0","0","0","0","0","0","0","0","0"
"GCDG","China","Revenue","HR_SA","Total Sales Head Count","0.04","0.04","0.04","0.04","0.04","0","0","0","0","0","0"
"GCDG","China","Headcount","HR_SP","Total Support Head Count","0","0","0","0","0","0","0","0","0","0","0"
"GCDG","China","Headcount","HR_TOTAL","Total Head Count (Closing balance)","0","0","0","0","0","0","0","0","0","0","0"
"GCDG","China","KPIs","","IOIC (only TP + RC)","15610.15","14468.81","14804.96","15169.12","16533.75","1364.63","9","1728.79","11.68","2064.94","14.27"
"GCDG","China","Revenue","50000000","Gross Operating Revenue","9728.83","8952.81","8656.37","9084.4","9808.91","724.51","7.98","1152.54","13.31","856.1","9.56"
"GCDG","China","Revenue","","GOR %","0.09","0.11","0.09","0.08","0.09","0.01","12.5","0","0","-0.02","-18.18"
"GCDG","China","Raw Materials & COGS","43251000","MCOS-Depreciation-Leasehold Improvements PPE","0","0","0","0","0","0","0","0","0","0","0"
"GCDG","China","Raw Materials & COGS","43252000","MCOS-Depreciation-Motor Vehicles PPE","0","0","0","0","0","0","0","0","0","0","0"
"GCDG","China","Raw Materials & COGS","43253000","MCOS-Depreciation-Computer Equipment PPE","-4.31","-4.2","-8","-3.67","-6.3","-2.63","-71.66","1.7","21.25","-2.1","-50"
"GCDG","China","Raw Materials & COGS","43254000","MCOS-Depreciation-Furniture and Fixtures PPE","-10.82","-19.8","-19.7","-20.67","-21.51","-0.84","-4.06","-1.81","-9.19","-1.71","-8.64"
"GCDG","China","Raw Materials & COGS","43255000","MCOS-Depreciation-Others PPE","0","0","0","0","0","0","0","0","0","0","0"
"GCDG","China","Raw Materials & COGS","43256000","MCOS-Depreciation-Land PPE","0","0","0","0","0","0","0","0","0","0","0"
"GCDG","China","Raw Materials & COGS","43257000","MCOS-Depreciation-Buildings PPE","-449.42","-450.98","-456.83","-481.77","-503.74","-21.97","-4.56","-46.91","-10.27","-52.76","-11.7"
"GCDG","China","Raw Materials & COGS","43258000","MCOS-Depreciation-Construction in progress PPE","0","0","0","0","0","0","0","0","0","0","0"
"GCDG","China","Raw Materials & COGS","43259000","MCOS-Depreciation-Machinery and Equipment PPE","-588.78","-552.08","-679.59","-587.17","-662.11","-74.94","-12.76","17.48","2.57","-110.03","-19.93"
"GCDG","China","Raw Materials & COGS","43260000","MCOS-Depreciation-ERP PPE","0","0","0","0","0","0","0","0","0","0","0"
"GCDG","China","Raw Materials & COGS","43360000","MCOS-Depreciation-ERP ROU Asset (PLP)","0","0","0","0","0","0","0","0","0","0","0"
"GCDG","China","Raw Materials & COGS","43350000","MCOS-Depreciation-ROU Asset (PLP)","-58.1","-57.99","-58.39","-61.25","-63.74","-2.49","-4.07","-5.35","-9.16","-5.75","-9.92"
"GCDG","China","Raw Materials & COGS","","Total MCOS - Depreciation","-1111.42","-1085.04","-1222.53","-1154.52","-1257.41","-102.89","-8.91","-34.88","-2.85","-172.37","-15.89"
"GCZH","China","Volume","Unit Sales - TP_Feed","Unit Sales - TP (Feed)","75421.92","72197.3","93112","74990.73","84500","9509.27","12.68","-8612","-9.25","12302.7","17.04"
"GCZH","China","Volume","Unit Sales - IC_Feed","Unit Sales - IC (Feed)","5514.27","4575.29","4000","4335.31","4300","-35.31","-0.81","300","7.5","-275.29","-6.02"
"GCZH","China","Volume","Unit Sales - RC_Feed","Unit Sales - RC (Feed)","532.6","732.1","388","843.2","800","-43.2","-5.12","412","106.19","67.9","9.27"
"GCZH","China","Volume","Total Unit Sales_Feed","Total Unit Sales (Feed)","81468.8","77504.69","97500","80169.23","89600","9430.77","11.76","-7900","-8.1","12095.31","15.61"
"GCZH","China","Volume","Unit Sales - TP_CT","Unit Sales - TP (CT)","1.82","75.43","0","66.07","0","-66.07","-100","0","0","-75.43","-100"
"GCZH","China","Volume","Unit Sales - RC_CT","Unit Sales - RC (CT)","0","0","0","0","0","0","0","0","0","0","0"
"GCZH","China","Volume","Unit Sales - TP_DOC","Unit Sales - TP (DOC)","0","0","0","0","0","0","0","0","0","0","0"
"GCZH","China","Volume","","Total Volumes (MT) Feed + CT (TP +RC)","75956.35","73004.83","93500","75900","85300","9400","12.38","-8200","-8.77","12295.17","16.84"
"GCZH","China","Volume","","Total Volumes (MT) - Feed only","75954.52","72929.4","93500","75833.93","85300","9466.07","12.48","-8200","-8.77","12370.6","16.96"
"GCZH","China","Revenue","41011000","Gross Sales TP","59352.87","57756.43","77600.79","70516.84","82013.6","11496.76","16.3","4412.81","5.69","24257.17","42"
"GCZH","China","Revenue","41012200","Gross Sales RC","806.66","1303.29","625.18","1404.43","1231.28","-173.15","-12.33","606.1","96.95","-72.01","-5.53"
"GCZH","China","Revenue","41021000","Concession TP","-18235.17","-18593.36","-24710.96","-22505.59","-26092.79","-3587.2","-15.94","-1381.83","-5.59","-7499.43","-40.33"
"GCZH","China","Revenue","41022500","Concession RC","0","0","0","0","0","0","0","0","0","0","0"
"GCZH","China","Revenue","Net Sales TP","Net Sales TP","41117.7","39163.07","52889.83","48011.24","55920.81","7909.57","16.47","3030.98","5.73","16757.74","42.79"
"GCZH","China","Revenue","Net Sales RC","Net Sales RC","806.66","1303.29","625.18","1404.43","1231.28","-173.15","-12.33","606.1","96.95","-72.01","-5.53"
"GCZH","China","Revenue","","Total Net Sales (TP + RC)","41924.36","40466.37","53515.01","49415.68","57152.09","7736.41","15.66","3637.08","6.8","16685.72","41.23"
"GCZH","China","Revenue","Net Sales IC","Net Sales IC","6917.68","7001.4","6989.74","7148.74","7973.91","825.17","11.54","984.17","14.08","972.51","13.89"
"GCZH","China","Revenue","","Total Net Sales (incl IC)","48842.05","47467.77","60504.75","56564.41","65126","8561.59","15.14","4621.25","7.64","17658.23","37.2"
"GCZH","China","Raw Materials & COGS","42210000","Material Cost","-33673.26","-33047.86","-44239.89","-40478.1","-47049.12","-6571.02","-16.23","-2809.23","-6.35","-14001.26","-42.37"
"GCZH","China","Raw Materials & COGS","42229110","Variance - Purchase Price","-25761914820","-25761914820","0","-28.71","0","28.71","100","0","0","25761914820","100"
"GCZH","China","Raw Materials & COGS","42211000","Raw Material COS","0","24.19","0","34.4","0","-34.4","-100","0","0","-24.19","-100"
"GCZH","China","Raw Materials & COGS","42212000","Packing Material COS","-571.15","-531.37","-747.59","-563.77","-731.88","-168.11","-29.82","15.71","2.1","-200.51","-37.73"
"GCZH","China","Raw Materials & COGS","42213000","Finished Goods/Direct Purchase COS","-32732.98","-31890.89","-43342.58","-39913.96","-46171.36","-6257.4","-15.68","-2828.78","-6.53","-14280.47","-44.78"
"GCZH","China","General","42214000","Provision for Stock Adjustment","-10.8","1.27","0","0","0","0","0","0","0","-1.27","-100"
"GCZH","China","Raw Materials & COGS","42215000","Exchange Differece COS","0","0","0","0","0","0","0","0","0","0","0"
"GCZH","China","Revenue","42216000","Sales Of Raw and Packing materials","0","0","0","0","0","0","0","0","0","0","0"
"GCZH","China","Raw Materials & COGS","42217000","Modified Direct purchase COS","0","0","0","0","0","0","0","0","0","0","0"
"GCZH","China","Raw Materials & COGS","42218000","Physical Inventory Loss","-129.34","-177.17","-149.72","-131.05","-145.88","-14.83","-11.32","3.84","2.56","31.29","17.66"
"GCZH","China","Raw Materials & COGS","42219000","Production yield_usage variance","-197.42","-452.53","0","124.99","0","-124.99","-100","0","0","452.53","100"
"GCZH","China","Raw Materials & COGS","42230000","Consignment COS","0","0","0","0","0","0","0","0","0","0","0"
"GCZH","China","Raw Materials & COGS","42250000","COS IC","-5890.61","-5667.37","-5886.87","-5928.74","-6686.94","-758.2","-12.79","-800.07","-13.59","-1019.57","-17.99"
"GCZH","China","Revenue","42260000","Cost of sales IC Elimination","0","0","0","0","0","0","0","0","0","0","0"
"GCZH","China","Raw Materials & COGS","42270000","COS RC","-671.45","-1045.79","-517.73","-1289.28","-1123.6","165.68","12.85","-605.87","-117.02","-77.81","-7.44"
"GCZH","China","Raw Materials & COGS","48000000","Cost of Services","0","0","0","0","0","0","0","0","0","0","0"
"GCZH","China","Raw Materials & COGS","","Total Raw Materials Costs","-40235.32","-39761.01","-50644.5","-47696.12","-54859.66","-7163.54","-15.02","-4215.16","-8.32","-15098.65","-37.97"
"GCZH","China","Raw Materials & COGS","43000000","ACTUAL MCOS","-3861.48","-3971.33","-4476.57","-4108.84","-4661.86","-553.02","-13.46","-185.29","-4.14","-690.53","-17.39"
"GCZH","China","Raw Materials & COGS","43110000","MCOS-Personnel Expenses","-1694.9","-1785.4","-2031.93","-1846.32","-2117.12","-270.8","-14.67","-85.19","-4.19","-331.72","-18.58"
"GCZH","China","Raw Materials & COGS","43116000","MCOS-Transportation Expenses (VC)","0","0","0","0","0","0","0","0","0","0","0"
"GCZH","China","Raw Materials & COGS","43115000","MCOS-Contractual Employees & Others (VC)","-535.93","-575.45","-671.89","-600.01","-673.97","-73.96","-12.33","-2.08","-0.31","-98.52","-17.12"
"GCZH","China","Raw Materials & COGS","43111120","MCOS-Contract staff (VC)","0","0","0","0","0","0","0","0","0","0","0"
"GCZH","China","Raw Materials & COGS","43111130","MCOS-Contractual bonus (VC)","-36.49","-39.78","-44.1","-42.94","-48.06","-5.12","-11.92","-3.96","-8.98","-8.28","-20.81"
"GCZH","China","Raw Materials & COGS","43111140","MCOS-Commission (VC)","-41.47","-30.75","-31.89","-34.22","-36.63","-2.41","-7.04","-4.74","-14.86","-5.88","-19.12"
"GCZH","China","Raw Materials & COGS","43111200","MCOS-Discretionary Bonus (VC)","-20.37","-33.58","-48.88","-17.34","-50.64","-33.3","-192.04","-1.76","-3.6","-17.06","-50.8"
"GCZH","China","Raw Materials & COGS","43111320","MCOS-Overtime Variable Cost (VC)","-327.44","-364.27","-423.02","-326.88","-350.53","-23.65","-7.24","72.49","17.14","13.74","3.77"
"GCZH","China","Raw Materials & COGS","43111110","MCOS-Salaries (FC)","-485.36","-480.33","-529.16","-527.09","-576.75","-49.66","-9.42","-47.59","-8.99","-96.42","-20.07"
"GCZH","China","Raw Materials & COGS","43111310","MCOS-Overtime Fixed Cost (FC)","0","0","0","0","0","0","0","0","0","0","0"
"GCZH","China","Raw Materials & COGS","43112000","MCOS-Personnel Allowances (FC)","-93.99","-96.13","-100.94","-101.16","-110.56","-9.4","-9.29","-9.62","-9.53","-14.43","-15.01"
"GCZH","China","Raw Materials & COGS","43113000","MCOS-Social Benefits (FC)","-152.18","-164.82","-173.4","-187.47","-260.8","-73.33","-39.12","-87.4","-50.4","-95.98","-58.23"
"GCZH","China","Raw Materials & COGS","43114000","MCOS-Employee Training (FC)","-1.67","-0.27","-8.67","-9.21","-9.18","0.03","0.33","-0.51","-5.88","-8.91","-3300"
"GCZH","China","Raw Materials & COGS","43120000","MCOS-Travel and Entertainment (FC)","0","0","0","-15.61","-18.16","-2.55","-16.34","-18.16","0","-18.16","0"
"GCZH","China","Raw Materials & COGS","43130000","MCOS-Rent and utilities","-1301.92","-1357.99","-1522.19","-1370.62","-1579.33","-208.71","-15.23","-57.14","-3.75","-221.34","-16.3"
"GCZH","China","Raw Materials & COGS","43133110","MCOS-Fuel and Gas (VC)","-262.94","-247.14","-298.18","-258.64","-301.98","-43.34","-16.76","-3.8","-1.27","-54.84","-22.19"
"GCZH","China","Raw Materials & COGS","43133120","MCOS-Power, Light and Water (VC)","-718.7","-708.24","-825.04","-750.58","-874.61","-124.03","-16.52","-49.57","-6.01","-166.37","-23.49"
"GCZH","China","Raw Materials & COGS","43133300","MCOS-Utilities Others (VC)","-5.7","-4.14","-4.7","-4.92","-4.89","0.03","0.61","-0.19","-4.04","-0.75","-18.12"
"GCZH","China","Raw Materials & COGS","43131000","MCOS-Rental Expense Under Operating Lease (FC)","-78.01","-77.85","-78.4","-82.23","-85.58","-3.35","-4.07","-7.18","-9.16","-7.73","-9.93"
"GCZH","China","Raw Materials & COGS","43133200","MCOS-Repair and Maintenance (FC)","-236.58","-320.62","-315.87","-274.26","-312.27","-38.01","-13.86","3.6","1.14","8.35","2.6"
"GCZH","China","Raw Materials & COGS","43140000","MCOS-Leasing Charges (FC)","0","0","0","0","0","0","0","0","0","0","0"
"GCZH","China","Raw Materials & COGS","43150000","MCOS-Office and Communication (VC)","-7.24","-7.34","-7.21","-7.9","-8.06","-0.16","-2.03","-0.85","-11.79","-0.72","-9.81"
"GCZH","China","Raw Materials & COGS","43160000","MCOS-Advertising and Promotion (FC)","0","0","0","0","0","0","0","0","0","0","0"
"GCZH","China","Raw Materials & COGS","43170000","MCOS-Delivery Expenses (VC)","0","0","0","0","0","0","0","0","0","0","0"
"GCZH","China","Raw Materials & COGS","43180000","MCOS-Insurance Expenses (FC)","0","0","0","0","0","0","0","0","0","0","0"
"GCZH","China","Raw Materials & COGS","43190000","MCOS-Professional Fees (FC)","-16.66","-12.01","-9.78","-11.9","-11.73","0.17","1.43","-1.95","-19.94","0.28","2.33"
"GCZH","China","Raw Materials & COGS","43200000","MCOS-Allocated Income_Expense IC (FC)","0","0","0","0","0","0","0","0","0","0","0"
"GCZH","China","Raw Materials & COGS","43210000","MCOS-Other Operating (Income)_Expense","-99.05","-80.78","-94.96","-95.09","-101.78","-6.69","-7.04","-6.82","-7.18","-21","-26"
"GCZH","China","Raw Materials & COGS","43211000","MCOS-(Income)","0","0","0","0","0","0","0","0","0","0","0"
"GCZH","China","Raw Materials & COGS","43212100","MCOS-Bank Charges (FC)","0","0","0","0","0","0","0","0","0","0","0"
"GCZH","China","Raw Materials & COGS","43212200","MCOS-Production Supplies (VC)","0","0","0","0","0","0","0","0","0","0","0"
"GCZH","China","Raw Materials & COGS","43212300","MCOS-Security and Janitorial Services (FC)","-46.02","-46.49","-47.1","-49.01","-50.5","-1.49","-3.04","-3.4","-7.22","-4.01","-8.63"
"GCZH","China","Raw Materials & COGS","43212400","MCOS-Recruitment Expenses (FC)","0","0","-2.6","-2.76","-2.84","-0.08","-2.9","-0.24","-9.23","-2.84","0"
"GCZH","China","Raw Materials & COGS","43212500","MCOS-Unmatched Professional fees PLUG IC (FC)","0","0","0","0","0","0","0","0","0","0","0"
"GCZH","China","Raw Materials & COGS","43212610","MCOS-Analysis_testing fee (FC)","-17.12","-28.18","-21.48","-20.05","-20.92","-0.87","-4.34","0.56","2.61","7.26","25.76"
"GCZH","China","Raw Materials & COGS","43212620","MCOS-Other taxes (Non-corp. tax) (FC)","0","0","0","0","0","0","0","0","0","0","0"
"GCZH","China","Raw Materials & COGS","43212630","MCOS-HSE expenses (FC)","-35.82","-22.86","-23.44","-23.1","-27.3","-4.2","-18.18","-3.86","-16.47","-4.44","-19.42"
"GCZH","China","Raw Materials & COGS","43212640","MCOS-Others (FC)","-0.08","16.76","-0.34","-0.15","-0.22","-0.07","-46.67","0.12","35.29","-16.98","-101.31"
"GCZH","China","Raw Materials & COGS","43212650","MCOS-Toll Manufacturing (FC)","0","0","0","0","0","0","0","0","0","0","0"
"GCZH","China","Raw Materials & COGS","43212660","MCOS-R&D (FC)","0","0","0","0","0","0","0","0","0","0","0"
"GCZH","China","Raw Materials & COGS","43212700","MCOS-Unmatched Insurance Expenses PLUG IC (FC)","0","0","0","0","0","0","0","0","0","0","0"
"GCZH","China","Raw Materials & COGS","43212800","MCOS-Unmatched Rental Expenses PLUG IC (FC)","0","0","0","0","0","0","0","0","0","0","0"
"GCZH","China","Raw Materials & COGS","43212900","MCOS-Pest Control (FC)","0","0","0","0","0","0","0","0","0","0","0"
"GCZH","China","Raw Materials & COGS","43220000","MCOS-Lease payment (of Financing Co_Div.) (FC)","0","0","0","0","0","0","0","0","0","0","0"
"GCZH","China","Raw Materials & COGS","43230000","MCOS-Shared Service Cost (FC)","0","0","0","0","0","0","0","0","0","0","0"
"GCZH","China","Raw Materials & COGS","43240000","MCOS-Inventory write-offs (FC)","0","0","0","0","0","0","0","0","0","0","0"
"GCZH","China","Raw Materials & COGS","43250000","MCOS-Depreciation-PPE (FC)","-677.55","-663.79","-746.02","-693.76","-755.29","-61.53","-8.87","-9.27","-1.24","-91.5","-13.78"
"GCZH","China","Raw Materials & COGS","43350000","MCOS-Depreciation-ROU Asset (PLP) (FC)","-64.16","-64.03","-64.48","-67.63","-70.39","-2.76","-4.08","-5.91","-9.17","-6.36","-9.93"
"GCZH","China","Raw Materials & COGS","43410000","MCOS-Allocated Income_Expense TP","0","0","0","0","0","0","0","0","0","0","0"
"GCZH","China","Raw Materials & COGS","43400000","MCOS-Inventory Provision","0","0","0","0","0","0","0","0","0","0","0"
"GCZH","China","Raw Materials & COGS","44000000","STANDARD MCOS","50.2","112.89","0","93.12","0","-93.12","-100","0","0","-112.89","-100"
"GCZH","China","Raw Materials & COGS","44100000","MCOS-Standard-Variable","0","0","0","0","0","0","0","0","0","0","0"
"GCZH","China","Raw Materials & COGS","44100100","MCOS- Labour @ Std - VC","0","0","0","0","0","0","0","0","0","0","0"
"GCZH","China","Raw Materials & COGS","44100200","MCOS-Fuel & Electricity @ Std- VC","0","0","0","0","0","0","0","0","0","0","0"
"GCZH","China","Raw Materials & COGS","44100300","MCOS-Maintenance @ Std - VC","0","0","0","0","0","0","0","0","0","0","0"
"GCZH","China","Raw Materials & COGS","44200000","MCOS-Standard-Fixed","0","0","0","0","0","0","0","0","0","0","0"
"GCZH","China","Raw Materials & COGS","44200100","MCOS- Rent @ Std- FC","0","0","0","0","0","0","0","0","0","0","0"
"GCZH","China","Raw Materials & COGS","44200200","MCOS-Depreciation @ Std - FC","0","0","0","0","0","0","0","0","0","0","0"
"GCZH","China","Raw Materials & COGS","44200300","MCOS-Others @ Std - FC","0","0","0","0","0","0","0","0","0","0","0"
"GCZH","China","Raw Materials & COGS","44310000","MCOS-Standard Absorption Cost - Variable","37.21","67.56","0","50.1","0","-50.1","-100","0","0","-67.56","-100"
"GCZH","China","Raw Materials & COGS","44311000","MCOS-Standard Absorption Labour - VC","15.28","25.33","0","28.99","0","-28.99","-100","0","0","-25.33","-100"
"GCZH","China","Raw Materials & COGS","44312000","MCOS-Standard Absorption Fuel & Electricity - VC","17.47","40.6","0","21.11","0","-21.11","-100","0","0","-40.6","-100"
"GCZH","China","Raw Materials & COGS","44313000","MCOS-Standard Absorption Maintenance - VC","4.47","1.62","0","0","0","0","0","0","0","-1.62","-100"
"GCZH","China","Raw Materials & COGS","44320000","MCOS-Standard Absorption Cost - Fixed","12.99","45.33","0","43.02","0","-43.02","-100","0","0","-45.33","-100"
"GCZH","China","Raw Materials & COGS","44321000","MCOS-Standard Absorption Rent - FC","-0.01","0","0","0","0","0","0","0","0","0","0"
"GCZH","China","Raw Materials & COGS","44322000","MCOS-Standard Absorption Depreciation - FC","10.67","18.35","0","16.01","0","-16.01","-100","0","0","-18.35","-100"
"GCZH","China","Raw Materials & COGS","44323000","MCOS-Standard Absorption Others - FC","2.32","26.98","0","27.01","0","-27.01","-100","0","0","-26.98","-100"
"GCZH","China","Raw Materials & COGS","","Total MCOS","-3811.28","-3858.44","-4476.57","-4015.72","-4661.86","-646.14","-16.09","-185.29","-4.14","-803.42","-20.82"
"GCZH","China","Total MCOS & COGS","45000000","Total COGS (where applicable incl IC)","-44046.6","-43619.46","-55121.07","-51711.84","-59521.52","-7809.68","-15.1","-4400.45","-7.98","-15902.06","-36.46"
"GCZH","China","General","1.46087586472277E-11","","0","0","0","0","0","0","0","0","0","0","0"
"GCZH","China","Raw Materials & COGS","","MCOS-Personnel Expenses (VC)","0","0","0","0","0","0","0","0","0","0","0"
"GCZH","China","Raw Materials & COGS","","MCOS-Rent and utilities (VC)","0","0","0","0","0","0","0","0","0","0","0"
"GCZH","China","Raw Materials & COGS","","MCOS-Office and Communication (VC)","0","0","0","0","0","0","0","0","0","0","0"
"GCZH","China","Raw Materials & COGS","","MCOS-Delivery Expenses (VC)","0","0","0","0","0","0","0","0","0","0","0"
"GCZH","China","Raw Materials & COGS","","MCOS-Other Operating (Income)_Expense (VC)","0","0","0","0","0","0","0","0","0","0","0"
"GCZH","China","Raw Materials & COGS","","MCOS- Labour (Standard MCOS) - VC","0","0","0","0","0","0","0","0","0","0","0"
"GCZH","China","Raw Materials & COGS","","MCOS-Fuel & Electricity (Standard MCOS) - VC","0","0","0","0","0","0","0","0","0","0","0"
"GCZH","China","Raw Materials & COGS","","MCOS-Maintenance (Standard MCOS) - VC","0","0","0","0","0","0","0","0","0","0","0"
"GCZH","China","Volume","","VARIABLE COST | MT","0","0","0","0","0","0","0","0","0","0","0"
"GCZH","China","Raw Materials & COGS","","MCOS-Personnel Expenses (FC)","0","0","0","0","0","0","0","0","0","0","0"
"GCZH","China","Raw Materials & COGS","","MCOS-Travel and Entertainment (FC)","0","0","0","0","0","0","0","0","0","0","0"
"GCZH","China","Raw Materials & COGS","","MCOS-Rent and utilities (FC)","0","0","0","0","0","0","0","0","0","0","0"
"GCZH","China","Raw Materials & COGS","","MCOS-Leasing Charges (FC)","0","0","0","0","0","0","0","0","0","0","0"
"GCZH","China","Raw Materials & COGS","","MCOS-Advertising and Promotion (FC)","0","0","0","0","0","0","0","0","0","0","0"
"GCZH","China","Raw Materials & COGS","","MCOS-Insurance Expenses (FC)","0","0","0","0","0","0","0","0","0","0","0"
"GCZH","China","Raw Materials & COGS","","MCOS-Professional Fees (FC)","0","0","0","0","0","0","0","0","0","0","0"
"GCZH","China","Raw Materials & COGS","","MCOS-Allocated Income_Expense IC (FC)","0","0","0","0","0","0","0","0","0","0","0"
"GCZH","China","Raw Materials & COGS","","MCOS-Other Operating (Income)_Expense (FC)","0","0","0","0","0","0","0","0","0","0","0"
"GCZH","China","Raw Materials & COGS","","MCOS-Lease payment (of Financing Co_Div.) (FC)","0","0","0","0","0","0","0","0","0","0","0"
"GCZH","China","Raw Materials & COGS","","MCOS-Shared Service Cost (FC)","0","0","0","0","0","0","0","0","0","0","0"
"GCZH","China","Raw Materials & COGS","","MCOS-Inventory write-offs (FC)","0","0","0","0","0","0","0","0","0","0","0"
"GCZH","China","Raw Materials & COGS","","MCOS-Depreciation-PPE (FC)","0","0","0","0","0","0","0","0","0","0","0"
"GCZH","China","Raw Materials & COGS","","MCOS-Depreciation-ROU Asset (PLP) (FC)","0","0","0","0","0","0","0","0","0","0","0"
"GCZH","China","Raw Materials & COGS","","MCOS- Rent (Standard MCOS) - (FC)","0","0","0","0","0","0","0","0","0","0","0"
"GCZH","China","Raw Materials & COGS","","MCOS- Depreciation (Standard MCOS) - (FC)","0","0","0","0","0","0","0","0","0","0","0"
"GCZH","China","Raw Materials & COGS","","MCOS-Others (Standard MCOS) - (VC)","0","0","0","0","0","0","0","0","0","0","0"
"GCZH","China","Volume","","FIXED COST | MT","0","0","0","0","0","0","0","0","0","0","0"
"GCZH","China","Headcount","HR_TL","Total Technical HC (incl QA/QC, Formulator, Lab etc)","0","0","0","0","0","0","0","0","0","0","0"
"GCZH","China","Headcount","HR_OP","Total Operations HC (incl warehousing, weighbridge)","0","0","0","0","0","0","0","0","0","0","0"
"GCZH","China","Headcount","","Total 'Production Related' HC","0","0","0","0","0","0","0","0","0","0","0"
"GCZH","China","Revenue","HR_SA","Total Sales Head Count","0.04","0.03","0.04","0.03","0.03","0","0","-0.01","-25","0","0"
"GCZH","China","Headcount","HR_SP","Total Support Head Count","0","0","0","0","0","0","0","0","0","0","0"
"GCZH","China","Headcount","HR_TOTAL","Total Head Count (Closing balance)","0","0","0","0","0","0","0","0","0","0","0"
"GCZH","China","KPIs","","IOIC (only TP + RC)","7579.66","6372.72","8757.39","7648.3","8979.37","1331.07","17.4","221.98","2.53","2606.65","40.9"
"GCZH","China","Revenue","50000000","Gross Operating Revenue","4795.45","3848.31","5383.68","4852.57","5604.48","751.91","15.5","220.8","4.1","1756.17","45.63"
"GCZH","China","Revenue","","GOR %","0.1","0.1","0.11","0.12","0.1","-0.02","-16.67","-0.01","-9.09","0","0"
"GCZH","China","Raw Materials & COGS","43251000","MCOS-Depreciation-Leasehold Improvements PPE","0","0","0","0","0","0","0","0","0","0","0"
"GCZH","China","Raw Materials & COGS","43252000","MCOS-Depreciation-Motor Vehicles PPE","0","0","0","0","0","0","0","0","0","0","0"
"GCZH","China","Raw Materials & COGS","43253000","MCOS-Depreciation-Computer Equipment PPE","-1.8","-1.45","-4.64","-2.58","-5.01","-2.43","-94.19","-0.37","-7.97","-3.56","-245.52"
"GCZH","China","Raw Materials & COGS","43254000","MCOS-Depreciation-Furniture and Fixtures PPE","-1.59","-1.2","-1.52","-1.26","-1.31","-0.05","-3.97","0.21","13.82","-0.11","-9.17"
"GCZH","China","Raw Materials & COGS","43255000","MCOS-Depreciation-Others PPE","0","0","0","0","0","0","0","0","0","0","0"
"GCZH","China","Raw Materials & COGS","43256000","MCOS-Depreciation-Land PPE","0","0","0","0","0","0","0","0","0","0","0"
"GCZH","China","Raw Materials & COGS","43257000","MCOS-Depreciation-Buildings PPE","-145.94","-145.66","-170.38","-153.99","-161.82","-7.83","-5.08","8.56","5.02","-16.16","-11.09"
"GCZH","China","Raw Materials & COGS","43258000","MCOS-Depreciation-Construction in progress PPE","0","0","0","0","0","0","0","0","0","0","0"
"GCZH","China","Raw Materials & COGS","43259000","MCOS-Depreciation-Machinery and Equipment PPE","-528.22","-515.49","-569.48","-535.94","-587.15","-51.21","-9.56","-17.67","-3.1","-71.66","-13.9"
"GCZH","China","Raw Materials & COGS","43260000","MCOS-Depreciation-ERP PPE","0","0","0","0","0","0","0","0","0","0","0"
"GCZH","China","Raw Materials & COGS","43360000","MCOS-Depreciation-ERP ROU Asset (PLP)","0","0","0","0","0","0","0","0","0","0","0"
"GCZH","China","Raw Materials & COGS","43350000","MCOS-Depreciation-ROU Asset (PLP)","-64.16","-64.03","-64.48","-67.63","-70.39","-2.76","-4.08","-5.91","-9.17","-6.36","-9.93"
"GCZH","China","Raw Materials & COGS","","Total MCOS - Depreciation","-741.71","-727.82","-810.5","-761.39","-825.68","-64.29","-8.44","-15.18","-1.87","-97.86","-13.45"
"GCKM","China","Volume","Unit Sales - TP_Feed","Unit Sales - TP (Feed)","22096.02","131.46","0","0","0","0","0","0","0","-131.46","-100"
"GCKM","China","Volume","Unit Sales - IC_Feed","Unit Sales - IC (Feed)","783.56","0","0","0","0","0","0","0","0","0","0"
"GCKM","China","Volume","Unit Sales - RC_Feed","Unit Sales - RC (Feed)","27.98","0","0","0","0","0","0","0","0","0","0"
"GCKM","China","Volume","Total Unit Sales_Feed","Total Unit Sales (Feed)","22907.56","131.46","0","0","0","0","0","0","0","-131.46","-100"
"GCKM","China","Volume","Unit Sales - TP_CT","Unit Sales - TP (CT)","0.3","0","0","0","0","0","0","0","0","0","0"
"GCKM","China","Volume","Unit Sales - RC_CT","Unit Sales - RC (CT)","0","0","0","0","0","0","0","0","0","0","0"
"GCKM","China","Volume","Unit Sales - TP_DOC","Unit Sales - TP (DOC)","0","0","0","0","0","0","0","0","0","0","0"
"GCKM","China","Volume","","Total Volumes (MT) Feed + CT (TP +RC)","22124.3","131.46","0","0","0","0","0","0","0","-131.46","-100"
"GCKM","China","Volume","","Total Volumes (MT) - Feed only","22124","131.46","0","0","0","0","0","0","0","-131.46","-100"
"GCKM","China","Revenue","41011000","Gross Sales TP","16217.7","104.87","0","0","0","0","0","0","0","-104.87","-100"
"GCKM","China","Revenue","41012200","Gross Sales RC","25.68","0","0","0","0","0","0","0","0","0","0"
"GCKM","China","Revenue","41021000","Concession TP","-4173.73","-32.18","0","0","0","0","0","0","0","32.18","100"
"GCKM","China","Revenue","41022500","Concession RC","-3.14","0","0","0","0","0","0","0","0","0","0"
"GCKM","China","Revenue","Net Sales TP","Net Sales TP","12043.97","72.7","0","0","0","0","0","0","0","-72.7","-100"
"GCKM","China","Revenue","Net Sales RC","Net Sales RC","22.54","0","0","0","0","0","0","0","0","0","0"
"GCKM","China","Revenue","","Total Net Sales (TP + RC)","12066.51","72.7","0","0","0","0","0","0","0","-72.7","-100"
"GCKM","China","Revenue","Net Sales IC","Net Sales IC","393.83","0","0","0","0","0","0","0","0","0","0"
"GCKM","China","Revenue","","Total Net Sales (incl IC)","12460.34","72.7","0","0","0","0","0","0","0","-72.7","-100"
"GCKM","China","Raw Materials & COGS","42210000","Material Cost","-10635.49","-66.48","0","0","0","0","0","0","0","66.48","100"
"GCKM","China","Raw Materials & COGS","42229110","Variance - Purchase Price","-25761914820","-25761914820","0","0","0","0","0","0","0","25761914820","100"
"GCKM","China","Raw Materials & COGS","42211000","Raw Material COS","0","0","0","0","0","0","0","0","0","0","0"
"GCKM","China","Raw Materials & COGS","42212000","Packing Material COS","-93.88","-0.04","0","0","0","0","0","0","0","0.04","100"
"GCKM","China","Raw Materials & COGS","42213000","Finished Goods/Direct Purchase COS","-10539.6","-65.19","0","0","0","0","0","0","0","65.19","100"
"GCKM","China","General","42214000","Provision for Stock Adjustment","17.48","0","0","0","0","0","0","0","0","0","0"
"GCKM","China","Raw Materials & COGS","42215000","Exchange Differece COS","0","0","0","0","0","0","0","0","0","0","0"
"GCKM","China","Revenue","42216000","Sales Of Raw and Packing materials","0","0","0","0","0","0","0","0","0","0","0"
"GCKM","China","Raw Materials & COGS","42217000","Modified Direct purchase COS","0","0","0","0","0","0","0","0","0","0","0"
"GCKM","China","Raw Materials & COGS","42218000","Physical Inventory Loss","-56.08","0","0","0","0","0","0","0","0","0","0"
"GCKM","China","Raw Materials & COGS","42219000","Production yield_usage variance","40.73","-1.37","0","0","0","0","0","0","0","1.37","100"
"GCKM","China","Raw Materials & COGS","42230000","Consignment COS","0","0","0","0","0","0","0","0","0","0","0"
"GCKM","China","Raw Materials & COGS","42250000","COS IC","-348.28","0","0","0","0","0","0","0","0","0","0"
"GCKM","China","Revenue","42260000","Cost of sales IC Elimination","0","0","0","0","0","0","0","0","0","0","0"
"GCKM","China","Raw Materials & COGS","42270000","COS RC","-15.69","0","0","0","0","0","0","0","0","0","0"
"GCKM","China","Raw Materials & COGS","48000000","Cost of Services","0","0","0","0","0","0","0","0","0","0","0"
"GCKM","China","Raw Materials & COGS","","Total Raw Materials Costs","-10999.46","-66.48","0","0","0","0","0","0","0","66.48","100"
"GCKM","China","Raw Materials & COGS","43000000","ACTUAL MCOS","-457.75","0","0","0","0","0","0","0","0","0","0"
"GCKM","China","Raw Materials & COGS","43110000","MCOS-Personnel Expenses","-254.82","0","0","0","0","0","0","0","0","0","0"
"GCKM","China","Raw Materials & COGS","43116000","MCOS-Transportation Expenses (VC)","-0.02","0","0","0","0","0","0","0","0","0","0"
"GCKM","China","Raw Materials & COGS","43115000","MCOS-Contractual Employees & Others (VC)","-53.02","0","0","0","0","0","0","0","0","0","0"
"GCKM","China","Raw Materials & COGS","43111120","MCOS-Contract staff (VC)","0","0","0","0","0","0","0","0","0","0","0"
"GCKM","China","Raw Materials & COGS","43111130","MCOS-Contractual bonus (VC)","0","0","0","0","0","0","0","0","0","0","0"
"GCKM","China","Raw Materials & COGS","43111140","MCOS-Commission (VC)","-5.45","0","0","0","0","0","0","0","0","0","0"
"GCKM","China","Raw Materials & COGS","43111200","MCOS-Discretionary Bonus (VC)","-0.05","0","0","0","0","0","0","0","0","0","0"
"GCKM","China","Raw Materials & COGS","43111320","MCOS-Overtime Variable Cost (VC)","-8.01","0","0","0","0","0","0","0","0","0","0"
"GCKM","China","Raw Materials & COGS","43111110","MCOS-Salaries (FC)","-111.93","0","0","0","0","0","0","0","0","0","0"
"GCKM","China","Raw Materials & COGS","43111310","MCOS-Overtime Fixed Cost (FC)","0","0","0","0","0","0","0","0","0","0","0"
"GCKM","China","Raw Materials & COGS","43112000","MCOS-Personnel Allowances (FC)","-17.54","0","0","0","0","0","0","0","0","0","0"
"GCKM","China","Raw Materials & COGS","43113000","MCOS-Social Benefits (FC)","-58.56","0","0","0","0","0","0","0","0","0","0"
"GCKM","China","Raw Materials & COGS","43114000","MCOS-Employee Training (FC)","-0.25","0","0","0","0","0","0","0","0","0","0"
"GCKM","China","Raw Materials & COGS","43120000","MCOS-Travel and Entertainment (FC)","-8.91","0","0","0","0","0","0","0","0","0","0"
"GCKM","China","Raw Materials & COGS","43130000","MCOS-Rent and utilities","-131.74","0","0","0","0","0","0","0","0","0","0"
"GCKM","China","Raw Materials & COGS","43133110","MCOS-Fuel and Gas (VC)","-40.7","0","0","0","0","0","0","0","0","0","0"
"GCKM","China","Raw Materials & COGS","43133120","MCOS-Power, Light and Water (VC)","-65.45","0","0","0","0","0","0","0","0","0","0"
"GCKM","China","Raw Materials & COGS","43133300","MCOS-Utilities Others (VC)","-1.9","0","0","0","0","0","0","0","0","0","0"
"GCKM","China","Raw Materials & COGS","43131000","MCOS-Rental Expense Under Operating Lease (FC)","0","0","0","0","0","0","0","0","0","0","0"
"GCKM","China","Raw Materials & COGS","43133200","MCOS-Repair and Maintenance (FC)","-23.7","0","0","0","0","0","0","0","0","0","0"
"GCKM","China","Raw Materials & COGS","43140000","MCOS-Leasing Charges (FC)","0","0","0","0","0","0","0","0","0","0","0"
"GCKM","China","Raw Materials & COGS","43150000","MCOS-Office and Communication (VC)","-1.1","0","0","0","0","0","0","0","0","0","0"
"GCKM","China","Raw Materials & COGS","43160000","MCOS-Advertising and Promotion (FC)","0","0","0","0","0","0","0","0","0","0","0"
"GCKM","China","Raw Materials & COGS","43170000","MCOS-Delivery Expenses (VC)","0","0","0","0","0","0","0","0","0","0","0"
"GCKM","China","Raw Materials & COGS","43180000","MCOS-Insurance Expenses (FC)","0","0","0","0","0","0","0","0","0","0","0"
"GCKM","China","Raw Materials & COGS","43190000","MCOS-Professional Fees (FC)","0","0","0","0","0","0","0","0","0","0","0"
"GCKM","China","Raw Materials & COGS","43200000","MCOS-Allocated Income_Expense IC (FC)","0","0","0","0","0","0","0","0","0","0","0"
"GCKM","China","Raw Materials & COGS","43210000","MCOS-Other Operating (Income)_Expense","-9.31","0","0","0","0","0","0","0","0","0","0"
"GCKM","China","Raw Materials & COGS","43211000","MCOS-(Income)","0","0","0","0","0","0","0","0","0","0","0"
"GCKM","China","Raw Materials & COGS","43212100","MCOS-Bank Charges (FC)","0","0","0","0","0","0","0","0","0","0","0"
"GCKM","China","Raw Materials & COGS","43212200","MCOS-Production Supplies (VC)","0","0","0","0","0","0","0","0","0","0","0"
"GCKM","China","Raw Materials & COGS","43212300","MCOS-Security and Janitorial Services (FC)","0","0","0","0","0","0","0","0","0","0","0"
"GCKM","China","Raw Materials & COGS","43212400","MCOS-Recruitment Expenses (FC)","0","0","0","0","0","0","0","0","0","0","0"
"GCKM","China","Raw Materials & COGS","43212500","MCOS-Unmatched Professional fees PLUG IC (FC)","0","0","0","0","0","0","0","0","0","0","0"
"GCKM","China","Raw Materials & COGS","43212610","MCOS-Analysis_testing fee (FC)","-0.31","0","0","0","0","0","0","0","0","0","0"
"GCKM","China","Raw Materials & COGS","43212620","MCOS-Other taxes (Non-corp. tax) (FC)","0","0","0","0","0","0","0","0","0","0","0"
"GCKM","China","Raw Materials & COGS","43212630","MCOS-HSE expenses (FC)","-6.99","0","0","0","0","0","0","0","0","0","0"
"GCKM","China","Raw Materials & COGS","43212640","MCOS-Others (FC)","-2","0","0","0","0","0","0","0","0","0","0"
"GCKM","China","Raw Materials & COGS","43212650","MCOS-Toll Manufacturing (FC)","0","0","0","0","0","0","0","0","0","0","0"
"GCKM","China","Raw Materials & COGS","43212660","MCOS-R&D (FC)","0","0","0","0","0","0","0","0","0","0","0"
"GCKM","China","Raw Materials & COGS","43212700","MCOS-Unmatched Insurance Expenses PLUG IC (FC)","0","0","0","0","0","0","0","0","0","0","0"
"GCKM","China","Raw Materials & COGS","43212800","MCOS-Unmatched Rental Expenses PLUG IC (FC)","0","0","0","0","0","0","0","0","0","0","0"
"GCKM","China","Raw Materials & COGS","43212900","MCOS-Pest Control (FC)","0","0","0","0","0","0","0","0","0","0","0"
"GCKM","China","Raw Materials & COGS","43220000","MCOS-Lease payment (of Financing Co_Div.) (FC)","0","0","0","0","0","0","0","0","0","0","0"
"GCKM","China","Raw Materials & COGS","43230000","MCOS-Shared Service Cost (FC)","0","0","0","0","0","0","0","0","0","0","0"
"GCKM","China","Raw Materials & COGS","43240000","MCOS-Inventory write-offs (FC)","0","0","0","0","0","0","0","0","0","0","0"
"GCKM","China","Raw Materials & COGS","43250000","MCOS-Depreciation-PPE (FC)","-51.88","0","0","0","0","0","0","0","0","0","0"
"GCKM","China","Raw Materials & COGS","43350000","MCOS-Depreciation-ROU Asset (PLP) (FC)","0","0","0","0","0","0","0","0","0","0","0"
"GCKM","China","Raw Materials & COGS","43410000","MCOS-Allocated Income_Expense TP","0","0","0","0","0","0","0","0","0","0","0"
"GCKM","China","Raw Materials & COGS","43400000","MCOS-Inventory Provision","0","0","0","0","0","0","0","0","0","0","0"
"GCKM","China","Raw Materials & COGS","44000000","STANDARD MCOS","-9.82","-0.06","0","0","0","0","0","0","0","0.06","100"
"GCKM","China","Raw Materials & COGS","44100000","MCOS-Standard-Variable","0","0","0","0","0","0","0","0","0","0","0"
"GCKM","China","Raw Materials & COGS","44100100","MCOS- Labour @ Std - VC","0","0","0","0","0","0","0","0","0","0","0"
"GCKM","China","Raw Materials & COGS","44100200","MCOS-Fuel & Electricity @ Std- VC","0","0","0","0","0","0","0","0","0","0","0"
"GCKM","China","Raw Materials & COGS","44100300","MCOS-Maintenance @ Std - VC","0","0","0","0","0","0","0","0","0","0","0"
"GCKM","China","Raw Materials & COGS","44200000","MCOS-Standard-Fixed","0","0","0","0","0","0","0","0","0","0","0"
"GCKM","China","Raw Materials & COGS","44200100","MCOS- Rent @ Std- FC","0","0","0","0","0","0","0","0","0","0","0"
"GCKM","China","Raw Materials & COGS","44200200","MCOS-Depreciation @ Std - FC","0","0","0","0","0","0","0","0","0","0","0"
"GCKM","China","Raw Materials & COGS","44200300","MCOS-Others @ Std - FC","0","0","0","0","0","0","0","0","0","0","0"
"GCKM","China","Raw Materials & COGS","44310000","MCOS-Standard Absorption Cost - Variable","-7.48","-0.05","0","0","0","0","0","0","0","0.05","100"
"GCKM","China","Raw Materials & COGS","44311000","MCOS-Standard Absorption Labour - VC","-4.67","-0.03","0","0","0","0","0","0","0","0.03","100"
"GCKM","China","Raw Materials & COGS","44312000","MCOS-Standard Absorption Fuel & Electricity - VC","-2.12","-0.02","0","0","0","0","0","0","0","0.02","100"
"GCKM","China","Raw Materials & COGS","44313000","MCOS-Standard Absorption Maintenance - VC","-0.69","0","0","0","0","0","0","0","0","0","0"
"GCKM","China","Raw Materials & COGS","44320000","MCOS-Standard Absorption Cost - Fixed","-2.34","-0.01","0","0","0","0","0","0","0","0.01","100"
"GCKM","China","Raw Materials & COGS","44321000","MCOS-Standard Absorption Rent - FC","-0.02","0","0","0","0","0","0","0","0","0","0"
"GCKM","China","Raw Materials & COGS","44322000","MCOS-Standard Absorption Depreciation - FC","-1.95","-0.01","0","0","0","0","0","0","0","0.01","100"
"GCKM","China","Raw Materials & COGS","44323000","MCOS-Standard Absorption Others - FC","-0.36","0","0","0","0","0","0","0","0","0","0"
"GCKM","China","Raw Materials & COGS","","Total MCOS","-467.58","-0.06","0","0","0","0","0","0","0","0.06","100"
"GCKM","China","Total MCOS & COGS","45000000","Total COGS (where applicable incl IC)","-11467.04","-66.54","0","0","0","0","0","0","0","66.54","100"
"GCKM","China","General","5.70543612354868E-13","","0","0","0","0","0","0","0","0","0","0","0"
"GCKM","China","Raw Materials & COGS","","MCOS-Personnel Expenses (VC)","0","0","0","0","0","0","0","0","0","0","0"
"GCKM","China","Raw Materials & COGS","","MCOS-Rent and utilities (VC)","0","0","0","0","0","0","0","0","0","0","0"
"GCKM","China","Raw Materials & COGS","","MCOS-Office and Communication (VC)","0","0","0","0","0","0","0","0","0","0","0"
"GCKM","China","Raw Materials & COGS","","MCOS-Delivery Expenses (VC)","0","0","0","0","0","0","0","0","0","0","0"
"GCKM","China","Raw Materials & COGS","","MCOS-Other Operating (Income)_Expense (VC)","0","0","0","0","0","0","0","0","0","0","0"
"GCKM","China","Raw Materials & COGS","","MCOS- Labour (Standard MCOS) - VC","0","0","0","0","0","0","0","0","0","0","0"
"GCKM","China","Raw Materials & COGS","","MCOS-Fuel & Electricity (Standard MCOS) - VC","0","0","0","0","0","0","0","0","0","0","0"
"GCKM","China","Raw Materials & COGS","","MCOS-Maintenance (Standard MCOS) - VC","0","0","0","0","0","0","0","0","0","0","0"
"GCKM","China","Volume","","VARIABLE COST | MT","0","0","0","0","0","0","0","0","0","0","0"
"GCKM","China","Raw Materials & COGS","","MCOS-Personnel Expenses (FC)","0","0","0","0","0","0","0","0","0","0","0"
"GCKM","China","Raw Materials & COGS","","MCOS-Travel and Entertainment (FC)","0","0","0","0","0","0","0","0","0","0","0"
"GCKM","China","Raw Materials & COGS","","MCOS-Rent and utilities (FC)","0","0","0","0","0","0","0","0","0","0","0"
"GCKM","China","Raw Materials & COGS","","MCOS-Leasing Charges (FC)","0","0","0","0","0","0","0","0","0","0","0"
"GCKM","China","Raw Materials & COGS","","MCOS-Advertising and Promotion (FC)","0","0","0","0","0","0","0","0","0","0","0"
"GCKM","China","Raw Materials & COGS","","MCOS-Insurance Expenses (FC)","0","0","0","0","0","0","0","0","0","0","0"
"GCKM","China","Raw Materials & COGS","","MCOS-Professional Fees (FC)","0","0","0","0","0","0","0","0","0","0","0"
"GCKM","China","Raw Materials & COGS","","MCOS-Allocated Income_Expense IC (FC)","0","0","0","0","0","0","0","0","0","0","0"
"GCKM","China","Raw Materials & COGS","","MCOS-Other Operating (Income)_Expense (FC)","0","0","0","0","0","0","0","0","0","0","0"
"GCKM","China","Raw Materials & COGS","","MCOS-Lease payment (of Financing Co_Div.) (FC)","0","0","0","0","0","0","0","0","0","0","0"
"GCKM","China","Raw Materials & COGS","","MCOS-Shared Service Cost (FC)","0","0","0","0","0","0","0","0","0","0","0"
"GCKM","China","Raw Materials & COGS","","MCOS-Inventory write-offs (FC)","0","0","0","0","0","0","0","0","0","0","0"
"GCKM","China","Raw Materials & COGS","","MCOS-Depreciation-PPE (FC)","0","0","0","0","0","0","0","0","0","0","0"
"GCKM","China","Raw Materials & COGS","","MCOS-Depreciation-ROU Asset (PLP) (FC)","0","0","0","0","0","0","0","0","0","0","0"
"GCKM","China","Raw Materials & COGS","","MCOS- Rent (Standard MCOS) - (FC)","0","0","0","0","0","0","0","0","0","0","0"
"GCKM","China","Raw Materials & COGS","","MCOS- Depreciation (Standard MCOS) - (FC)","0","0","0","0","0","0","0","0","0","0","0"
"GCKM","China","Raw Materials & COGS","","MCOS-Others (Standard MCOS) - (VC)","0","0","0","0","0","0","0","0","0","0","0"
"GCKM","China","Volume","","FIXED COST | MT","0","0","0","0","0","0","0","0","0","0","0"
"GCKM","China","Headcount","HR_TL","Total Technical HC (incl QA/QC, Formulator, Lab etc)","0","0","0","0","0","0","0","0","0","0","0"
"GCKM","China","Headcount","HR_OP","Total Operations HC (incl warehousing, weighbridge)","0","0","0","0","0","0","0","0","0","0","0"
"GCKM","China","Headcount","","Total 'Production Related' HC","0","0","0","0","0","0","0","0","0","0","0"
"GCKM","China","Revenue","HR_SA","Total Sales Head Count","0","0","0","0","0","0","0","0","0","0","0"
"GCKM","China","Headcount","HR_SP","Total Support Head Count","0","0","0","0","0","0","0","0","0","0","0"
"GCKM","China","Headcount","HR_TOTAL","Total Head Count (Closing balance)","0","0","0","0","0","0","0","0","0","0","0"
"GCKM","China","KPIs","","IOIC (only TP + RC)","1415.34","6.21","0","0","0","0","0","0","0","-6.21","-100"
"GCKM","China","Revenue","50000000","Gross Operating Revenue","993.31","6.15","0","0","0","0","0","0","0","-6.15","-100"
"GCKM","China","Revenue","","GOR %","-2.62","0.06","-2146826281","-2146826281","-2146826281","0","0","0","0","-2146826281.06","-3578043801766.67"
"GCKM","China","Raw Materials & COGS","43251000","MCOS-Depreciation-Leasehold Improvements PPE","0","0","0","0","0","0","0","0","0","0","0"
"GCKM","China","Raw Materials & COGS","43252000","MCOS-Depreciation-Motor Vehicles PPE","0","0","0","0","0","0","0","0","0","0","0"
"GCKM","China","Raw Materials & COGS","43253000","MCOS-Depreciation-Computer Equipment PPE","-0.32","0","0","0","0","0","0","0","0","0","0"
"GCKM","China","Raw Materials & COGS","43254000","MCOS-Depreciation-Furniture and Fixtures PPE","-4.11","0","0","0","0","0","0","0","0","0","0"
"GCKM","China","Raw Materials & COGS","43255000","MCOS-Depreciation-Others PPE","0","0","0","0","0","0","0","0","0","0","0"
"GCKM","China","Raw Materials & COGS","43256000","MCOS-Depreciation-Land PPE","0","0","0","0","0","0","0","0","0","0","0"
"GCKM","China","Raw Materials & COGS","43257000","MCOS-Depreciation-Buildings PPE","-2.21","0","0","0","0","0","0","0","0","0","0"
"GCKM","China","Raw Materials & COGS","43258000","MCOS-Depreciation-Construction in progress PPE","0","0","0","0","0","0","0","0","0","0","0"
"GCKM","China","Raw Materials & COGS","43259000","MCOS-Depreciation-Machinery and Equipment PPE","-45.24","0","0","0","0","0","0","0","0","0","0"
"GCKM","China","Raw Materials & COGS","43260000","MCOS-Depreciation-ERP PPE","0","0","0","0","0","0","0","0","0","0","0"
"GCKM","China","Raw Materials & COGS","43360000","MCOS-Depreciation-ERP ROU Asset (PLP)","0","0","0","0","0","0","0","0","0","0","0"
"GCKM","China","Raw Materials & COGS","43350000","MCOS-Depreciation-ROU Asset (PLP)","0","0","0","0","0","0","0","0","0","0","0"
"GCKM","China","Raw Materials & COGS","","Total MCOS - Depreciation","-51.88","0","0","0","0","0","0","0","0","0","0"
"BFF","Malaysia","Volume","Unit Sales - TP_Feed","Unit Sales - TP (Feed)","0","0","0","0","0","0","0","0","0","0","0"
"BFF","Malaysia","Volume","Unit Sales - IC_Feed","Unit Sales - IC (Feed)","0","0","0","0","0","0","0","0","0","0","0"
"BFF","Malaysia","Volume","Unit Sales - RC_Feed","Unit Sales - RC (Feed)","0","0","0","0","0","0","0","0","0","0","0"
"BFF","Malaysia","Volume","Total Unit Sales_Feed","Total Unit Sales (Feed)","0","0","0","0","0","0","0","0","0","0","0"
"BFF","Malaysia","Volume","Unit Sales - TP_CT","Unit Sales - TP (CT)","0","0","0","0","0","0","0","0","0","0","0"
"BFF","Malaysia","Volume","Unit Sales - RC_CT","Unit Sales - RC (CT)","0","0","0","0","0","0","0","0","0","0","0"
"BFF","Malaysia","Volume","Unit Sales - TP_DOC","Unit Sales - TP (DOC)","0","0","0","0","0","0","0","0","0","0","0"
"BFF","Malaysia","Volume","","Total Volumes (MT) Feed + CT (TP +RC)","0","0","0","0","0","0","0","0","0","0","0"
"BFF","Malaysia","Volume","","Total Volumes (MT) - Feed only","0","0","0","0","0","0","0","0","0","0","0"
"BFF","Malaysia","Revenue","41011000","Gross Sales TP","0","0","0","0","0","0","0","0","0","0","0"
"BFF","Malaysia","Revenue","41012200","Gross Sales RC","0","0","0","0","0","0","0","0","0","0","0"
"BFF","Malaysia","Revenue","41021000","Concession TP","0","0","0","0","0","0","0","0","0","0","0"
"BFF","Malaysia","Revenue","41022500","Concession RC","0","0","0","0","0","0","0","0","0","0","0"
"BFF","Malaysia","Revenue","Net Sales TP","Net Sales TP","0","0","0","0","0","0","0","0","0","0","0"
"BFF","Malaysia","Revenue","Net Sales RC","Net Sales RC","0","0","0","0","0","0","0","0","0","0","0"
"BFF","Malaysia","Revenue","","Total Net Sales (TP + RC)","0","0","0","0","0","0","0","0","0","0","0"
"BFF","Malaysia","Revenue","Net Sales IC","Net Sales IC","0","0","0","0","0","0","0","0","0","0","0"
"BFF","Malaysia","Revenue","","Total Net Sales (incl IC)","0","0","0","0","0","0","0","0","0","0","0"
"BFF","Malaysia","Raw Materials & COGS","42210000","Material Cost","0","0","0","0","0","0","0","0","0","0","0"
"BFF","Malaysia","Raw Materials & COGS","42229110","Variance - Purchase Price","-25761914820","-25761914820","0","0","0","0","0","0","0","25761914820","100"
"BFF","Malaysia","Raw Materials & COGS","42211000","Raw Material COS","0","0","0","0","0","0","0","0","0","0","0"
"BFF","Malaysia","Raw Materials & COGS","42212000","Packing Material COS","0","0","0","0","0","0","0","0","0","0","0"
"BFF","Malaysia","Raw Materials & COGS","42213000","Finished Goods/Direct Purchase COS","0","0","0","0","0","0","0","0","0","0","0"
"BFF","Malaysia","General","42214000","Provision for Stock Adjustment","0","0","0","0","0","0","0","0","0","0","0"
"BFF","Malaysia","Raw Materials & COGS","42215000","Exchange Differece COS","0","0","0","0","0","0","0","0","0","0","0"
"BFF","Malaysia","Revenue","42216000","Sales Of Raw and Packing materials","0","0","0","0","0","0","0","0","0","0","0"
"BFF","Malaysia","Raw Materials & COGS","42217000","Modified Direct purchase COS","0","0","0","0","0","0","0","0","0","0","0"
"BFF","Malaysia","Raw Materials & COGS","42218000","Physical Inventory Loss","0","0","0","0","0","0","0","0","0","0","0"
"BFF","Malaysia","Raw Materials & COGS","42219000","Production yield_usage variance","0","0","0","0","0","0","0","0","0","0","0"
"BFF","Malaysia","Raw Materials & COGS","42230000","Consignment COS","0","0","0","0","0","0","0","0","0","0","0"
"BFF","Malaysia","Raw Materials & COGS","42250000","COS IC","0","0","0","0","0","0","0","0","0","0","0"
"BFF","Malaysia","Revenue","42260000","Cost of sales IC Elimination","0","0","0","0","0","0","0","0","0","0","0"
"BFF","Malaysia","Raw Materials & COGS","42270000","COS RC","0","0","0","0","0","0","0","0","0","0","0"
"BFF","Malaysia","Raw Materials & COGS","48000000","Cost of Services","0","0","0","0","0","0","0","0","0","0","0"
"BFF","Malaysia","Raw Materials & COGS","","Total Raw Materials Costs","0","0","0","0","0","0","0","0","0","0","0"
"BFF","Malaysia","Raw Materials & COGS","43000000","ACTUAL MCOS","0.06","0","0","0","0","0","0","0","0","0","0"
"BFF","Malaysia","Raw Materials & COGS","43110000","MCOS-Personnel Expenses","0","0","0","0","0","0","0","0","0","0","0"
"BFF","Malaysia","Raw Materials & COGS","43116000","MCOS-Transportation Expenses (VC)","0","0","0","0","0","0","0","0","0","0","0"
"BFF","Malaysia","Raw Materials & COGS","43115000","MCOS-Contractual Employees & Others (VC)","0","0","0","0","0","0","0","0","0","0","0"
"BFF","Malaysia","Raw Materials & COGS","43111120","MCOS-Contract staff (VC)","0","0","0","0","0","0","0","0","0","0","0"
"BFF","Malaysia","Raw Materials & COGS","43111130","MCOS-Contractual bonus (VC)","0","0","0","0","0","0","0","0","0","0","0"
"BFF","Malaysia","Raw Materials & COGS","43111140","MCOS-Commission (VC)","0","0","0","0","0","0","0","0","0","0","0"
"BFF","Malaysia","Raw Materials & COGS","43111200","MCOS-Discretionary Bonus (VC)","0","0","0","0","0","0","0","0","0","0","0"
"BFF","Malaysia","Raw Materials & COGS","43111320","MCOS-Overtime Variable Cost (VC)","0","0","0","0","0","0","0","0","0","0","0"
"BFF","Malaysia","Raw Materials & COGS","43111110","MCOS-Salaries (FC)","0","0","0","0","0","0","0","0","0","0","0"
"BFF","Malaysia","Raw Materials & COGS","43111310","MCOS-Overtime Fixed Cost (FC)","0","0","0","0","0","0","0","0","0","0","0"
"BFF","Malaysia","Raw Materials & COGS","43112000","MCOS-Personnel Allowances (FC)","0","0","0","0","0","0","0","0","0","0","0"
"BFF","Malaysia","Raw Materials & COGS","43113000","MCOS-Social Benefits (FC)","0","0","0","0","0","0","0","0","0","0","0"
"BFF","Malaysia","Raw Materials & COGS","43114000","MCOS-Employee Training (FC)","0","0","0","0","0","0","0","0","0","0","0"
"BFF","Malaysia","Raw Materials & COGS","43120000","MCOS-Travel and Entertainment (FC)","0","0","0","0","0","0","0","0","0","0","0"
"BFF","Malaysia","Raw Materials & COGS","43130000","MCOS-Rent and utilities","0","0","0","0","0","0","0","0","0","0","0"
"BFF","Malaysia","Raw Materials & COGS","43133110","MCOS-Fuel and Gas (VC)","0","0","0","0","0","0","0","0","0","0","0"
"BFF","Malaysia","Raw Materials & COGS","43133120","MCOS-Power, Light and Water (VC)","0","0","0","0","0","0","0","0","0","0","0"
"BFF","Malaysia","Raw Materials & COGS","43133300","MCOS-Utilities Others (VC)","0","0","0","0","0","0","0","0","0","0","0"
"BFF","Malaysia","Raw Materials & COGS","43131000","MCOS-Rental Expense Under Operating Lease (FC)","0","0","0","0","0","0","0","0","0","0","0"
"BFF","Malaysia","Raw Materials & COGS","43133200","MCOS-Repair and Maintenance (FC)","0","0","0","0","0","0","0","0","0","0","0"
"BFF","Malaysia","Raw Materials & COGS","43140000","MCOS-Leasing Charges (FC)","0","0","0","0","0","0","0","0","0","0","0"
"BFF","Malaysia","Raw Materials & COGS","43150000","MCOS-Office and Communication (VC)","0","0","0","0","0","0","0","0","0","0","0"
"BFF","Malaysia","Raw Materials & COGS","43160000","MCOS-Advertising and Promotion (FC)","0","0","0","0","0","0","0","0","0","0","0"
"BFF","Malaysia","Raw Materials & COGS","43170000","MCOS-Delivery Expenses (VC)","0","0","0","0","0","0","0","0","0","0","0"
"BFF","Malaysia","Raw Materials & COGS","43180000","MCOS-Insurance Expenses (FC)","0.06","0","0","0","0","0","0","0","0","0","0"
"BFF","Malaysia","Raw Materials & COGS","43190000","MCOS-Professional Fees (FC)","0","0","0","0","0","0","0","0","0","0","0"
"BFF","Malaysia","Raw Materials & COGS","43200000","MCOS-Allocated Income_Expense IC (FC)","0","0","0","0","0","0","0","0","0","0","0"
"BFF","Malaysia","Raw Materials & COGS","43210000","MCOS-Other Operating (Income)_Expense","0","0","0","0","0","0","0","0","0","0","0"
"BFF","Malaysia","Raw Materials & COGS","43211000","MCOS-(Income)","0","0","0","0","0","0","0","0","0","0","0"
"BFF","Malaysia","Raw Materials & COGS","43212100","MCOS-Bank Charges (FC)","0","0","0","0","0","0","0","0","0","0","0"
"BFF","Malaysia","Raw Materials & COGS","43212200","MCOS-Production Supplies (VC)","0","0","0","0","0","0","0","0","0","0","0"
"BFF","Malaysia","Raw Materials & COGS","43212300","MCOS-Security and Janitorial Services (FC)","0","0","0","0","0","0","0","0","0","0","0"
"BFF","Malaysia","Raw Materials & COGS","43212400","MCOS-Recruitment Expenses (FC)","0","0","0","0","0","0","0","0","0","0","0"
"BFF","Malaysia","Raw Materials & COGS","43212500","MCOS-Unmatched Professional fees PLUG IC (FC)","0","0","0","0","0","0","0","0","0","0","0"
"BFF","Malaysia","Raw Materials & COGS","43212610","MCOS-Analysis_testing fee (FC)","0","0","0","0","0","0","0","0","0","0","0"
"BFF","Malaysia","Raw Materials & COGS","43212620","MCOS-Other taxes (Non-corp. tax) (FC)","0","0","0","0","0","0","0","0","0","0","0"
"BFF","Malaysia","Raw Materials & COGS","43212630","MCOS-HSE expenses (FC)","0","0","0","0","0","0","0","0","0","0","0"
"BFF","Malaysia","Raw Materials & COGS","43212640","MCOS-Others (FC)","0","0","0","0","0","0","0","0","0","0","0"
"BFF","Malaysia","Raw Materials & COGS","43212650","MCOS-Toll Manufacturing (FC)","0","0","0","0","0","0","0","0","0","0","0"
"BFF","Malaysia","Raw Materials & COGS","43212660","MCOS-R&D (FC)","0","0","0","0","0","0","0","0","0","0","0"
"BFF","Malaysia","Raw Materials & COGS","43212700","MCOS-Unmatched Insurance Expenses PLUG IC (FC)","0","0","0","0","0","0","0","0","0","0","0"
"BFF","Malaysia","Raw Materials & COGS","43212800","MCOS-Unmatched Rental Expenses PLUG IC (FC)","0","0","0","0","0","0","0","0","0","0","0"
"BFF","Malaysia","Raw Materials & COGS","43212900","MCOS-Pest Control (FC)","0","0","0","0","0","0","0","0","0","0","0"
"BFF","Malaysia","Raw Materials & COGS","43220000","MCOS-Lease payment (of Financing Co_Div.) (FC)","0","0","0","0","0","0","0","0","0","0","0"
"BFF","Malaysia","Raw Materials & COGS","43230000","MCOS-Shared Service Cost (FC)","0","0","0","0","0","0","0","0","0","0","0"
"BFF","Malaysia","Raw Materials & COGS","43240000","MCOS-Inventory write-offs (FC)","0","0","0","0","0","0","0","0","0","0","0"
"BFF","Malaysia","Raw Materials & COGS","43250000","MCOS-Depreciation-PPE (FC)","0","0","0","0","0","0","0","0","0","0","0"
"BFF","Malaysia","Raw Materials & COGS","43350000","MCOS-Depreciation-ROU Asset (PLP) (FC)","0","0","0","0","0","0","0","0","0","0","0"
"BFF","Malaysia","Raw Materials & COGS","43410000","MCOS-Allocated Income_Expense TP","0","0","0","0","0","0","0","0","0","0","0"
"BFF","Malaysia","Raw Materials & COGS","43400000","MCOS-Inventory Provision","0","0","0","0","0","0","0","0","0","0","0"
"BFF","Malaysia","Raw Materials & COGS","44000000","STANDARD MCOS","0","0","0","0","0","0","0","0","0","0","0"
"BFF","Malaysia","Raw Materials & COGS","44100000","MCOS-Standard-Variable","0","0","0","0","0","0","0","0","0","0","0"
"BFF","Malaysia","Raw Materials & COGS","44100100","MCOS- Labour @ Std - VC","0","0","0","0","0","0","0","0","0","0","0"
"BFF","Malaysia","Raw Materials & COGS","44100200","MCOS-Fuel & Electricity @ Std- VC","0","0","0","0","0","0","0","0","0","0","0"
"BFF","Malaysia","Raw Materials & COGS","44100300","MCOS-Maintenance @ Std - VC","0","0","0","0","0","0","0","0","0","0","0"
"BFF","Malaysia","Raw Materials & COGS","44200000","MCOS-Standard-Fixed","0","0","0","0","0","0","0","0","0","0","0"
"BFF","Malaysia","Raw Materials & COGS","44200100","MCOS- Rent @ Std- FC","0","0","0","0","0","0","0","0","0","0","0"
"BFF","Malaysia","Raw Materials & COGS","44200200","MCOS-Depreciation @ Std - FC","0","0","0","0","0","0","0","0","0","0","0"
"BFF","Malaysia","Raw Materials & COGS","44200300","MCOS-Others @ Std - FC","0","0","0","0","0","0","0","0","0","0","0"
"BFF","Malaysia","Raw Materials & COGS","44310000","MCOS-Standard Absorption Cost - Variable","0","0","0","0","0","0","0","0","0","0","0"
"BFF","Malaysia","Raw Materials & COGS","44311000","MCOS-Standard Absorption Labour - VC","0","0","0","0","0","0","0","0","0","0","0"
"BFF","Malaysia","Raw Materials & COGS","44312000","MCOS-Standard Absorption Fuel & Electricity - VC","0","0","0","0","0","0","0","0","0","0","0"
"BFF","Malaysia","Raw Materials & COGS","44313000","MCOS-Standard Absorption Maintenance - VC","0","0","0","0","0","0","0","0","0","0","0"
"BFF","Malaysia","Raw Materials & COGS","44320000","MCOS-Standard Absorption Cost - Fixed","0","0","0","0","0","0","0","0","0","0","0"
"BFF","Malaysia","Raw Materials & COGS","44321000","MCOS-Standard Absorption Rent - FC","0","0","0","0","0","0","0","0","0","0","0"
"BFF","Malaysia","Raw Materials & COGS","44322000","MCOS-Standard Absorption Depreciation - FC","0","0","0","0","0","0","0","0","0","0","0"
"BFF","Malaysia","Raw Materials & COGS","44323000","MCOS-Standard Absorption Others - FC","0","0","0","0","0","0","0","0","0","0","0"
"BFF","Malaysia","Raw Materials & COGS","","Total MCOS","0.06","0","0","0","0","0","0","0","0","0","0"
"BFF","Malaysia","Total MCOS & COGS","45000000","Total COGS (where applicable incl IC)","0.06","0","0","0","0","0","0","0","0","0","0"
"BFF","Malaysia","Raw Materials & COGS","","MCOS-Personnel Expenses (VC)","0","0","0","0","0","0","0","0","0","0","0"
"BFF","Malaysia","Raw Materials & COGS","","MCOS-Rent and utilities (VC)","0","0","0","0","0","0","0","0","0","0","0"
"BFF","Malaysia","Raw Materials & COGS","","MCOS-Office and Communication (VC)","0","0","0","0","0","0","0","0","0","0","0"
"BFF","Malaysia","Raw Materials & COGS","","MCOS-Delivery Expenses (VC)","0","0","0","0","0","0","0","0","0","0","0"
"BFF","Malaysia","Raw Materials & COGS","","MCOS-Other Operating (Income)_Expense (VC)","0","0","0","0","0","0","0","0","0","0","0"
"BFF","Malaysia","Raw Materials & COGS","","MCOS- Labour (Standard MCOS) - VC","0","0","0","0","0","0","0","0","0","0","0"
"BFF","Malaysia","Raw Materials & COGS","","MCOS-Fuel & Electricity (Standard MCOS) - VC","0","0","0","0","0","0","0","0","0","0","0"
"BFF","Malaysia","Raw Materials & COGS","","MCOS-Maintenance (Standard MCOS) - VC","0","0","0","0","0","0","0","0","0","0","0"
"BFF","Malaysia","Volume","","VARIABLE COST | MT","0","0","0","0","0","0","0","0","0","0","0"
"BFF","Malaysia","Raw Materials & COGS","","MCOS-Personnel Expenses (FC)","0","0","0","0","0","0","0","0","0","0","0"
"BFF","Malaysia","Raw Materials & COGS","","MCOS-Travel and Entertainment (FC)","0","0","0","0","0","0","0","0","0","0","0"
"BFF","Malaysia","Raw Materials & COGS","","MCOS-Rent and utilities (FC)","0","0","0","0","0","0","0","0","0","0","0"
"BFF","Malaysia","Raw Materials & COGS","","MCOS-Leasing Charges (FC)","0","0","0","0","0","0","0","0","0","0","0"
"BFF","Malaysia","Raw Materials & COGS","","MCOS-Advertising and Promotion (FC)","0","0","0","0","0","0","0","0","0","0","0"
"BFF","Malaysia","Raw Materials & COGS","","MCOS-Insurance Expenses (FC)","0","0","0","0","0","0","0","0","0","0","0"
"BFF","Malaysia","Raw Materials & COGS","","MCOS-Professional Fees (FC)","0","0","0","0","0","0","0","0","0","0","0"
"BFF","Malaysia","Raw Materials & COGS","","MCOS-Allocated Income_Expense IC (FC)","0","0","0","0","0","0","0","0","0","0","0"
"BFF","Malaysia","Raw Materials & COGS","","MCOS-Other Operating (Income)_Expense (FC)","0","0","0","0","0","0","0","0","0","0","0"
"BFF","Malaysia","Raw Materials & COGS","","MCOS-Lease payment (of Financing Co_Div.) (FC)","0","0","0","0","0","0","0","0","0","0","0"
"BFF","Malaysia","Raw Materials & COGS","","MCOS-Shared Service Cost (FC)","0","0","0","0","0","0","0","0","0","0","0"
"BFF","Malaysia","Raw Materials & COGS","","MCOS-Inventory write-offs (FC)","0","0","0","0","0","0","0","0","0","0","0"
"BFF","Malaysia","Raw Materials & COGS","","MCOS-Depreciation-PPE (FC)","0","0","0","0","0","0","0","0","0","0","0"
"BFF","Malaysia","Raw Materials & COGS","","MCOS-Depreciation-ROU Asset (PLP) (FC)","0","0","0","0","0","0","0","0","0","0","0"
"BFF","Malaysia","Raw Materials & COGS","","MCOS- Rent (Standard MCOS) - (FC)","0","0","0","0","0","0","0","0","0","0","0"
"BFF","Malaysia","Raw Materials & COGS","","MCOS- Depreciation (Standard MCOS) - (FC)","0","0","0","0","0","0","0","0","0","0","0"
"BFF","Malaysia","Raw Materials & COGS","","MCOS-Others (Standard MCOS) - (VC)","0","0","0","0","0","0","0","0","0","0","0"
"BFF","Malaysia","Volume","","FIXED COST | MT","0","0","0","0","0","0","0","0","0","0","0"
"BFF","Malaysia","Headcount","HR_TL","Total Technical HC (incl QA/QC, Formulator, Lab etc)","0","0","0","0","0","0","0","0","0","0","0"
"BFF","Malaysia","Headcount","HR_OP","Total Operations HC (incl warehousing, weighbridge)","0","0","0","0","0","0","0","0","0","0","0"
"BFF","Malaysia","Headcount","","Total 'Production Related' HC","0","0","0","0","0","0","0","0","0","0","0"
"BFF","Malaysia","Revenue","HR_SA","Total Sales Head Count","0","0","0","0","0","0","0","0","0","0","0"
"BFF","Malaysia","Headcount","HR_SP","Total Support Head Count","0","0","0","0","0","0","0","0","0","0","0"
"BFF","Malaysia","Headcount","HR_TOTAL","Total Head Count (Closing balance)","0","0","0","0","0","0","0","0","0","0","0"
"BFF","Malaysia","KPIs","","IOIC (only TP + RC)","0","0","0","0","0","0","0","0","0","0","0"
"BFF","Malaysia","Revenue","50000000","Gross Operating Revenue","0.06","0","0","0","0","0","0","0","0","0","0"
"BFF","Malaysia","Revenue","","GOR %","-2146826281","-2146826281","-2146826281","-2146826281","-2146826281","0","0","0","0","0","0"
"BFF","Malaysia","Raw Materials & COGS","43251000","MCOS-Depreciation-Leasehold Improvements PPE","0","0","0","0","0","0","0","0","0","0","0"
"BFF","Malaysia","Raw Materials & COGS","43252000","MCOS-Depreciation-Motor Vehicles PPE","0","0","0","0","0","0","0","0","0","0","0"
"BFF","Malaysia","Raw Materials & COGS","43253000","MCOS-Depreciation-Computer Equipment PPE","0","0","0","0","0","0","0","0","0","0","0"
"BFF","Malaysia","Raw Materials & COGS","43254000","MCOS-Depreciation-Furniture and Fixtures PPE","0","0","0","0","0","0","0","0","0","0","0"
"BFF","Malaysia","Raw Materials & COGS","43255000","MCOS-Depreciation-Others PPE","0","0","0","0","0","0","0","0","0","0","0"
"BFF","Malaysia","Raw Materials & COGS","43256000","MCOS-Depreciation-Land PPE","0","0","0","0","0","0","0","0","0","0","0"
"BFF","Malaysia","Raw Materials & COGS","43257000","MCOS-Depreciation-Buildings PPE","0","0","0","0","0","0","0","0","0","0","0"
"BFF","Malaysia","Raw Materials & COGS","43258000","MCOS-Depreciation-Construction in progress PPE","0","0","0","0","0","0","0","0","0","0","0"
"BFF","Malaysia","Raw Materials & COGS","43259000","MCOS-Depreciation-Machinery and Equipment PPE","0","0","0","0","0","0","0","0","0","0","0"
"BFF","Malaysia","Raw Materials & COGS","43260000","MCOS-Depreciation-ERP PPE","0","0","0","0","0","0","0","0","0","0","0"
"BFF","Malaysia","Raw Materials & COGS","43360000","MCOS-Depreciation-ERP ROU Asset (PLP)","0","0","0","0","0","0","0","0","0","0","0"
"BFF","Malaysia","Raw Materials & COGS","43350000","MCOS-Depreciation-ROU Asset (PLP)","0","0","0","0","0","0","0","0","0","0","0"
"BFF","Malaysia","Raw Materials & COGS","","Total MCOS - Depreciation","0","0","0","0","0","0","0","0","0","0","0"
"GCSSB","Shrimp","Volume","Unit Sales - TP_Feed","Unit Sales - TP (Feed)","9720.81","14432.58","17880.8","21022.87","21568.4","545.53","2.59","3687.6","20.62","7135.82","49.44"
"GCSSB","Shrimp","Volume","Unit Sales - IC_Feed","Unit Sales - IC (Feed)","1443.13","163.35","0","0","0","0","0","0","0","-163.35","-100"
"GCSSB","Shrimp","Volume","Unit Sales - RC_Feed","Unit Sales - RC (Feed)","0","0","0","0","0","0","0","0","0","0","0"
"GCSSB","Shrimp","Volume","Total Unit Sales_Feed","Total Unit Sales (Feed)","11163.94","14595.93","17880.8","21022.87","21568.4","545.53","2.59","3687.6","20.62","6972.47","47.77"
"GCSSB","Shrimp","Volume","Unit Sales - TP_CT","Unit Sales - TP (CT)","0","0","0","0","0","0","0","0","0","0","0"
"GCSSB","Shrimp","Volume","Unit Sales - RC_CT","Unit Sales - RC (CT)","0","0","0","0","0","0","0","0","0","0","0"
"GCSSB","Shrimp","Volume","Unit Sales - TP_DOC","Unit Sales - TP (DOC)","0","0","0","0","0","0","0","0","0","0","0"
"GCSSB","Shrimp","Volume","","Total Volumes (MT) Feed + CT (TP +RC)","9720.81","14432.58","17880.8","21022.87","21568.4","545.53","2.59","3687.6","20.62","7135.82","49.44"
"GCSSB","Shrimp","Volume","","Total Volumes (MT) - Feed only","9720.81","14432.58","17880.8","21022.87","21568.4","545.53","2.59","3687.6","20.62","7135.82","49.44"
"GCSSB","Shrimp","Revenue","41011000","Gross Sales TP","11126.57","17136.25","23136.94","27771.27","29078.39","1307.12","4.71","5941.45","25.68","11942.14","69.69"
"GCSSB","Shrimp","Revenue","41012200","Gross Sales RC","0","0","0","0","0","0","0","0","0","0","0"
"GCSSB","Shrimp","Revenue","41021000","Concession TP","-1008.13","-1524.47","-1409.95","-3230.53","-3270","-39.47","-1.22","-1860.05","-131.92","-1745.53","-114.5"
"GCSSB","Shrimp","Revenue","41022500","Concession RC","0","0","0","0","0","0","0","0","0","0","0"
"GCSSB","Shrimp","Revenue","Net Sales TP","Net Sales TP","10118.44","15611.78","21726.99","24540.74","25808.39","1267.65","5.17","4081.4","18.78","10196.61","65.31"
"GCSSB","Shrimp","Revenue","Net Sales RC","Net Sales RC","0","0","0","0","0","0","0","0","0","0","0"
"GCSSB","Shrimp","Revenue","","Total Net Sales (TP + RC)","10118.44","15611.78","21726.99","24540.74","25808.39","1267.65","5.17","4081.4","18.78","10196.61","65.31"
"GCSSB","Shrimp","Revenue","Net Sales IC","Net Sales IC","1350.57","158.78","0","15.07","0","-15.07","-100","0","0","-158.78","-100"
"GCSSB","Shrimp","Revenue","","Total Net Sales (incl IC)","11469.01","15770.56","21726.99","24555.81","25808.39","1252.58","5.1","4081.4","18.78","10037.83","63.65"
"GCSSB","Shrimp","Raw Materials & COGS","42210000","Material Cost","-10033.99","-13702.65","-15301.36","-21250.96","-19239.36","2011.6","9.47","-3938","-25.74","-5536.71","-40.41"
"GCSSB","Shrimp","Raw Materials & COGS","42229110","Variance - Purchase Price","-25761914820","-25761914820","0","0","0","0","0","0","0","25761914820","100"
"GCSSB","Shrimp","Raw Materials & COGS","42211000","Raw Material COS","-272.86","-117.39","0","-117.32","0","117.32","100","0","0","117.39","100"
"GCSSB","Shrimp","Raw Materials & COGS","42212000","Packing Material COS","-162.51","-214.9","0","-206.12","0","206.12","100","0","0","214.9","100"
"GCSSB","Shrimp","Raw Materials & COGS","42213000","Finished Goods/Direct Purchase COS","-9202.52","-13318.13","-15301.36","-20623.88","-19239.36","1384.52","6.71","-3938","-25.74","-5921.23","-44.46"
"GCSSB","Shrimp","General","42214000","Provision for Stock Adjustment","18.5","-5.21","0","-13.27","0","13.27","100","0","0","5.21","100"
"GCSSB","Shrimp","Raw Materials & COGS","42215000","Exchange Differece COS","0","0","0","0","0","0","0","0","0","0","0"
"GCSSB","Shrimp","Revenue","42216000","Sales Of Raw and Packing materials","0","0","0","0","0","0","0","0","0","0","0"
"GCSSB","Shrimp","Raw Materials & COGS","42217000","Modified Direct purchase COS","0","0","0","0","0","0","0","0","0","0","0"
"GCSSB","Shrimp","Raw Materials & COGS","42218000","Physical Inventory Loss","-12.51","-7.84","0","-35.94","0","35.94","100","0","0","7.84","100"
"GCSSB","Shrimp","Raw Materials & COGS","42219000","Production yield_usage variance","-402.46","-39.17","0","-254.42","0","254.42","100","0","0","39.17","100"
"GCSSB","Shrimp","Raw Materials & COGS","42230000","Consignment COS","0","0","0","0","0","0","0","0","0","0","0"
"GCSSB","Shrimp","Raw Materials & COGS","42250000","COS IC","-1245.89","-126.18","0","0","0","0","0","0","0","126.18","100"
"GCSSB","Shrimp","Revenue","42260000","Cost of sales IC Elimination","0","0","0","0","0","0","0","0","0","0","0"
"GCSSB","Shrimp","Raw Materials & COGS","42270000","COS RC","0","0","0","0","0","0","0","0","0","0","0"
"GCSSB","Shrimp","Raw Materials & COGS","48000000","Cost of Services","0","0","0","0","0","0","0","0","0","0","0"
"GCSSB","Shrimp","Raw Materials & COGS","","Total Raw Materials Costs","-11279.88","-13828.82","-15301.36","-21250.96","-19239.36","2011.6","9.47","-3938","-25.74","-5410.54","-39.13"
"GCSSB","Shrimp","Raw Materials & COGS","43000000","ACTUAL MCOS","-2215.3","-2650.93","-3271.9","-2891.78","-3116.54","-224.76","-7.77","155.36","4.75","-465.61","-17.56"
"GCSSB","Shrimp","Raw Materials & COGS","43110000","MCOS-Personnel Expenses","-660.92","-797.7","-996.91","-963.12","-1051.55","-88.43","-9.18","-54.64","-5.48","-253.85","-31.82"
"GCSSB","Shrimp","Raw Materials & COGS","43116000","MCOS-Transportation Expenses (VC)","0","0","0","0","0","0","0","0","0","0","0"
"GCSSB","Shrimp","Raw Materials & COGS","43115000","MCOS-Contractual Employees & Others (VC)","-3.6","-3.96","-5.6","-2.36","-4.79","-2.43","-102.97","0.81","14.46","-0.83","-20.96"
"GCSSB","Shrimp","Raw Materials & COGS","43111120","MCOS-Contract staff (VC)","-156.73","-211.05","-247.71","-223.94","-228.23","-4.29","-1.92","19.48","7.86","-17.18","-8.14"
"GCSSB","Shrimp","Raw Materials & COGS","43111130","MCOS-Contractual bonus (VC)","-38.34","-43.81","-62.84","-63.99","-68.45","-4.46","-6.97","-5.61","-8.93","-24.64","-56.24"
"GCSSB","Shrimp","Raw Materials & COGS","43111140","MCOS-Commission (VC)","0","0","0","0","0","0","0","0","0","0","0"
"GCSSB","Shrimp","Raw Materials & COGS","43111200","MCOS-Discretionary Bonus (VC)","-21.08","-36.95","-35.63","-31.82","-36.94","-5.12","-16.09","-1.31","-3.68","0.01","0.03"
"GCSSB","Shrimp","Raw Materials & COGS","43111320","MCOS-Overtime Variable Cost (VC)","-48.52","-94.38","-112.81","-106.69","-107.72","-1.03","-0.97","5.09","4.51","-13.34","-14.13"
"GCSSB","Shrimp","Raw Materials & COGS","43111110","MCOS-Salaries (FC)","-297.84","-304.86","-402.28","-400.62","-452.56","-51.94","-12.96","-50.28","-12.5","-147.7","-48.45"
"GCSSB","Shrimp","Raw Materials & COGS","43111310","MCOS-Overtime Fixed Cost (FC)","0","0","0","0","0","0","0","0","0","0","0"
"GCSSB","Shrimp","Raw Materials & COGS","43112000","MCOS-Personnel Allowances (FC)","-6.92","-7.37","-7.28","-9.49","-9.12","0.37","3.9","-1.84","-25.27","-1.75","-23.74"
"GCSSB","Shrimp","Raw Materials & COGS","43113000","MCOS-Social Benefits (FC)","-88.32","-96.34","-119.91","-124.38","-141.27","-16.89","-13.58","-21.36","-17.81","-44.93","-46.64"
"GCSSB","Shrimp","Raw Materials & COGS","43114000","MCOS-Employee Training (FC)","0.44","1.02","-2.86","0.17","-2.48","-2.65","-1558.82","0.38","13.29","-3.5","-343.14"
"GCSSB","Shrimp","Raw Materials & COGS","43120000","MCOS-Travel and Entertainment (FC)","-1.21","-1.45","-5.29","-4.33","-5.51","-1.18","-27.25","-0.22","-4.16","-4.06","-280"
"GCSSB","Shrimp","Raw Materials & COGS","43130000","MCOS-Rent and utilities","-845.85","-1060.57","-1347.79","-1132.13","-1195.83","-63.7","-5.63","151.96","11.27","-135.26","-12.75"
"GCSSB","Shrimp","Raw Materials & COGS","43133110","MCOS-Fuel and Gas (VC)","-147.31","-180.75","-245.23","-219.67","-232.94","-13.27","-6.04","12.29","5.01","-52.19","-28.87"
"GCSSB","Shrimp","Raw Materials & COGS","43133120","MCOS-Power, Light and Water (VC)","-326.6","-406","-519.85","-506.58","-502.52","4.06","0.8","17.33","3.33","-96.52","-23.77"
"GCSSB","Shrimp","Raw Materials & COGS","43133300","MCOS-Utilities Others (VC)","-41.57","-83.49","-95.24","-74.4","-99.25","-24.85","-33.4","-4.01","-4.21","-15.76","-18.88"
"GCSSB","Shrimp","Raw Materials & COGS","43131000","MCOS-Rental Expense Under Operating Lease (FC)","-15.63","-18.67","-19.17","-19.96","-19.89","0.07","0.35","-0.72","-3.76","-1.22","-6.53"
"GCSSB","Shrimp","Raw Materials & COGS","43133200","MCOS-Repair and Maintenance (FC)","-314.73","-371.66","-468.31","-311.51","-341.22","-29.71","-9.54","127.09","27.14","30.44","8.19"
"GCSSB","Shrimp","Raw Materials & COGS","43140000","MCOS-Leasing Charges (FC)","-1.02","-1.02","-1.13","-1.22","-1.18","0.04","3.28","-0.05","-4.42","-0.16","-15.69"
"GCSSB","Shrimp","Raw Materials & COGS","43150000","MCOS-Office and Communication (VC)","-3.36","-3.59","-3.31","-4.59","-4.47","0.12","2.61","-1.16","-35.05","-0.88","-24.51"
"GCSSB","Shrimp","Raw Materials & COGS","43160000","MCOS-Advertising and Promotion (FC)","0","0","0","0","0","0","0","0","0","0","0"
"GCSSB","Shrimp","Raw Materials & COGS","43170000","MCOS-Delivery Expenses (VC)","0","0","0","0","0","0","0","0","0","0","0"
"GCSSB","Shrimp","Raw Materials & COGS","43180000","MCOS-Insurance Expenses (FC)","-37.56","-44.36","-44.44","-46.22","-34.9","11.32","24.49","9.54","21.47","9.46","21.33"
"GCSSB","Shrimp","Raw Materials & COGS","43190000","MCOS-Professional Fees (FC)","-10.8","-8.13","-11.28","-13.61","-12.05","1.56","11.46","-0.77","-6.83","-3.92","-48.22"
"GCSSB","Shrimp","Raw Materials & COGS","43200000","MCOS-Allocated Income_Expense IC (FC)","-35.88","-19.4","-64.53","-34.29","-70.82","-36.53","-106.53","-6.29","-9.75","-51.42","-265.05"
"GCSSB","Shrimp","Raw Materials & COGS","43210000","MCOS-Other Operating (Income)_Expense","-88.37","-133.15","-153.81","-138.29","-150.33","-12.04","-8.71","3.48","2.26","-17.18","-12.9"
"GCSSB","Shrimp","Raw Materials & COGS","43211000","MCOS-(Income)","38.96","3.71","0","4.18","0","-4.18","-100","0","0","-3.71","-100"
"GCSSB","Shrimp","Raw Materials & COGS","43212100","MCOS-Bank Charges (FC)","0","0","0","0","0","0","0","0","0","0","0"
"GCSSB","Shrimp","Raw Materials & COGS","43212200","MCOS-Production Supplies (VC)","0","0","0","0","0","0","0","0","0","0","0"
"GCSSB","Shrimp","Raw Materials & COGS","43212300","MCOS-Security and Janitorial Services (FC)","-54.54","-63.98","-65.71","-74.51","-74.83","-0.32","-0.43","-9.12","-13.88","-10.85","-16.96"
"GCSSB","Shrimp","Raw Materials & COGS","43212400","MCOS-Recruitment Expenses (FC)","0","0","0","0","0","0","0","0","0","0","0"
"GCSSB","Shrimp","Raw Materials & COGS","43212500","MCOS-Unmatched Professional fees PLUG IC (FC)","0","0","0","0","0","0","0","0","0","0","0"
"GCSSB","Shrimp","Raw Materials & COGS","43212610","MCOS-Analysis_testing fee (FC)","-37.53","-60.97","-81.43","-55.95","-71.04","-15.09","-26.97","10.39","12.76","-10.07","-16.52"
"GCSSB","Shrimp","Raw Materials & COGS","43212620","MCOS-Other taxes (Non-corp. tax) (FC)","0","0","0","0","0","0","0","0","0","0","0"
"GCSSB","Shrimp","Raw Materials & COGS","43212630","MCOS-HSE expenses (FC)","0","-6.07","0","-2.04","-4.47","-2.43","-119.12","-4.47","0","1.6","26.36"
"GCSSB","Shrimp","Raw Materials & COGS","43212640","MCOS-Others (FC)","-35.26","-5.84","-6.67","-9.98","0","9.98","100","6.67","100","5.84","100"
"GCSSB","Shrimp","Raw Materials & COGS","43212650","MCOS-Toll Manufacturing (FC)","0","0","0","0","0","0","0","0","0","0","0"
"GCSSB","Shrimp","Raw Materials & COGS","43212660","MCOS-R&D (FC)","0","0","0","0","0","0","0","0","0","0","0"
"GCSSB","Shrimp","Raw Materials & COGS","43212700","MCOS-Unmatched Insurance Expenses PLUG IC (FC)","0","0","0","0","0","0","0","0","0","0","0"
"GCSSB","Shrimp","Raw Materials & COGS","43212800","MCOS-Unmatched Rental Expenses PLUG IC (FC)","0","0","0","0","0","0","0","0","0","0","0"
"GCSSB","Shrimp","Raw Materials & COGS","43212900","MCOS-Pest Control (FC)","0","0","0","0","0","0","0","0","0","0","0"
"GCSSB","Shrimp","Raw Materials & COGS","43220000","MCOS-Lease payment (of Financing Co_Div.) (FC)","0","0","0","0","0","0","0","0","0","0","0"
"GCSSB","Shrimp","Raw Materials & COGS","43230000","MCOS-Shared Service Cost (FC)","0","0","0","0","0","0","0","0","0","0","0"
"GCSSB","Shrimp","Raw Materials & COGS","43240000","MCOS-Inventory write-offs (FC)","0","0","0","0","0","0","0","0","0","0","0"
"GCSSB","Shrimp","Raw Materials & COGS","43250000","MCOS-Depreciation-PPE (FC)","-497.98","-548.07","-608.23","-521","-557.06","-36.06","-6.92","51.17","8.41","-8.99","-1.64"
"GCSSB","Shrimp","Raw Materials & COGS","43350000","MCOS-Depreciation-ROU Asset (PLP) (FC)","-32.35","-33.49","-35.18","-32.97","-32.86","0.11","0.33","2.32","6.59","0.63","1.88"
"GCSSB","Shrimp","Raw Materials & COGS","43410000","MCOS-Allocated Income_Expense TP","0","0","0","0","0","0","0","0","0","0","0"
"GCSSB","Shrimp","Raw Materials & COGS","43400000","MCOS-Inventory Provision","0","0","0","0","0","0","0","0","0","0","0"
"GCSSB","Shrimp","Raw Materials & COGS","44000000","STANDARD MCOS","2082.86","1667.03","0","2568.59","0","-2568.59","-100","0","0","-1667.03","-100"
"GCSSB","Shrimp","Raw Materials & COGS","44100000","MCOS-Standard-Variable","0","0","0","0","0","0","0","0","0","0","0"
"GCSSB","Shrimp","Raw Materials & COGS","44100100","MCOS- Labour @ Std - VC","0","0","0","0","0","0","0","0","0","0","0"
"GCSSB","Shrimp","Raw Materials & COGS","44100200","MCOS-Fuel & Electricity @ Std- VC","0","0","0","0","0","0","0","0","0","0","0"
"GCSSB","Shrimp","Raw Materials & COGS","44100300","MCOS-Maintenance @ Std - VC","0","0","0","0","0","0","0","0","0","0","0"
"GCSSB","Shrimp","Raw Materials & COGS","44200000","MCOS-Standard-Fixed","0","0","0","0","0","0","0","0","0","0","0"
"GCSSB","Shrimp","Raw Materials & COGS","44200100","MCOS- Rent @ Std- FC","0","0","0","0","0","0","0","0","0","0","0"
"GCSSB","Shrimp","Raw Materials & COGS","44200200","MCOS-Depreciation @ Std - FC","0","0","0","0","0","0","0","0","0","0","0"
"GCSSB","Shrimp","Raw Materials & COGS","44200300","MCOS-Others @ Std - FC","0","0","0","0","0","0","0","0","0","0","0"
"GCSSB","Shrimp","Raw Materials & COGS","44310000","MCOS-Standard Absorption Cost - Variable","1356.61","1037.01","0","1756.84","0","-1756.84","-100","0","0","-1037.01","-100"
"GCSSB","Shrimp","Raw Materials & COGS","44311000","MCOS-Standard Absorption Labour - VC","566.69","498.89","0","716.53","0","-716.53","-100","0","0","-498.89","-100"
"GCSSB","Shrimp","Raw Materials & COGS","44312000","MCOS-Standard Absorption Fuel & Electricity - VC","452.74","376.69","0","571.2","0","-571.2","-100","0","0","-376.69","-100"
"GCSSB","Shrimp","Raw Materials & COGS","44313000","MCOS-Standard Absorption Maintenance - VC","337.19","161.44","0","469.12","0","-469.12","-100","0","0","-161.44","-100"
"GCSSB","Shrimp","Raw Materials & COGS","44320000","MCOS-Standard Absorption Cost - Fixed","726.24","630.02","0","811.75","0","-811.75","-100","0","0","-630.02","-100"
"GCSSB","Shrimp","Raw Materials & COGS","44321000","MCOS-Standard Absorption Rent - FC","5.51","0","0","0","0","0","0","0","0","0","0"
"GCSSB","Shrimp","Raw Materials & COGS","44322000","MCOS-Standard Absorption Depreciation - FC","441.38","391.06","0","477.61","0","-477.61","-100","0","0","-391.06","-100"
"GCSSB","Shrimp","Raw Materials & COGS","44323000","MCOS-Standard Absorption Others - FC","279.35","238.96","0","334.14","0","-334.14","-100","0","0","-238.96","-100"
"GCSSB","Shrimp","Raw Materials & COGS","","Total MCOS","-2215.3","-2650.93","-3271.9","-2891.78","-3116.54","-224.76","-7.77","155.36","4.75","-465.61","-17.56"
"GCSSB","Shrimp","Total MCOS & COGS","45000000","Total COGS (where applicable incl IC)","-11412.32","-14812.72","-18573.27","-21574.15","-22355.9","-781.75","-3.62","-3782.63","-20.37","-7543.18","-50.92"
"GCSSB","Shrimp","General","-1516.41704530765","","0","0","0","-2568.59","0","2568.59","100","0","0","0","0"
"GCSSB","Shrimp","Raw Materials & COGS","","MCOS-Personnel Expenses (VC)","0","0","0","0","0","0","0","0","0","0","0"
"GCSSB","Shrimp","Raw Materials & COGS","","MCOS-Rent and utilities (VC)","0","0","0","0","0","0","0","0","0","0","0"
"GCSSB","Shrimp","Raw Materials & COGS","","MCOS-Office and Communication (VC)","0","0","0","0","0","0","0","0","0","0","0"
"GCSSB","Shrimp","Raw Materials & COGS","","MCOS-Delivery Expenses (VC)","0","0","0","0","0","0","0","0","0","0","0"
"GCSSB","Shrimp","Raw Materials & COGS","","MCOS-Other Operating (Income)_Expense (VC)","0","0","0","0","0","0","0","0","0","0","0"
"GCSSB","Shrimp","Raw Materials & COGS","","MCOS- Labour (Standard MCOS) - VC","0","0","0","0","0","0","0","0","0","0","0"
"GCSSB","Shrimp","Raw Materials & COGS","","MCOS-Fuel & Electricity (Standard MCOS) - VC","0","0","0","0","0","0","0","0","0","0","0"
"GCSSB","Shrimp","Raw Materials & COGS","","MCOS-Maintenance (Standard MCOS) - VC","0","0","0","0","0","0","0","0","0","0","0"
"GCSSB","Shrimp","Volume","","VARIABLE COST | MT","0","0","0","0","0","0","0","0","0","0","0"
"GCSSB","Shrimp","Raw Materials & COGS","","MCOS-Personnel Expenses (FC)","0","0","0","0","0","0","0","0","0","0","0"
"GCSSB","Shrimp","Raw Materials & COGS","","MCOS-Travel and Entertainment (FC)","0","0","0","0","0","0","0","0","0","0","0"
"GCSSB","Shrimp","Raw Materials & COGS","","MCOS-Rent and utilities (FC)","0","0","0","0","0","0","0","0","0","0","0"
"GCSSB","Shrimp","Raw Materials & COGS","","MCOS-Leasing Charges (FC)","0","0","0","0","0","0","0","0","0","0","0"
"GCSSB","Shrimp","Raw Materials & COGS","","MCOS-Advertising and Promotion (FC)","0","0","0","0","0","0","0","0","0","0","0"
"GCSSB","Shrimp","Raw Materials & COGS","","MCOS-Insurance Expenses (FC)","0","0","0","0","0","0","0","0","0","0","0"
"GCSSB","Shrimp","Raw Materials & COGS","","MCOS-Professional Fees (FC)","0","0","0","0","0","0","0","0","0","0","0"
"GCSSB","Shrimp","Raw Materials & COGS","","MCOS-Allocated Income_Expense IC (FC)","0","0","0","0","0","0","0","0","0","0","0"
"GCSSB","Shrimp","Raw Materials & COGS","","MCOS-Other Operating (Income)_Expense (FC)","0","0","0","0","0","0","0","0","0","0","0"
"GCSSB","Shrimp","Raw Materials & COGS","","MCOS-Lease payment (of Financing Co_Div.) (FC)","0","0","0","0","0","0","0","0","0","0","0"
"GCSSB","Shrimp","Raw Materials & COGS","","MCOS-Shared Service Cost (FC)","0","0","0","0","0","0","0","0","0","0","0"
"GCSSB","Shrimp","Raw Materials & COGS","","MCOS-Inventory write-offs (FC)","0","0","0","0","0","0","0","0","0","0","0"
"GCSSB","Shrimp","Raw Materials & COGS","","MCOS-Depreciation-PPE (FC)","0","0","0","0","0","0","0","0","0","0","0"
"GCSSB","Shrimp","Raw Materials & COGS","","MCOS-Depreciation-ROU Asset (PLP) (FC)","0","0","0","0","0","0","0","0","0","0","0"
"GCSSB","Shrimp","Raw Materials & COGS","","MCOS- Rent (Standard MCOS) - (FC)","0","0","0","0","0","0","0","0","0","0","0"
"GCSSB","Shrimp","Raw Materials & COGS","","MCOS- Depreciation (Standard MCOS) - (FC)","0","0","0","0","0","0","0","0","0","0","0"
"GCSSB","Shrimp","Raw Materials & COGS","","MCOS-Others (Standard MCOS) - (VC)","0","0","0","0","0","0","0","0","0","0","0"
"GCSSB","Shrimp","Volume","","FIXED COST | MT","0","0","0","0","0","0","0","0","0","0","0"
"GCSSB","Shrimp","Headcount","HR_TL","Total Technical HC (incl QA/QC, Formulator, Lab etc)","0","0","0","0","0","0","0","0","0","0","0"
"GCSSB","Shrimp","Headcount","HR_OP","Total Operations HC (incl warehousing, weighbridge)","0","0","0","0","0","0","0","0","0","0","0"
"GCSSB","Shrimp","Headcount","","Total 'Production Related' HC","0","0","0","0","0","0","0","0","0","0","0"
"GCSSB","Shrimp","Revenue","HR_SA","Total Sales Head Count","0.01","0.01","0.01","0.01","0.01","0","0","0","0","0","0"
"GCSSB","Shrimp","Headcount","HR_SP","Total Support Head Count","0","0","0","0","0","0","0","0","0","0","0"
"GCSSB","Shrimp","Headcount","HR_TOTAL","Total Head Count (Closing balance)","0","0","0","0","0","0","0","0","0","0","0"
"GCSSB","Shrimp","KPIs","","IOIC (only TP + RC)","2167.3","3576.17","6425.62","5858.37","6569.03","710.66","12.13","143.41","2.23","2992.86","83.69"
"GCSSB","Shrimp","Revenue","50000000","Gross Operating Revenue","56.69","957.84","3153.72","2981.66","3452.49","470.83","15.79","298.77","9.47","2494.65","260.45"
"GCSSB","Shrimp","Revenue","","GOR %","-0.44","0.06","0.14","0.12","0.14","0.02","16.67","0","0","0.08","133.33"
"GCSSB","Shrimp","Raw Materials & COGS","43251000","MCOS-Depreciation-Leasehold Improvements PPE","0","0","0","0","0","0","0","0","0","0","0"
"GCSSB","Shrimp","Raw Materials & COGS","43252000","MCOS-Depreciation-Motor Vehicles PPE","0","0","0","0","0","0","0","0","0","0","0"
"GCSSB","Shrimp","Raw Materials & COGS","43253000","MCOS-Depreciation-Computer Equipment PPE","-0.82","-2.99","-4.21","-3.67","-3.5","0.17","4.63","0.71","16.86","-0.51","-17.06"
"GCSSB","Shrimp","Raw Materials & COGS","43254000","MCOS-Depreciation-Furniture and Fixtures PPE","-7.47","-7.11","-5.81","-10.23","-11.03","-0.8","-7.82","-5.22","-89.85","-3.92","-55.13"
"GCSSB","Shrimp","Raw Materials & COGS","43255000","MCOS-Depreciation-Others PPE","0","0","0","0","0","0","0","0","0","0","0"
"GCSSB","Shrimp","Raw Materials & COGS","43256000","MCOS-Depreciation-Land PPE","0","0","0","0","0","0","0","0","0","0","0"
"GCSSB","Shrimp","Raw Materials & COGS","43257000","MCOS-Depreciation-Buildings PPE","-121.07","-152.59","-170.67","-167.03","-179.17","-12.14","-7.27","-8.5","-4.98","-26.58","-17.42"
"GCSSB","Shrimp","Raw Materials & COGS","43258000","MCOS-Depreciation-Construction in progress PPE","0","0","0","0","0","0","0","0","0","0","0"
"GCSSB","Shrimp","Raw Materials & COGS","43259000","MCOS-Depreciation-Machinery and Equipment PPE","-368.62","-385.37","-427.55","-340.08","-363.35","-23.27","-6.84","64.2","15.02","22.02","5.71"
"GCSSB","Shrimp","Raw Materials & COGS","43260000","MCOS-Depreciation-ERP PPE","0","0","0","0","0","0","0","0","0","0","0"
"GCSSB","Shrimp","Raw Materials & COGS","43360000","MCOS-Depreciation-ERP ROU Asset (PLP)","0","0","0","0","0","0","0","0","0","0","0"
"GCSSB","Shrimp","Raw Materials & COGS","43350000","MCOS-Depreciation-ROU Asset (PLP)","-32.35","-33.49","-35.18","-32.97","-32.86","0.11","0.33","2.32","6.59","0.63","1.88"
"GCSSB","Shrimp","Raw Materials & COGS","","Total MCOS - Depreciation","-530.33","-581.55","-643.42","-553.97","-589.91","-35.94","-6.49","53.51","8.32","-8.36","-1.44"
"Binh Duong","Vietnam","Volume","Unit Sales - TP_Feed","Unit Sales - TP (Feed)","103054.99","114190.09","106182","122573.05","124000","1426.95","1.16","17818","16.78","9809.91","8.59"
"Binh Duong","Vietnam","Volume","Unit Sales - IC_Feed","Unit Sales - IC (Feed)","19451.74","2764.12","0","1843.55","0","-1843.55","-100","0","0","-2764.12","-100"
"Binh Duong","Vietnam","Volume","Unit Sales - RC_Feed","Unit Sales - RC (Feed)","0","0","0","0","0","0","0","0","0","0","0"
"Binh Duong","Vietnam","Volume","Total Unit Sales_Feed","Total Unit Sales (Feed)","122506.72","116954.21","106182","124416.6","124000","-416.6","-0.33","17818","16.78","7045.79","6.02"
"Binh Duong","Vietnam","Volume","Unit Sales - TP_CT","Unit Sales - TP (CT)","1.01","0.93","0","13.46","0","-13.46","-100","0","0","-0.93","-100"
"Binh Duong","Vietnam","Volume","Unit Sales - RC_CT","Unit Sales - RC (CT)","189.58","0","0","0","0","0","0","0","0","0","0"
"Binh Duong","Vietnam","Volume","Unit Sales - TP_DOC","Unit Sales - TP (DOC)","0","0","0","0","0","0","0","0","0","0","0"
"Binh Duong","Vietnam","Volume","","Total Volumes (MT) Feed + CT (TP +RC)","103245.58","114191.02","106182","122586.51","124000","1413.49","1.15","17818","16.78","9808.98","8.59"
"Binh Duong","Vietnam","Volume","","Total Volumes (MT) - Feed only","103054.99","114190.09","106182","122573.05","124000","1426.95","1.16","17818","16.78","9809.91","8.59"
"Binh Duong","Vietnam","Revenue","41011000","Gross Sales TP","53069.27","54350.17","51270.67","59764.89","64482.19","4717.3","7.89","13211.52","25.77","10132.02","18.64"
"Binh Duong","Vietnam","Revenue","41012200","Gross Sales RC","87.33","0","0","0","0","0","0","0","0","0","0"
"Binh Duong","Vietnam","Revenue","41021000","Concession TP","-9339.98","-8387.84","-7401.55","-8477.33","-9345.07","-867.74","-10.24","-1943.52","-26.26","-957.23","-11.41"
"Binh Duong","Vietnam","Revenue","41022500","Concession RC","0","0","0","0","0","0","0","0","0","0","0"
"Binh Duong","Vietnam","Revenue","Net Sales TP","Net Sales TP","43729.29","45962.34","43869.12","51287.56","55137.12","3849.56","7.51","11268","25.69","9174.78","19.96"
"Binh Duong","Vietnam","Revenue","Net Sales RC","Net Sales RC","87.33","0","0","0","0","0","0","0","0","0","0"
"Binh Duong","Vietnam","Revenue","","Total Net Sales (TP + RC)","43816.62","45962.34","43869.12","51287.56","55137.12","3849.56","7.51","11268","25.69","9174.78","19.96"
"Binh Duong","Vietnam","Revenue","Net Sales IC","Net Sales IC","8696.12","1371.69","0","1001.58","0","-1001.58","-100","0","0","-1371.69","-100"
"Binh Duong","Vietnam","Revenue","","Total Net Sales (incl IC)","52512.74","47334.03","43869.12","52289.13","55137.12","2847.99","5.45","11268","25.69","7803.09","16.49"
"Binh Duong","Vietnam","Raw Materials & COGS","42210000","Material Cost","-35504.26","-37385.01","-35174.44","-42336.75","-45847.91","-3511.16","-8.29","-10673.47","-30.34","-8462.9","-22.64"
"Binh Duong","Vietnam","Raw Materials & COGS","42229110","Variance - Purchase Price","-25761914820","-25761914820","0","-0.56","0","0.56","100","0","0","25761914820","100"
"Binh Duong","Vietnam","Raw Materials & COGS","42211000","Raw Material COS","-2.76","-2.68","0","-4.33","0","4.33","100","0","0","2.68","100"
"Binh Duong","Vietnam","Raw Materials & COGS","42212000","Packing Material COS","-651.35","-670.43","-627.36","-835.29","-914.87","-79.58","-9.53","-287.51","-45.83","-244.44","-36.46"
"Binh Duong","Vietnam","Raw Materials & COGS","42213000","Finished Goods/Direct Purchase COS","-34412.89","-36223.18","-34350.53","-41340.21","-44749.3","-3409.09","-8.25","-10398.77","-30.27","-8526.12","-23.54"
"Binh Duong","Vietnam","General","42214000","Provision for Stock Adjustment","0.94","-1.26","0","0","0","0","0","0","0","1.26","100"
"Binh Duong","Vietnam","Raw Materials & COGS","42215000","Exchange Differece COS","0","0","0","0","0","0","0","0","0","0","0"
"Binh Duong","Vietnam","Revenue","42216000","Sales Of Raw and Packing materials","0","0","0","0","0","0","0","0","0","0","0"
"Binh Duong","Vietnam","Raw Materials & COGS","42217000","Modified Direct purchase COS","0","0","0","0","0","0","0","0","0","0","0"
"Binh Duong","Vietnam","Raw Materials & COGS","42218000","Physical Inventory Loss","-159.5","-119.04","-196.55","-155.9","-183.74","-27.84","-17.86","12.81","6.52","-64.7","-54.35"
"Binh Duong","Vietnam","Raw Materials & COGS","42219000","Production yield_usage variance","-256.56","-208.83","0","-0.45","0","0.45","100","0","0","208.83","100"
"Binh Duong","Vietnam","Raw Materials & COGS","42230000","Consignment COS","0","0","0","0","0","0","0","0","0","0","0"
"Binh Duong","Vietnam","Raw Materials & COGS","42250000","COS IC","-8301.4","-1259.91","0","-919.35","0","919.35","100","0","0","1259.91","100"
"Binh Duong","Vietnam","Revenue","42260000","Cost of sales IC Elimination","0","0","0","0","0","0","0","0","0","0","0"
"Binh Duong","Vietnam","Raw Materials & COGS","42270000","COS RC","-90.11","0","0","0","0","0","0","0","0","0","0"
"Binh Duong","Vietnam","Raw Materials & COGS","48000000","Cost of Services","0","0","0","0","0","0","0","0","0","0","0"
"Binh Duong","Vietnam","Raw Materials & COGS","","Total Raw Materials Costs","-43895.76","-38644.92","-35174.44","-43256.1","-45847.91","-2591.81","-5.99","-10673.47","-30.34","-7202.99","-18.64"
"Binh Duong","Vietnam","Raw Materials & COGS","43000000","ACTUAL MCOS","-2169.64","-2112.76","-2194.17","-2564.29","-2499.51","64.78","2.53","-305.34","-13.92","-386.75","-18.31"
"Binh Duong","Vietnam","Raw Materials & COGS","43110000","MCOS-Personnel Expenses","-859.6","-833.86","-932.8","-948.07","-1020.55","-72.48","-7.65","-87.75","-9.41","-186.69","-22.39"
"Binh Duong","Vietnam","Raw Materials & COGS","43116000","MCOS-Transportation Expenses (VC)","0","0","-1.35","-0.6","-0.75","-0.15","-25","0.6","44.44","-0.75","0"
"Binh Duong","Vietnam","Raw Materials & COGS","43115000","MCOS-Contractual Employees & Others (VC)","-124.24","-101.39","-160.06","-168.59","-171.94","-3.35","-1.99","-11.88","-7.42","-70.55","-69.58"
"Binh Duong","Vietnam","Raw Materials & COGS","43111120","MCOS-Contract staff (VC)","0","0","0","0","0","0","0","0","0","0","0"
"Binh Duong","Vietnam","Raw Materials & COGS","43111130","MCOS-Contractual bonus (VC)","-27.27","-26.12","-29.84","-28.98","-31.8","-2.82","-9.73","-1.96","-6.57","-5.68","-21.75"
"Binh Duong","Vietnam","Raw Materials & COGS","43111140","MCOS-Commission (VC)","0","0","0","0","0","0","0","0","0","0","0"
"Binh Duong","Vietnam","Raw Materials & COGS","43111200","MCOS-Discretionary Bonus (VC)","-70.03","-61.5","-45.27","-43.58","-48.58","-5","-11.47","-3.31","-7.31","12.92","21.01"
"Binh Duong","Vietnam","Raw Materials & COGS","43111320","MCOS-Overtime Variable Cost (VC)","-144.06","-122.27","-102.97","-146.71","-132.03","14.68","10.01","-29.06","-28.22","-9.76","-7.98"
"Binh Duong","Vietnam","Raw Materials & COGS","43111110","MCOS-Salaries (FC)","-305.73","-324.19","-352.96","-346.89","-381.57","-34.68","-10","-28.61","-8.11","-57.38","-17.7"
"Binh Duong","Vietnam","Raw Materials & COGS","43111310","MCOS-Overtime Fixed Cost (FC)","0","0","0","0","0","0","0","0","0","0","0"
"Binh Duong","Vietnam","Raw Materials & COGS","43112000","MCOS-Personnel Allowances (FC)","-106.08","-110.79","-140.23","-116.21","-145.88","-29.67","-25.53","-5.65","-4.03","-35.09","-31.67"
"Binh Duong","Vietnam","Raw Materials & COGS","43113000","MCOS-Social Benefits (FC)","-81.93","-87.11","-90.06","-93.36","-99.39","-6.03","-6.46","-9.33","-10.36","-12.28","-14.1"
"Binh Duong","Vietnam","Raw Materials & COGS","43114000","MCOS-Employee Training (FC)","-0.26","-0.49","-10.06","-3.14","-8.61","-5.47","-174.2","1.45","14.41","-8.12","-1657.14"
"Binh Duong","Vietnam","Raw Materials & COGS","43120000","MCOS-Travel and Entertainment (FC)","-1.83","-0.39","-2.52","-0.22","-6.01","-5.79","-2631.82","-3.49","-138.49","-5.62","-1441.03"
"Binh Duong","Vietnam","Raw Materials & COGS","43130000","MCOS-Rent and utilities","-578.13","-551.95","-535.42","-570.92","-540.08","30.84","5.4","-4.66","-0.87","11.87","2.15"
"Binh Duong","Vietnam","Raw Materials & COGS","43133110","MCOS-Fuel and Gas (VC)","-158.51","-150.5","-157.18","-159.88","-179.14","-19.26","-12.05","-21.96","-13.97","-28.64","-19.03"
"Binh Duong","Vietnam","Raw Materials & COGS","43133120","MCOS-Power, Light and Water (VC)","-277.53","-268.17","-266.16","-280.44","-276.14","4.3","1.53","-9.98","-3.75","-7.97","-2.97"
"Binh Duong","Vietnam","Raw Materials & COGS","43133300","MCOS-Utilities Others (VC)","-8.58","-13.54","-18.76","-16.15","-19.91","-3.76","-23.28","-1.15","-6.13","-6.37","-47.05"
"Binh Duong","Vietnam","Raw Materials & COGS","43131000","MCOS-Rental Expense Under Operating Lease (FC)","0","0","0","0","0","0","0","0","0","0","0"
"Binh Duong","Vietnam","Raw Materials & COGS","43133200","MCOS-Repair and Maintenance (FC)","-133.51","-119.73","-93.31","-114.45","-64.91","49.54","43.29","28.4","30.44","54.82","45.79"
"Binh Duong","Vietnam","Raw Materials & COGS","43140000","MCOS-Leasing Charges (FC)","-97.84","-92.1","-89.31","-105.95","-124.56","-18.61","-17.56","-35.25","-39.47","-32.46","-35.24"
"Binh Duong","Vietnam","Raw Materials & COGS","43150000","MCOS-Office and Communication (VC)","-5.71","-2.57","-4.96","-5.13","-4.96","0.17","3.31","0","0","-2.39","-93"
"Binh Duong","Vietnam","Raw Materials & COGS","43160000","MCOS-Advertising and Promotion (FC)","0","0","0","0","0","0","0","0","0","0","0"
"Binh Duong","Vietnam","Raw Materials & COGS","43170000","MCOS-Delivery Expenses (VC)","0","0","0","0","0","0","0","0","0","0","0"
"Binh Duong","Vietnam","Raw Materials & COGS","43180000","MCOS-Insurance Expenses (FC)","-41.65","-13.66","-37.45","-34.73","-35.65","-0.92","-2.65","1.8","4.81","-21.99","-160.98"
"Binh Duong","Vietnam","Raw Materials & COGS","43190000","MCOS-Professional Fees (FC)","0","0","0","0","0","0","0","0","0","0","0"
"Binh Duong","Vietnam","Raw Materials & COGS","43200000","MCOS-Allocated Income_Expense IC (FC)","0","0","0","-7.53","0","7.53","100","0","0","0","0"
"Binh Duong","Vietnam","Raw Materials & COGS","43210000","MCOS-Other Operating (Income)_Expense","-363.6","-401.46","-345.78","-696.81","-532.28","164.53","23.61","-186.5","-53.94","-130.82","-32.59"
"Binh Duong","Vietnam","Raw Materials & COGS","43211000","MCOS-(Income)","0","0","0","0","0","0","0","0","0","0","0"
"Binh Duong","Vietnam","Raw Materials & COGS","43212100","MCOS-Bank Charges (FC)","0","0","0","0","0","0","0","0","0","0","0"
"Binh Duong","Vietnam","Raw Materials & COGS","43212200","MCOS-Production Supplies (VC)","0","-4.93","-4.78","-1.98","-4.78","-2.8","-141.41","0","0","0.15","3.04"
"Binh Duong","Vietnam","Raw Materials & COGS","43212300","MCOS-Security and Janitorial Services (FC)","-3.64","-2.85","-2.78","-2.81","-2.77","0.04","1.42","0.01","0.36","0.08","2.81"
"Binh Duong","Vietnam","Raw Materials & COGS","43212400","MCOS-Recruitment Expenses (FC)","0","0","0","0","0","0","0","0","0","0","0"
"Binh Duong","Vietnam","Raw Materials & COGS","43212500","MCOS-Unmatched Professional fees PLUG IC (FC)","0","0","0","0","0","0","0","0","0","0","0"
"Binh Duong","Vietnam","Raw Materials & COGS","43212610","MCOS-Analysis_testing fee (FC)","-10.38","-12.32","-5.64","-7.79","-5.63","2.16","27.73","0.01","0.18","6.69","54.3"
"Binh Duong","Vietnam","Raw Materials & COGS","43212620","MCOS-Other taxes (Non-corp. tax) (FC)","0","0","0","0","0","0","0","0","0","0","0"
"Binh Duong","Vietnam","Raw Materials & COGS","43212630","MCOS-HSE expenses (FC)","-22.09","-35.86","-88.5","-60.56","-95.77","-35.21","-58.14","-7.27","-8.21","-59.91","-167.07"
"Binh Duong","Vietnam","Raw Materials & COGS","43212640","MCOS-Others (FC)","-104.48","-96.07","-104.25","-92.03","-110.08","-18.05","-19.61","-5.83","-5.59","-14.01","-14.58"
"Binh Duong","Vietnam","Raw Materials & COGS","43212650","MCOS-Toll Manufacturing (FC)","-223.02","-249.43","-139.83","-531.63","-313.24","218.39","41.08","-173.41","-124.01","-63.81","-25.58"
"Binh Duong","Vietnam","Raw Materials & COGS","43212660","MCOS-R&D (FC)","0","0","0","0","0","0","0","0","0","0","0"
"Binh Duong","Vietnam","Raw Materials & COGS","43212700","MCOS-Unmatched Insurance Expenses PLUG IC (FC)","0","0","0","0","0","0","0","0","0","0","0"
"Binh Duong","Vietnam","Raw Materials & COGS","43212800","MCOS-Unmatched Rental Expenses PLUG IC (FC)","0","0","0","0","0","0","0","0","0","0","0"
"Binh Duong","Vietnam","Raw Materials & COGS","43212900","MCOS-Pest Control (FC)","0","0","0","0","0","0","0","0","0","0","0"
"Binh Duong","Vietnam","Raw Materials & COGS","43220000","MCOS-Lease payment (of Financing Co_Div.) (FC)","0","0","0","0","0","0","0","0","0","0","0"
"Binh Duong","Vietnam","Raw Materials & COGS","43230000","MCOS-Shared Service Cost (FC)","0","0","0","0","0","0","0","0","0","0","0"
"Binh Duong","Vietnam","Raw Materials & COGS","43240000","MCOS-Inventory write-offs (FC)","0","0","0","0","0","0","0","0","0","0","0"
"Binh Duong","Vietnam","Raw Materials & COGS","43250000","MCOS-Depreciation-PPE (FC)","-208.31","-204.27","-233.74","-182.64","-223.24","-40.6","-22.23","10.5","4.49","-18.97","-9.29"
"Binh Duong","Vietnam","Raw Materials & COGS","43350000","MCOS-Depreciation-ROU Asset (PLP) (FC)","-12.97","-12.5","-12.18","-12.31","-12.17","0.14","1.14","0.01","0.08","0.33","2.64"
"Binh Duong","Vietnam","Raw Materials & COGS","43410000","MCOS-Allocated Income_Expense TP","0","0","0","0","0","0","0","0","0","0","0"
"Binh Duong","Vietnam","Raw Materials & COGS","43400000","MCOS-Inventory Provision","0","0","0","0","0","0","0","0","0","0","0"
"Binh Duong","Vietnam","Raw Materials & COGS","44000000","STANDARD MCOS","-92.96","-229.55","0","-149.69","0","149.69","100","0","0","229.55","100"
"Binh Duong","Vietnam","Raw Materials & COGS","44100000","MCOS-Standard-Variable","-720.91","-860.8","0","-543.03","0","543.03","100","0","0","860.8","100"
"Binh Duong","Vietnam","Raw Materials & COGS","44100100","MCOS- Labour @ Std - VC","-575.23","-684.2","0","-432.46","0","432.46","100","0","0","684.2","100"
"Binh Duong","Vietnam","Raw Materials & COGS","44100200","MCOS-Fuel & Electricity @ Std- VC","0","0","0","0","0","0","0","0","0","0","0"
"Binh Duong","Vietnam","Raw Materials & COGS","44100300","MCOS-Maintenance @ Std - VC","-145.68","-176.6","0","-110.57","0","110.57","100","0","0","176.6","100"
"Binh Duong","Vietnam","Raw Materials & COGS","44200000","MCOS-Standard-Fixed","0","0","0","0","0","0","0","0","0","0","0"
"Binh Duong","Vietnam","Raw Materials & COGS","44200100","MCOS- Rent @ Std- FC","0","0","0","0","0","0","0","0","0","0","0"
"Binh Duong","Vietnam","Raw Materials & COGS","44200200","MCOS-Depreciation @ Std - FC","0","0","0","0","0","0","0","0","0","0","0"
"Binh Duong","Vietnam","Raw Materials & COGS","44200300","MCOS-Others @ Std - FC","0","0","0","0","0","0","0","0","0","0","0"
"Binh Duong","Vietnam","Raw Materials & COGS","44310000","MCOS-Standard Absorption Cost - Variable","688.31","720.02","0","448.23","0","-448.23","-100","0","0","-720.02","-100"
"Binh Duong","Vietnam","Raw Materials & COGS","44311000","MCOS-Standard Absorption Labour - VC","553.58","624.13","0","393.66","0","-393.66","-100","0","0","-624.13","-100"
"Binh Duong","Vietnam","Raw Materials & COGS","44312000","MCOS-Standard Absorption Fuel & Electricity - VC","-7.65","-61.96","0","-44.84","0","44.84","100","0","0","61.96","100"
"Binh Duong","Vietnam","Raw Materials & COGS","44313000","MCOS-Standard Absorption Maintenance - VC","142.38","157.85","0","99.41","0","-99.41","-100","0","0","-157.85","-100"
"Binh Duong","Vietnam","Raw Materials & COGS","44320000","MCOS-Standard Absorption Cost - Fixed","-60.36","-88.77","0","-54.9","0","54.9","100","0","0","88.77","100"
"Binh Duong","Vietnam","Raw Materials & COGS","44321000","MCOS-Standard Absorption Rent - FC","-17.16","-2.18","0","-1.28","0","1.28","100","0","0","2.18","100"
"Binh Duong","Vietnam","Raw Materials & COGS","44322000","MCOS-Standard Absorption Depreciation - FC","-26.97","-59.66","0","-37.88","0","37.88","100","0","0","59.66","100"
"Binh Duong","Vietnam","Raw Materials & COGS","44323000","MCOS-Standard Absorption Others - FC","-16.22","-26.93","0","-15.74","0","15.74","100","0","0","26.93","100"
"Binh Duong","Vietnam","Raw Materials & COGS","","Total MCOS","-2262.6","-2342.31","-2194.17","-2713.98","-2499.51","214.47","7.9","-305.34","-13.92","-157.2","-6.71"
"Binh Duong","Vietnam","Total MCOS & COGS","45000000","Total COGS (where applicable incl IC)","-46158.36","-40987.23","-37368.61","-45970.08","-48347.42","-2377.34","-5.17","-10978.81","-29.38","-7360.19","-17.96"
"Binh Duong","Vietnam","General","1.22497567645041E-11","","0","0","0","0","0","0","0","0","0","0","0"
"Binh Duong","Vietnam","Raw Materials & COGS","","MCOS-Personnel Expenses (VC)","0","0","0","0","0","0","0","0","0","0","0"
"Binh Duong","Vietnam","Raw Materials & COGS","","MCOS-Rent and utilities (VC)","0","0","0","0","0","0","0","0","0","0","0"
"Binh Duong","Vietnam","Raw Materials & COGS","","MCOS-Office and Communication (VC)","0","0","0","0","0","0","0","0","0","0","0"
"Binh Duong","Vietnam","Raw Materials & COGS","","MCOS-Delivery Expenses (VC)","0","0","0","0","0","0","0","0","0","0","0"
"Binh Duong","Vietnam","Raw Materials & COGS","","MCOS-Other Operating (Income)_Expense (VC)","0","0","0","0","0","0","0","0","0","0","0"
"Binh Duong","Vietnam","Raw Materials & COGS","","MCOS- Labour (Standard MCOS) - VC","0","0","0","0","0","0","0","0","0","0","0"
"Binh Duong","Vietnam","Raw Materials & COGS","","MCOS-Fuel & Electricity (Standard MCOS) - VC","0","0","0","0","0","0","0","0","0","0","0"
"Binh Duong","Vietnam","Raw Materials & COGS","","MCOS-Maintenance (Standard MCOS) - VC","0","0","0","0","0","0","0","0","0","0","0"
"Binh Duong","Vietnam","Volume","","VARIABLE COST | MT","0","0","0","0","0","0","0","0","0","0","0"
"Binh Duong","Vietnam","Raw Materials & COGS","","MCOS-Personnel Expenses (FC)","0","0","0","0","0","0","0","0","0","0","0"
"Binh Duong","Vietnam","Raw Materials & COGS","","MCOS-Travel and Entertainment (FC)","0","0","0","0","0","0","0","0","0","0","0"
"Binh Duong","Vietnam","Raw Materials & COGS","","MCOS-Rent and utilities (FC)","0","0","0","0","0","0","0","0","0","0","0"
"Binh Duong","Vietnam","Raw Materials & COGS","","MCOS-Leasing Charges (FC)","0","0","0","0","0","0","0","0","0","0","0"
"Binh Duong","Vietnam","Raw Materials & COGS","","MCOS-Advertising and Promotion (FC)","0","0","0","0","0","0","0","0","0","0","0"
"Binh Duong","Vietnam","Raw Materials & COGS","","MCOS-Insurance Expenses (FC)","0","0","0","0","0","0","0","0","0","0","0"
"Binh Duong","Vietnam","Raw Materials & COGS","","MCOS-Professional Fees (FC)","0","0","0","0","0","0","0","0","0","0","0"
"Binh Duong","Vietnam","Raw Materials & COGS","","MCOS-Allocated Income_Expense IC (FC)","0","0","0","0","0","0","0","0","0","0","0"
"Binh Duong","Vietnam","Raw Materials & COGS","","MCOS-Other Operating (Income)_Expense (FC)","0","0","0","0","0","0","0","0","0","0","0"
"Binh Duong","Vietnam","Raw Materials & COGS","","MCOS-Lease payment (of Financing Co_Div.) (FC)","0","0","0","0","0","0","0","0","0","0","0"
"Binh Duong","Vietnam","Raw Materials & COGS","","MCOS-Shared Service Cost (FC)","0","0","0","0","0","0","0","0","0","0","0"
"Binh Duong","Vietnam","Raw Materials & COGS","","MCOS-Inventory write-offs (FC)","0","0","0","0","0","0","0","0","0","0","0"
"Binh Duong","Vietnam","Raw Materials & COGS","","MCOS-Depreciation-PPE (FC)","0","0","0","0","0","0","0","0","0","0","0"
"Binh Duong","Vietnam","Raw Materials & COGS","","MCOS-Depreciation-ROU Asset (PLP) (FC)","0","0","0","0","0","0","0","0","0","0","0"
"Binh Duong","Vietnam","Raw Materials & COGS","","MCOS- Rent (Standard MCOS) - (FC)","0","0","0","0","0","0","0","0","0","0","0"
"Binh Duong","Vietnam","Raw Materials & COGS","","MCOS- Depreciation (Standard MCOS) - (FC)","0","0","0","0","0","0","0","0","0","0","0"
"Binh Duong","Vietnam","Raw Materials & COGS","","MCOS-Others (Standard MCOS) - (VC)","0","0","0","0","0","0","0","0","0","0","0"
"Binh Duong","Vietnam","Volume","","FIXED COST | MT","0","0","0","0","0","0","0","0","0","0","0"
"Binh Duong","Vietnam","Headcount","HR_TL","Total Technical HC (incl QA/QC, Formulator, Lab etc)","0","0","0","0","0","0","0","0","0","0","0"
"Binh Duong","Vietnam","Headcount","HR_OP","Total Operations HC (incl warehousing, weighbridge)","0","0","0","0","0","0","0","0","0","0","0"
"Binh Duong","Vietnam","Headcount","","Total 'Production Related' HC","0","0","0","0","0","0","0","0","0","0","0"
"Binh Duong","Vietnam","Revenue","HR_SA","Total Sales Head Count","0.05","0.05","0.06","0.06","0.06","0","0","0","0","0.01","20"
"Binh Duong","Vietnam","Headcount","HR_SP","Total Support Head Count","0","0","0","0","0","0","0","0","0","0","0"
"Binh Duong","Vietnam","Headcount","HR_TOTAL","Total Head Count (Closing balance)","0","0","0","0","0","0","0","0","0","0","0"
"Binh Duong","Vietnam","KPIs","","IOIC (only TP + RC)","8222.25","8577.32","8694.68","8950.81","9289.21","338.4","3.78","594.53","6.84","711.89","8.3"
"Binh Duong","Vietnam","Revenue","50000000","Gross Operating Revenue","6354.38","6346.8","6500.51","6319.05","6789.7","470.65","7.45","289.19","4.45","442.9","6.98"
"Binh Duong","Vietnam","Revenue","","GOR %","0.16","0.14","0.16","0.13","0.12","-0.01","-7.69","-0.04","-25","-0.02","-14.29"
"Binh Duong","Vietnam","Raw Materials & COGS","43251000","MCOS-Depreciation-Leasehold Improvements PPE","0","0","0","0","0","0","0","0","0","0","0"
"Binh Duong","Vietnam","Raw Materials & COGS","43252000","MCOS-Depreciation-Motor Vehicles PPE","0","-2.89","-7.16","-3.44","-3.4","0.04","1.16","3.76","52.51","-0.51","-17.65"
"Binh Duong","Vietnam","Raw Materials & COGS","43253000","MCOS-Depreciation-Computer Equipment PPE","0","0","0","0","0","0","0","0","0","0","0"
"Binh Duong","Vietnam","Raw Materials & COGS","43254000","MCOS-Depreciation-Furniture and Fixtures PPE","0","0","0","0","0","0","0","0","0","0","0"
"Binh Duong","Vietnam","Raw Materials & COGS","43255000","MCOS-Depreciation-Others PPE","-0.83","-0.8","-0.78","-0.79","-0.78","0.01","1.27","0","0","0.02","2.5"
"Binh Duong","Vietnam","Raw Materials & COGS","43256000","MCOS-Depreciation-Land PPE","0","0","0","0","0","0","0","0","0","0","0"
"Binh Duong","Vietnam","Raw Materials & COGS","43257000","MCOS-Depreciation-Buildings PPE","-45.13","-41.78","-47.31","-46.21","-55.73","-9.52","-20.6","-8.42","-17.8","-13.95","-33.39"
"Binh Duong","Vietnam","Raw Materials & COGS","43258000","MCOS-Depreciation-Construction in progress PPE","0","0","0","0","0","0","0","0","0","0","0"
"Binh Duong","Vietnam","Raw Materials & COGS","43259000","MCOS-Depreciation-Machinery and Equipment PPE","-162.35","-158.8","-178.49","-132.2","-163.33","-31.13","-23.55","15.16","8.49","-4.53","-2.85"
"Binh Duong","Vietnam","Raw Materials & COGS","43260000","MCOS-Depreciation-ERP PPE","0","0","0","0","0","0","0","0","0","0","0"
"Binh Duong","Vietnam","Raw Materials & COGS","43360000","MCOS-Depreciation-ERP ROU Asset (PLP)","0","0","0","0","0","0","0","0","0","0","0"
"Binh Duong","Vietnam","Raw Materials & COGS","43350000","MCOS-Depreciation-ROU Asset (PLP)","-12.97","-12.5","-12.18","-12.31","-12.17","0.14","1.14","0.01","0.08","0.33","2.64"
"Binh Duong","Vietnam","Raw Materials & COGS","","Total MCOS - Depreciation","-221.28","-216.77","-245.93","-194.95","-235.41","-40.46","-20.75","10.52","4.28","-18.64","-8.6"
"GCFLA","Vietnam","Volume","Unit Sales - TP_Feed","Unit Sales - TP (Feed)","76202.78","190556.34","178000","217360.5","221000","3639.5","1.67","43000","24.16","30443.66","15.98"
"GCFLA","Vietnam","Volume","Unit Sales - IC_Feed","Unit Sales - IC (Feed)","20780.4","8110.02","4200","7800.7","11900","4099.3","52.55","7700","183.33","3789.98","46.73"
"GCFLA","Vietnam","Volume","Unit Sales - RC_Feed","Unit Sales - RC (Feed)","0","0","0","0","0","0","0","0","0","0","0"
"GCFLA","Vietnam","Volume","Total Unit Sales_Feed","Total Unit Sales (Feed)","96983.18","198666.37","182200","225161.2","232900","7738.8","3.44","50700","27.83","34233.63","17.23"
"GCFLA","Vietnam","Volume","Unit Sales - TP_CT","Unit Sales - TP (CT)","0","0","0","0","0","0","0","0","0","0","0"
"GCFLA","Vietnam","Volume","Unit Sales - RC_CT","Unit Sales - RC (CT)","308.07","0","0","0","0","0","0","0","0","0","0"
"GCFLA","Vietnam","Volume","Unit Sales - TP_DOC","Unit Sales - TP (DOC)","0","0","0","0","0","0","0","0","0","0","0"
"GCFLA","Vietnam","Volume","","Total Volumes (MT) Feed + CT (TP +RC)","76510.86","190556.34","178000","217360.5","221000","3639.5","1.67","43000","24.16","30443.66","15.98"
"GCFLA","Vietnam","Volume","","Total Volumes (MT) - Feed only","76202.78","190556.34","178000","217360.5","221000","3639.5","1.67","43000","24.16","30443.66","15.98"
"GCFLA","Vietnam","Revenue","41011000","Gross Sales TP","40543.17","93259.02","86708.38","106197.3","113454.89","7257.59","6.83","26746.51","30.85","20195.87","21.66"
"GCFLA","Vietnam","Revenue","41012200","Gross Sales RC","140.98","0","0","0","0","0","0","0","0","0","0"
"GCFLA","Vietnam","Revenue","41021000","Concession TP","-7057.24","-14937.98","-12282.13","-14224.91","-14901.41","-676.5","-4.76","-2619.28","-21.33","36.57","0.24"
"GCFLA","Vietnam","Revenue","41022500","Concession RC","0","0","0","0","0","0","0","0","0","0","0"
"GCFLA","Vietnam","Revenue","Net Sales TP","Net Sales TP","33485.93","78321.03","74426.25","91972.39","98553.48","6581.09","7.16","24127.23","32.42","20232.45","25.83"
"GCFLA","Vietnam","Revenue","Net Sales RC","Net Sales RC","140.98","0","0","0","0","0","0","0","0","0","0"
"GCFLA","Vietnam","Revenue","","Total Net Sales (TP + RC)","33626.91","78321.03","74426.25","91972.39","98553.48","6581.09","7.16","24127.23","32.42","20232.45","25.83"
"GCFLA","Vietnam","Revenue","Net Sales IC","Net Sales IC","9583.98","5221.08","2372.54","4830.74","5917.99","1087.25","22.51","3545.45","149.44","696.91","13.35"
"GCFLA","Vietnam","Revenue","","Total Net Sales (incl IC)","43210.89","83542.11","76798.78","96803.14","104471.47","7668.33","7.92","27672.69","36.03","20929.36","25.05"
"GCFLA","Vietnam","Raw Materials & COGS","42210000","Material Cost","-26771.19","-63500.31","-60297.69","-75927.78","-82015.76","-6087.98","-8.02","-21718.07","-36.02","-18515.45","-29.16"
"GCFLA","Vietnam","Raw Materials & COGS","42229110","Variance - Purchase Price","-25761914820","-25761914820","0","-82.07","0","82.07","100","0","0","25761914820","100"
"GCFLA","Vietnam","Raw Materials & COGS","42211000","Raw Material COS","-144.1","0","0","0","0","0","0","0","0","0","0"
"GCFLA","Vietnam","Raw Materials & COGS","42212000","Packing Material COS","-545.45","-1201.77","-1103.07","-1486.62","-1570","-83.38","-5.61","-466.93","-42.33","-368.23","-30.64"
"GCFLA","Vietnam","Raw Materials & COGS","42213000","Finished Goods/Direct Purchase COS","-25490.63","-61417.77","-59031.58","-74246.87","-80242.82","-5995.95","-8.08","-21211.24","-35.93","-18825.05","-30.65"
"GCFLA","Vietnam","General","42214000","Provision for Stock Adjustment","-43.39","-3.51","0","-0.04","0","0.04","100","0","0","3.51","100"
"GCFLA","Vietnam","Raw Materials & COGS","42215000","Exchange Differece COS","0","0","0","0","0","0","0","0","0","0","0"
"GCFLA","Vietnam","Revenue","42216000","Sales Of Raw and Packing materials","0","0","0","0","0","0","0","0","0","0","0"
"GCFLA","Vietnam","Raw Materials & COGS","42217000","Modified Direct purchase COS","0","0","0","0","0","0","0","0","0","0","0"
"GCFLA","Vietnam","Raw Materials & COGS","42218000","Physical Inventory Loss","-51.4","-103","-163.04","-182.66","-202.94","-20.28","-11.1","-39.9","-24.47","-99.94","-97.03"
"GCFLA","Vietnam","Raw Materials & COGS","42219000","Production yield_usage variance","-507.94","-441.9","0","70.47","0","-70.47","-100","0","0","441.9","100"
"GCFLA","Vietnam","Raw Materials & COGS","42230000","Consignment COS","0","0","0","0","0","0","0","0","0","0","0"
"GCFLA","Vietnam","Raw Materials & COGS","42250000","COS IC","-8810.41","-4744.54","-2191.2","-4423.4","-5370.23","-946.83","-21.41","-3179.03","-145.08","-625.69","-13.19"
"GCFLA","Vietnam","Revenue","42260000","Cost of sales IC Elimination","0","0","0","0","0","0","0","0","0","0","0"
"GCFLA","Vietnam","Raw Materials & COGS","42270000","COS RC","0","0","0","0","0","0","0","0","0","0","0"
"GCFLA","Vietnam","Raw Materials & COGS","48000000","Cost of Services","0","0","0","0","0","0","0","0","0","0","0"
"GCFLA","Vietnam","Raw Materials & COGS","","Total Raw Materials Costs","-35581.6","-68244.85","-62488.89","-80351.18","-87385.99","-7034.81","-8.76","-24897.1","-39.84","-19141.14","-28.05"
"GCFLA","Vietnam","Raw Materials & COGS","43000000","ACTUAL MCOS","-2245.06","-4045.11","-3793.64","-4715.81","-5110.89","-395.08","-8.38","-1317.25","-34.72","-1065.78","-26.35"
"GCFLA","Vietnam","Raw Materials & COGS","43110000","MCOS-Personnel Expenses","-577.56","-965.61","-967.42","-1008.01","-1157.61","-149.6","-14.84","-190.19","-19.66","-192","-19.88"
"GCFLA","Vietnam","Raw Materials & COGS","43116000","MCOS-Transportation Expenses (VC)","0","-0.09","-0.75","0","0","0","0","0.75","100","0.09","100"
"GCFLA","Vietnam","Raw Materials & COGS","43115000","MCOS-Contractual Employees & Others (VC)","-76.05","-113.24","-98.59","-98.36","-111.25","-12.89","-13.1","-12.66","-12.84","1.99","1.76"
"GCFLA","Vietnam","Raw Materials & COGS","43111120","MCOS-Contract staff (VC)","0","0","0","0","0","0","0","0","0","0","0"
"GCFLA","Vietnam","Raw Materials & COGS","43111130","MCOS-Contractual bonus (VC)","-14.06","-26.79","-31","-31.32","-37.06","-5.74","-18.33","-6.06","-19.55","-10.27","-38.34"
"GCFLA","Vietnam","Raw Materials & COGS","43111140","MCOS-Commission (VC)","0","0","0","0","0","0","0","0","0","0","0"
"GCFLA","Vietnam","Raw Materials & COGS","43111200","MCOS-Discretionary Bonus (VC)","-49.93","-62.64","-47.1","-61.28","-56.25","5.03","8.21","-9.15","-19.43","6.39","10.2"
"GCFLA","Vietnam","Raw Materials & COGS","43111320","MCOS-Overtime Variable Cost (VC)","-103.44","-152.51","-146.68","-156.05","-184.96","-28.91","-18.53","-38.28","-26.1","-32.45","-21.28"
"GCFLA","Vietnam","Raw Materials & COGS","43111110","MCOS-Salaries (FC)","-188.91","-361.99","-371.97","-394.59","-444.73","-50.14","-12.71","-72.76","-19.56","-82.74","-22.86"
"GCFLA","Vietnam","Raw Materials & COGS","43111310","MCOS-Overtime Fixed Cost (FC)","0","0","0","0","0","0","0","0","0","0","0"
"GCFLA","Vietnam","Raw Materials & COGS","43112000","MCOS-Personnel Allowances (FC)","-104.65","-156.14","-174.09","-167.59","-208.66","-41.07","-24.51","-34.57","-19.86","-52.52","-33.64"
"GCFLA","Vietnam","Raw Materials & COGS","43113000","MCOS-Social Benefits (FC)","-40.51","-88.05","-94.35","-95.09","-112.57","-17.48","-18.38","-18.22","-19.31","-24.52","-27.85"
"GCFLA","Vietnam","Raw Materials & COGS","43114000","MCOS-Employee Training (FC)","0","-4.16","-2.89","-3.72","-2.14","1.58","42.47","0.75","25.95","2.02","48.56"
"GCFLA","Vietnam","Raw Materials & COGS","43120000","MCOS-Travel and Entertainment (FC)","-3.94","-17.81","-32.03","-4.1","-34.48","-30.38","-740.98","-2.45","-7.65","-16.67","-93.6"
"GCFLA","Vietnam","Raw Materials & COGS","43130000","MCOS-Rent and utilities","-548.5","-999.8","-1000.72","-1037.76","-1130.06","-92.3","-8.89","-129.34","-12.92","-130.26","-13.03"
"GCFLA","Vietnam","Raw Materials & COGS","43133110","MCOS-Fuel and Gas (VC)","-78.74","-170.86","-176.08","-212.25","-272.2","-59.95","-28.24","-96.12","-54.59","-101.34","-59.31"
"GCFLA","Vietnam","Raw Materials & COGS","43133120","MCOS-Power, Light and Water (VC)","-265.39","-486.77","-472.43","-484.58","-479.28","5.3","1.09","-6.85","-1.45","7.49","1.54"
"GCFLA","Vietnam","Raw Materials & COGS","43133300","MCOS-Utilities Others (VC)","-5.69","-15.78","-18.79","-20.66","-20.71","-0.05","-0.24","-1.92","-10.22","-4.93","-31.24"
"GCFLA","Vietnam","Raw Materials & COGS","43131000","MCOS-Rental Expense Under Operating Lease (FC)","-0.17","0","0","0","0","0","0","0","0","0","0"
"GCFLA","Vietnam","Raw Materials & COGS","43133200","MCOS-Repair and Maintenance (FC)","-198.5","-326.39","-333.41","-320.27","-357.86","-37.59","-11.74","-24.45","-7.33","-31.47","-9.64"
"GCFLA","Vietnam","Raw Materials & COGS","43140000","MCOS-Leasing Charges (FC)","-6.44","-9.37","-8.34","-9.26","-31.95","-22.69","-245.03","-23.61","-283.09","-22.58","-240.98"
"GCFLA","Vietnam","Raw Materials & COGS","43150000","MCOS-Office and Communication (VC)","-10.15","-13.12","-11.73","-7.6","-8.56","-0.96","-12.63","3.17","27.02","4.56","34.76"
"GCFLA","Vietnam","Raw Materials & COGS","43160000","MCOS-Advertising and Promotion (FC)","0","0","0","0","0","0","0","0","0","0","0"
"GCFLA","Vietnam","Raw Materials & COGS","43170000","MCOS-Delivery Expenses (VC)","0","0","0","-64.04","-90.24","-26.2","-40.91","-90.24","0","-90.24","0"
"GCFLA","Vietnam","Raw Materials & COGS","43180000","MCOS-Insurance Expenses (FC)","-36.52","-43.38","-39.56","-67.81","-65.25","2.56","3.78","-25.69","-64.94","-21.87","-50.41"
"GCFLA","Vietnam","Raw Materials & COGS","43190000","MCOS-Professional Fees (FC)","0","0","0","0","0","0","0","0","0","0","0"
"GCFLA","Vietnam","Raw Materials & COGS","43200000","MCOS-Allocated Income_Expense IC (FC)","0","0","0","0","0","0","0","0","0","0","0"
"GCFLA","Vietnam","Raw Materials & COGS","43210000","MCOS-Other Operating (Income)_Expense","-275.84","-537.66","-211.16","-1023.27","-984.7","38.57","3.77","-773.54","-366.33","-447.04","-83.15"
"GCFLA","Vietnam","Raw Materials & COGS","43211000","MCOS-(Income)","0","0","0","0","0","0","0","0","0","0","0"
"GCFLA","Vietnam","Raw Materials & COGS","43212100","MCOS-Bank Charges (FC)","0","0","0","0","0","0","0","0","0","0","0"
"GCFLA","Vietnam","Raw Materials & COGS","43212200","MCOS-Production Supplies (VC)","0","0","0","0","0","0","0","0","0","0","0"
"GCFLA","Vietnam","Raw Materials & COGS","43212300","MCOS-Security and Janitorial Services (FC)","-11.43","-27.89","-29.21","-31.09","-31.43","-0.34","-1.09","-2.22","-7.6","-3.54","-12.69"
"GCFLA","Vietnam","Raw Materials & COGS","43212400","MCOS-Recruitment Expenses (FC)","-1.52","-0.39","0","-0.84","-0.9","-0.06","-7.14","-0.9","0","-0.51","-130.77"
"GCFLA","Vietnam","Raw Materials & COGS","43212500","MCOS-Unmatched Professional fees PLUG IC (FC)","0","0","0","0","0","0","0","0","0","0","0"
"GCFLA","Vietnam","Raw Materials & COGS","43212610","MCOS-Analysis_testing fee (FC)","-5.2","-7.85","-4.62","-5.14","-3.15","1.99","38.72","1.47","31.82","4.7","59.87"
"GCFLA","Vietnam","Raw Materials & COGS","43212620","MCOS-Other taxes (Non-corp. tax) (FC)","0","0","0","0","0","0","0","0","0","0","0"
"GCFLA","Vietnam","Raw Materials & COGS","43212630","MCOS-HSE expenses (FC)","-35.97","-71.2","-70.06","-49.33","-78.45","-29.12","-59.03","-8.39","-11.98","-7.25","-10.18"
"GCFLA","Vietnam","Raw Materials & COGS","43212640","MCOS-Others (FC)","-111.74","-111.21","-107.27","-111.98","-44.05","67.93","60.66","63.22","58.94","67.16","60.39"
"GCFLA","Vietnam","Raw Materials & COGS","43212650","MCOS-Toll Manufacturing (FC)","-109.99","-319.12","0","-824.89","-826.72","-1.83","-0.22","-826.72","0","-507.6","-159.06"
"GCFLA","Vietnam","Raw Materials & COGS","43212660","MCOS-R&D (FC)","0","0","0","0","0","0","0","0","0","0","0"
"GCFLA","Vietnam","Raw Materials & COGS","43212700","MCOS-Unmatched Insurance Expenses PLUG IC (FC)","0","0","0","0","0","0","0","0","0","0","0"
"GCFLA","Vietnam","Raw Materials & COGS","43212800","MCOS-Unmatched Rental Expenses PLUG IC (FC)","0","0","0","0","0","0","0","0","0","0","0"
"GCFLA","Vietnam","Raw Materials & COGS","43212900","MCOS-Pest Control (FC)","0","0","0","0","0","0","0","0","0","0","0"
"GCFLA","Vietnam","Raw Materials & COGS","43220000","MCOS-Lease payment (of Financing Co_Div.) (FC)","0","0","0","0","0","0","0","0","0","0","0"
"GCFLA","Vietnam","Raw Materials & COGS","43230000","MCOS-Shared Service Cost (FC)","0","0","0","0","0","0","0","0","0","0","0"
"GCFLA","Vietnam","Raw Materials & COGS","43240000","MCOS-Inventory write-offs (FC)","0","0","0","0","0","0","0","0","0","0","0"
"GCFLA","Vietnam","Raw Materials & COGS","43250000","MCOS-Depreciation-PPE (FC)","-696.83","-1371.94","-1438.45","-1408.83","-1523.86","-115.03","-8.16","-85.41","-5.94","-151.92","-11.07"
"GCFLA","Vietnam","Raw Materials & COGS","43350000","MCOS-Depreciation-ROU Asset (PLP) (FC)","-89.28","-86.41","-84.25","-85.15","-84.19","0.96","1.13","0.06","0.07","2.22","2.57"
"GCFLA","Vietnam","Raw Materials & COGS","43410000","MCOS-Allocated Income_Expense TP","0","0","0","0","0","0","0","0","0","0","0"
"GCFLA","Vietnam","Raw Materials & COGS","43400000","MCOS-Inventory Provision","0","0","0","0","0","0","0","0","0","0","0"
"GCFLA","Vietnam","Raw Materials & COGS","44000000","STANDARD MCOS","-165.81","-235.85","-169.09","-244.85","-254.29","-9.44","-3.86","-85.2","-50.39","-18.44","-7.82"
"GCFLA","Vietnam","Raw Materials & COGS","44100000","MCOS-Standard-Variable","-751.12","-1384.37","0","-1030.59","0","1030.59","100","0","0","1384.37","100"
"GCFLA","Vietnam","Raw Materials & COGS","44100100","MCOS- Labour @ Std - VC","-590.35","-1047.76","0","-791.08","0","791.08","100","0","0","1047.76","100"
"GCFLA","Vietnam","Raw Materials & COGS","44100200","MCOS-Fuel & Electricity @ Std- VC","0","0","0","0","0","0","0","0","0","0","0"
"GCFLA","Vietnam","Raw Materials & COGS","44100300","MCOS-Maintenance @ Std - VC","-160.77","-336.61","0","-239.51","0","239.51","100","0","0","336.61","100"
"GCFLA","Vietnam","Raw Materials & COGS","44200000","MCOS-Standard-Fixed","0","0","0","0","0","0","0","0","0","0","0"
"GCFLA","Vietnam","Raw Materials & COGS","44200100","MCOS- Rent @ Std- FC","0","0","0","0","0","0","0","0","0","0","0"
"GCFLA","Vietnam","Raw Materials & COGS","44200200","MCOS-Depreciation @ Std - FC","0","0","0","0","0","0","0","0","0","0","0"
"GCFLA","Vietnam","Raw Materials & COGS","44200300","MCOS-Others @ Std - FC","0","0","0","0","0","0","0","0","0","0","0"
"GCFLA","Vietnam","Raw Materials & COGS","44310000","MCOS-Standard Absorption Cost - Variable","648.87","1207.38","0","816.84","0","-816.84","-100","0","0","-1207.38","-100"
"GCFLA","Vietnam","Raw Materials & COGS","44311000","MCOS-Standard Absorption Labour - VC","551.09","989.53","0","760.34","0","-760.34","-100","0","0","-989.53","-100"
"GCFLA","Vietnam","Raw Materials & COGS","44312000","MCOS-Standard Absorption Fuel & Electricity - VC","-46.75","-94.63","0","-174.04","0","174.04","100","0","0","94.63","100"
"GCFLA","Vietnam","Raw Materials & COGS","44313000","MCOS-Standard Absorption Maintenance - VC","144.52","312.48","0","230.55","0","-230.55","-100","0","0","-312.48","-100"
"GCFLA","Vietnam","Raw Materials & COGS","44320000","MCOS-Standard Absorption Cost - Fixed","-63.56","-58.85","-169.09","-31.1","-254.29","-223.19","-717.65","-85.2","-50.39","-195.44","-332.1"
"GCFLA","Vietnam","Raw Materials & COGS","44321000","MCOS-Standard Absorption Rent - FC","3.74","-0.43","0","-0.24","0","0.24","100","0","0","0.43","100"
"GCFLA","Vietnam","Raw Materials & COGS","44322000","MCOS-Standard Absorption Depreciation - FC","-61.95","-44.84","0","-24.27","0","24.27","100","0","0","44.84","100"
"GCFLA","Vietnam","Raw Materials & COGS","44323000","MCOS-Standard Absorption Others - FC","-5.34","-13.58","-169.09","-6.59","-254.29","-247.7","-3758.73","-85.2","-50.39","-240.71","-1772.53"
"GCFLA","Vietnam","Raw Materials & COGS","","Total MCOS","-2410.87","-4280.95","-3962.73","-4960.67","-5365.18","-404.51","-8.15","-1402.45","-35.39","-1084.23","-25.33"
"GCFLA","Vietnam","Total MCOS & COGS","45000000","Total COGS (where applicable incl IC)","-37992.47","-72525.8","-66451.62","-85311.85","-92751.17","-7439.32","-8.72","-26299.55","-39.58","-20225.37","-27.89"
"GCFLA","Vietnam","General","1.92184046454713E-11","","0","0","0","0","0","0","0","0","0","0","0"
"GCFLA","Vietnam","Raw Materials & COGS","","MCOS-Personnel Expenses (VC)","0","0","0","0","0","0","0","0","0","0","0"
"GCFLA","Vietnam","Raw Materials & COGS","","MCOS-Rent and utilities (VC)","0","0","0","0","0","0","0","0","0","0","0"
"GCFLA","Vietnam","Raw Materials & COGS","","MCOS-Office and Communication (VC)","0","0","0","0","0","0","0","0","0","0","0"
"GCFLA","Vietnam","Raw Materials & COGS","","MCOS-Delivery Expenses (VC)","0","0","0","0","0","0","0","0","0","0","0"
"GCFLA","Vietnam","Raw Materials & COGS","","MCOS-Other Operating (Income)_Expense (VC)","0","0","0","0","0","0","0","0","0","0","0"
"GCFLA","Vietnam","Raw Materials & COGS","","MCOS- Labour (Standard MCOS) - VC","0","0","0","0","0","0","0","0","0","0","0"
"GCFLA","Vietnam","Raw Materials & COGS","","MCOS-Fuel & Electricity (Standard MCOS) - VC","0","0","0","0","0","0","0","0","0","0","0"
"GCFLA","Vietnam","Raw Materials & COGS","","MCOS-Maintenance (Standard MCOS) - VC","0","0","0","0","0","0","0","0","0","0","0"
"GCFLA","Vietnam","Volume","","VARIABLE COST | MT","0","0","0","0","0","0","0","0","0","0","0"
"GCFLA","Vietnam","Raw Materials & COGS","","MCOS-Personnel Expenses (FC)","0","0","0","0","0","0","0","0","0","0","0"
"GCFLA","Vietnam","Raw Materials & COGS","","MCOS-Travel and Entertainment (FC)","0","0","0","0","0","0","0","0","0","0","0"
"GCFLA","Vietnam","Raw Materials & COGS","","MCOS-Rent and utilities (FC)","0","0","0","0","0","0","0","0","0","0","0"
"GCFLA","Vietnam","Raw Materials & COGS","","MCOS-Leasing Charges (FC)","0","0","0","0","0","0","0","0","0","0","0"
"GCFLA","Vietnam","Raw Materials & COGS","","MCOS-Advertising and Promotion (FC)","0","0","0","0","0","0","0","0","0","0","0"
"GCFLA","Vietnam","Raw Materials & COGS","","MCOS-Insurance Expenses (FC)","0","0","0","0","0","0","0","0","0","0","0"
"GCFLA","Vietnam","Raw Materials & COGS","","MCOS-Professional Fees (FC)","0","0","0","0","0","0","0","0","0","0","0"
"GCFLA","Vietnam","Raw Materials & COGS","","MCOS-Allocated Income_Expense IC (FC)","0","0","0","0","0","0","0","0","0","0","0"
"GCFLA","Vietnam","Raw Materials & COGS","","MCOS-Other Operating (Income)_Expense (FC)","0","0","0","0","0","0","0","0","0","0","0"
"GCFLA","Vietnam","Raw Materials & COGS","","MCOS-Lease payment (of Financing Co_Div.) (FC)","0","0","0","0","0","0","0","0","0","0","0"
"GCFLA","Vietnam","Raw Materials & COGS","","MCOS-Shared Service Cost (FC)","0","0","0","0","0","0","0","0","0","0","0"
"GCFLA","Vietnam","Raw Materials & COGS","","MCOS-Inventory write-offs (FC)","0","0","0","0","0","0","0","0","0","0","0"
"GCFLA","Vietnam","Raw Materials & COGS","","MCOS-Depreciation-PPE (FC)","0","0","0","0","0","0","0","0","0","0","0"
"GCFLA","Vietnam","Raw Materials & COGS","","MCOS-Depreciation-ROU Asset (PLP) (FC)","0","0","0","0","0","0","0","0","0","0","0"
"GCFLA","Vietnam","Raw Materials & COGS","","MCOS- Rent (Standard MCOS) - (FC)","0","0","0","0","0","0","0","0","0","0","0"
"GCFLA","Vietnam","Raw Materials & COGS","","MCOS- Depreciation (Standard MCOS) - (FC)","0","0","0","0","0","0","0","0","0","0","0"
"GCFLA","Vietnam","Raw Materials & COGS","","MCOS-Others (Standard MCOS) - (VC)","0","0","0","0","0","0","0","0","0","0","0"
"GCFLA","Vietnam","Volume","","FIXED COST | MT","0","0","0","0","0","0","0","0","0","0","0"
"GCFLA","Vietnam","Headcount","HR_TL","Total Technical HC (incl QA/QC, Formulator, Lab etc)","0","0","0","0","0","0","0","0","0","0","0"
"GCFLA","Vietnam","Headcount","HR_OP","Total Operations HC (incl warehousing, weighbridge)","0","0","0","0","0","0","0","0","0","0","0"
"GCFLA","Vietnam","Headcount","","Total 'Production Related' HC","0","0","0","0","0","0","0","0","0","0","0"
"GCFLA","Vietnam","Revenue","HR_SA","Total Sales Head Count","0.08","0.09","0.1","0.1","0.1","0","0","0","0","0.01","11.11"
"GCFLA","Vietnam","Headcount","HR_SP","Total Support Head Count","0","0","0","0","0","0","0","0","0","0","0"
"GCFLA","Vietnam","Headcount","HR_TOTAL","Total Head Count (Closing balance)","0","0","0","0","0","0","0","0","0","0","0"
"GCFLA","Vietnam","KPIs","","IOIC (only TP + RC)","6855.72","14820.72","14128.56","16044.61","16537.72","493.11","3.07","2409.16","17.05","1717","11.59"
"GCFLA","Vietnam","Revenue","50000000","Gross Operating Revenue","5218.42","11016.31","10347.16","11491.29","11720.3","229.01","1.99","1373.14","13.27","703.99","6.39"
"GCFLA","Vietnam","Revenue","","GOR %","0.15","0.12","0.13","0.11","0.13","0.02","18.18","0","0","0.01","8.33"
"GCFLA","Vietnam","Raw Materials & COGS","43251000","MCOS-Depreciation-Leasehold Improvements PPE","0","0","0","0","0","0","0","0","0","0","0"
"GCFLA","Vietnam","Raw Materials & COGS","43252000","MCOS-Depreciation-Motor Vehicles PPE","0","-2.58","-3.39","-3.42","-3.38","0.04","1.17","0.01","0.29","-0.8","-31.01"
"GCFLA","Vietnam","Raw Materials & COGS","43253000","MCOS-Depreciation-Computer Equipment PPE","-0.03","-0.79","-1.28","-1.05","-1.17","-0.12","-11.43","0.11","8.59","-0.38","-48.1"
"GCFLA","Vietnam","Raw Materials & COGS","43254000","MCOS-Depreciation-Furniture and Fixtures PPE","0","-0.35","-0.42","-0.66","-0.78","-0.12","-18.18","-0.36","-85.71","-0.43","-122.86"
"GCFLA","Vietnam","Raw Materials & COGS","43255000","MCOS-Depreciation-Others PPE","0","0","0","0","0","0","0","0","0","0","0"
"GCFLA","Vietnam","Raw Materials & COGS","43256000","MCOS-Depreciation-Land PPE","0","0","0","0","0","0","0","0","0","0","0"
"GCFLA","Vietnam","Raw Materials & COGS","43257000","MCOS-Depreciation-Buildings PPE","-279.06","-546.45","-554.34","-544.47","-543.34","1.13","0.21","11","1.98","3.11","0.57"
"GCFLA","Vietnam","Raw Materials & COGS","43258000","MCOS-Depreciation-Construction in progress PPE","0","0","0","0","0","0","0","0","0","0","0"
"GCFLA","Vietnam","Raw Materials & COGS","43259000","MCOS-Depreciation-Machinery and Equipment PPE","-417.74","-821.76","-879.04","-859.23","-975.19","-115.96","-13.5","-96.15","-10.94","-153.43","-18.67"
"GCFLA","Vietnam","Raw Materials & COGS","43260000","MCOS-Depreciation-ERP PPE","0","0","0","0","0","0","0","0","0","0","0"
"GCFLA","Vietnam","Raw Materials & COGS","43360000","MCOS-Depreciation-ERP ROU Asset (PLP)","0","0","0","0","0","0","0","0","0","0","0"
"GCFLA","Vietnam","Raw Materials & COGS","43350000","MCOS-Depreciation-ROU Asset (PLP)","-89.28","-86.41","-84.25","-85.15","-84.19","0.96","1.13","0.06","0.07","2.22","2.57"
"GCFLA","Vietnam","Raw Materials & COGS","","Total MCOS - Depreciation","-786.1","-1458.35","-1522.71","-1493.98","-1608.05","-114.07","-7.64","-85.34","-5.6","-149.7","-10.27"
"GCMS","China","Volume","Unit Sales - TP_Feed","Unit Sales - TP (Feed)","0","0","0","0","0","0","0","0","0","0","0"
"GCMS","China","Volume","Unit Sales - IC_Feed","Unit Sales - IC (Feed)","0","0","0","0","0","0","0","0","0","0","0"
"GCMS","China","Volume","Unit Sales - RC_Feed","Unit Sales - RC (Feed)","0","0","0","0","0","0","0","0","0","0","0"
"GCMS","China","Volume","Total Unit Sales_Feed","Total Unit Sales (Feed)","0","0","0","0","0","0","0","0","0","0","0"
"GCMS","China","Volume","Unit Sales - TP_CT","Unit Sales - TP (CT)","0","0","0","0","0","0","0","0","0","0","0"
"GCMS","China","Volume","Unit Sales - RC_CT","Unit Sales - RC (CT)","0","0","0","0","0","0","0","0","0","0","0"
"GCMS","China","Volume","Unit Sales - TP_DOC","Unit Sales - TP (DOC)","0","0","0","0","0","0","0","0","0","0","0"
"GCMS","China","Volume","","Total Volumes (MT) Feed + CT (TP +RC)","0","0","0","0","0","0","0","0","0","0","0"
"GCMS","China","Volume","","Total Volumes (MT) - Feed only","0","0","0","0","0","0","0","0","0","0","0"
"GCMS","China","Revenue","41011000","Gross Sales TP","0","0","0","0","0","0","0","0","0","0","0"
"GCMS","China","Revenue","41012200","Gross Sales RC","0","0","0","0","0","0","0","0","0","0","0"
"GCMS","China","Revenue","41021000","Concession TP","0","0","0","0","0","0","0","0","0","0","0"
"GCMS","China","Revenue","41022500","Concession RC","0","0","0","0","0","0","0","0","0","0","0"
"GCMS","China","Revenue","Net Sales TP","Net Sales TP","0","0","0","0","0","0","0","0","0","0","0"
"GCMS","China","Revenue","Net Sales RC","Net Sales RC","0","0","0","0","0","0","0","0","0","0","0"
"GCMS","China","Revenue","","Total Net Sales (TP + RC)","0","0","0","0","0","0","0","0","0","0","0"
"GCMS","China","Revenue","Net Sales IC","Net Sales IC","0","0","0","0","0","0","0","0","0","0","0"
"GCMS","China","Revenue","","Total Net Sales (incl IC)","0","0","0","0","0","0","0","0","0","0","0"
"GCMS","China","Raw Materials & COGS","42210000","Material Cost","0","0","0","0","0","0","0","0","0","0","0"
"GCMS","China","Raw Materials & COGS","42229110","Variance - Purchase Price","-25761914820","-25761914820","0","0","0","0","0","0","0","25761914820","100"
"GCMS","China","Raw Materials & COGS","42211000","Raw Material COS","0","0","0","0","0","0","0","0","0","0","0"
"GCMS","China","Raw Materials & COGS","42212000","Packing Material COS","0","0","0","0","0","0","0","0","0","0","0"
"GCMS","China","Raw Materials & COGS","42213000","Finished Goods/Direct Purchase COS","0","0","0","0","0","0","0","0","0","0","0"
"GCMS","China","General","42214000","Provision for Stock Adjustment","0","0","0","0","0","0","0","0","0","0","0"
"GCMS","China","Raw Materials & COGS","42215000","Exchange Differece COS","0","0","0","0","0","0","0","0","0","0","0"
"GCMS","China","Revenue","42216000","Sales Of Raw and Packing materials","0","0","0","0","0","0","0","0","0","0","0"
"GCMS","China","Raw Materials & COGS","42217000","Modified Direct purchase COS","0","0","0","0","0","0","0","0","0","0","0"
"GCMS","China","Raw Materials & COGS","42218000","Physical Inventory Loss","0","0","0","0","0","0","0","0","0","0","0"
"GCMS","China","Raw Materials & COGS","42219000","Production yield_usage variance","0","0","0","0","0","0","0","0","0","0","0"
"GCMS","China","Raw Materials & COGS","42230000","Consignment COS","0","0","0","0","0","0","0","0","0","0","0"
"GCMS","China","Raw Materials & COGS","42250000","COS IC","0","0","0","0","0","0","0","0","0","0","0"
"GCMS","China","Revenue","42260000","Cost of sales IC Elimination","0","0","0","0","0","0","0","0","0","0","0"
"GCMS","China","Raw Materials & COGS","42270000","COS RC","0","0","0","0","0","0","0","0","0","0","0"
"GCMS","China","Raw Materials & COGS","48000000","Cost of Services","0","0","0","0","0","0","0","0","0","0","0"
"GCMS","China","Raw Materials & COGS","","Total Raw Materials Costs","0","0","0","0","0","0","0","0","0","0","0"
"GCMS","China","Raw Materials & COGS","43000000","ACTUAL MCOS","0","0","0","0","0","0","0","0","0","0","0"
"GCMS","China","Raw Materials & COGS","43110000","MCOS-Personnel Expenses","0","0","0","0","0","0","0","0","0","0","0"
"GCMS","China","Raw Materials & COGS","43116000","MCOS-Transportation Expenses (VC)","0","0","0","0","0","0","0","0","0","0","0"
"GCMS","China","Raw Materials & COGS","43115000","MCOS-Contractual Employees & Others (VC)","0","0","0","0","0","0","0","0","0","0","0"
"GCMS","China","Raw Materials & COGS","43111120","MCOS-Contract staff (VC)","0","0","0","0","0","0","0","0","0","0","0"
"GCMS","China","Raw Materials & COGS","43111130","MCOS-Contractual bonus (VC)","0","0","0","0","0","0","0","0","0","0","0"
"GCMS","China","Raw Materials & COGS","43111140","MCOS-Commission (VC)","0","0","0","0","0","0","0","0","0","0","0"
"GCMS","China","Raw Materials & COGS","43111200","MCOS-Discretionary Bonus (VC)","0","0","0","0","0","0","0","0","0","0","0"
"GCMS","China","Raw Materials & COGS","43111320","MCOS-Overtime Variable Cost (VC)","0","0","0","0","0","0","0","0","0","0","0"
"GCMS","China","Raw Materials & COGS","43111110","MCOS-Salaries (FC)","0","0","0","0","0","0","0","0","0","0","0"
"GCMS","China","Raw Materials & COGS","43111310","MCOS-Overtime Fixed Cost (FC)","0","0","0","0","0","0","0","0","0","0","0"
"GCMS","China","Raw Materials & COGS","43112000","MCOS-Personnel Allowances (FC)","0","0","0","0","0","0","0","0","0","0","0"
"GCMS","China","Raw Materials & COGS","43113000","MCOS-Social Benefits (FC)","0","0","0","0","0","0","0","0","0","0","0"
"GCMS","China","Raw Materials & COGS","43114000","MCOS-Employee Training (FC)","0","0","0","0","0","0","0","0","0","0","0"
"GCMS","China","Raw Materials & COGS","43120000","MCOS-Travel and Entertainment (FC)","0","0","0","0","0","0","0","0","0","0","0"
"GCMS","China","Raw Materials & COGS","43130000","MCOS-Rent and utilities","0","0","0","0","0","0","0","0","0","0","0"
"GCMS","China","Raw Materials & COGS","43133110","MCOS-Fuel and Gas (VC)","0","0","0","0","0","0","0","0","0","0","0"
"GCMS","China","Raw Materials & COGS","43133120","MCOS-Power, Light and Water (VC)","0","0","0","0","0","0","0","0","0","0","0"
"GCMS","China","Raw Materials & COGS","43133300","MCOS-Utilities Others (VC)","0","0","0","0","0","0","0","0","0","0","0"
"GCMS","China","Raw Materials & COGS","43131000","MCOS-Rental Expense Under Operating Lease (FC)","0","0","0","0","0","0","0","0","0","0","0"
"GCMS","China","Raw Materials & COGS","43133200","MCOS-Repair and Maintenance (FC)","0","0","0","0","0","0","0","0","0","0","0"
"GCMS","China","Raw Materials & COGS","43140000","MCOS-Leasing Charges (FC)","0","0","0","0","0","0","0","0","0","0","0"
"GCMS","China","Raw Materials & COGS","43150000","MCOS-Office and Communication (VC)","0","0","0","0","0","0","0","0","0","0","0"
"GCMS","China","Raw Materials & COGS","43160000","MCOS-Advertising and Promotion (FC)","0","0","0","0","0","0","0","0","0","0","0"
"GCMS","China","Raw Materials & COGS","43170000","MCOS-Delivery Expenses (VC)","0","0","0","0","0","0","0","0","0","0","0"
"GCMS","China","Raw Materials & COGS","43180000","MCOS-Insurance Expenses (FC)","0","0","0","0","0","0","0","0","0","0","0"
"GCMS","China","Raw Materials & COGS","43190000","MCOS-Professional Fees (FC)","0","0","0","0","0","0","0","0","0","0","0"
"GCMS","China","Raw Materials & COGS","43200000","MCOS-Allocated Income_Expense IC (FC)","0","0","0","0","0","0","0","0","0","0","0"
"GCMS","China","Raw Materials & COGS","43210000","MCOS-Other Operating (Income)_Expense","0","0","0","0","0","0","0","0","0","0","0"
"GCMS","China","Raw Materials & COGS","43211000","MCOS-(Income)","0","0","0","0","0","0","0","0","0","0","0"
"GCMS","China","Raw Materials & COGS","43212100","MCOS-Bank Charges (FC)","0","0","0","0","0","0","0","0","0","0","0"
"GCMS","China","Raw Materials & COGS","43212200","MCOS-Production Supplies (VC)","0","0","0","0","0","0","0","0","0","0","0"
"GCMS","China","Raw Materials & COGS","43212300","MCOS-Security and Janitorial Services (FC)","0","0","0","0","0","0","0","0","0","0","0"
"GCMS","China","Raw Materials & COGS","43212400","MCOS-Recruitment Expenses (FC)","0","0","0","0","0","0","0","0","0","0","0"
"GCMS","China","Raw Materials & COGS","43212500","MCOS-Unmatched Professional fees PLUG IC (FC)","0","0","0","0","0","0","0","0","0","0","0"
"GCMS","China","Raw Materials & COGS","43212610","MCOS-Analysis_testing fee (FC)","0","0","0","0","0","0","0","0","0","0","0"
"GCMS","China","Raw Materials & COGS","43212620","MCOS-Other taxes (Non-corp. tax) (FC)","0","0","0","0","0","0","0","0","0","0","0"
"GCMS","China","Raw Materials & COGS","43212630","MCOS-HSE expenses (FC)","0","0","0","0","0","0","0","0","0","0","0"
"GCMS","China","Raw Materials & COGS","43212640","MCOS-Others (FC)","0","0","0","0","0","0","0","0","0","0","0"
"GCMS","China","Raw Materials & COGS","43212650","MCOS-Toll Manufacturing (FC)","0","0","0","0","0","0","0","0","0","0","0"
"GCMS","China","Raw Materials & COGS","43212660","MCOS-R&D (FC)","0","0","0","0","0","0","0","0","0","0","0"
"GCMS","China","Raw Materials & COGS","43212700","MCOS-Unmatched Insurance Expenses PLUG IC (FC)","0","0","0","0","0","0","0","0","0","0","0"
"GCMS","China","Raw Materials & COGS","43212800","MCOS-Unmatched Rental Expenses PLUG IC (FC)","0","0","0","0","0","0","0","0","0","0","0"
"GCMS","China","Raw Materials & COGS","43212900","MCOS-Pest Control (FC)","0","0","0","0","0","0","0","0","0","0","0"
"GCMS","China","Raw Materials & COGS","43220000","MCOS-Lease payment (of Financing Co_Div.) (FC)","0","0","0","0","0","0","0","0","0","0","0"
"GCMS","China","Raw Materials & COGS","43230000","MCOS-Shared Service Cost (FC)","0","0","0","0","0","0","0","0","0","0","0"
"GCMS","China","Raw Materials & COGS","43240000","MCOS-Inventory write-offs (FC)","0","0","0","0","0","0","0","0","0","0","0"
"GCMS","China","Raw Materials & COGS","43250000","MCOS-Depreciation-PPE (FC)","0","0","0","0","0","0","0","0","0","0","0"
"GCMS","China","Raw Materials & COGS","43350000","MCOS-Depreciation-ROU Asset (PLP) (FC)","0","0","0","0","0","0","0","0","0","0","0"
"GCMS","China","Raw Materials & COGS","43410000","MCOS-Allocated Income_Expense TP","0","0","0","0","0","0","0","0","0","0","0"
"GCMS","China","Raw Materials & COGS","43400000","MCOS-Inventory Provision","0","0","0","0","0","0","0","0","0","0","0"
"GCMS","China","Raw Materials & COGS","44000000","STANDARD MCOS","0","0","0","0","0","0","0","0","0","0","0"
"GCMS","China","Raw Materials & COGS","44100000","MCOS-Standard-Variable","0","0","0","0","0","0","0","0","0","0","0"
"GCMS","China","Raw Materials & COGS","44100100","MCOS- Labour @ Std - VC","0","0","0","0","0","0","0","0","0","0","0"
"GCMS","China","Raw Materials & COGS","44100200","MCOS-Fuel & Electricity @ Std- VC","0","0","0","0","0","0","0","0","0","0","0"
"GCMS","China","Raw Materials & COGS","44100300","MCOS-Maintenance @ Std - VC","0","0","0","0","0","0","0","0","0","0","0"
"GCMS","China","Raw Materials & COGS","44200000","MCOS-Standard-Fixed","0","0","0","0","0","0","0","0","0","0","0"
"GCMS","China","Raw Materials & COGS","44200100","MCOS- Rent @ Std- FC","0","0","0","0","0","0","0","0","0","0","0"
"GCMS","China","Raw Materials & COGS","44200200","MCOS-Depreciation @ Std - FC","0","0","0","0","0","0","0","0","0","0","0"
"GCMS","China","Raw Materials & COGS","44200300","MCOS-Others @ Std - FC","0","0","0","0","0","0","0","0","0","0","0"
"GCMS","China","Raw Materials & COGS","44310000","MCOS-Standard Absorption Cost - Variable","0","0","0","0","0","0","0","0","0","0","0"
"GCMS","China","Raw Materials & COGS","44311000","MCOS-Standard Absorption Labour - VC","0","0","0","0","0","0","0","0","0","0","0"
"GCMS","China","Raw Materials & COGS","44312000","MCOS-Standard Absorption Fuel & Electricity - VC","0","0","0","0","0","0","0","0","0","0","0"
"GCMS","China","Raw Materials & COGS","44313000","MCOS-Standard Absorption Maintenance - VC","0","0","0","0","0","0","0","0","0","0","0"
"GCMS","China","Raw Materials & COGS","44320000","MCOS-Standard Absorption Cost - Fixed","0","0","0","0","0","0","0","0","0","0","0"
"GCMS","China","Raw Materials & COGS","44321000","MCOS-Standard Absorption Rent - FC","0","0","0","0","0","0","0","0","0","0","0"
"GCMS","China","Raw Materials & COGS","44322000","MCOS-Standard Absorption Depreciation - FC","0","0","0","0","0","0","0","0","0","0","0"
"GCMS","China","Raw Materials & COGS","44323000","MCOS-Standard Absorption Others - FC","0","0","0","0","0","0","0","0","0","0","0"
"GCMS","China","Raw Materials & COGS","","Total MCOS","0","0","0","0","0","0","0","0","0","0","0"
"GCMS","China","Total MCOS & COGS","45000000","Total COGS (where applicable incl IC)","0","0","0","0","0","0","0","0","0","0","0"
"GCMS","China","Raw Materials & COGS","","MCOS-Personnel Expenses (VC)","0","0","0","0","0","0","0","0","0","0","0"
"GCMS","China","Raw Materials & COGS","","MCOS-Rent and utilities (VC)","0","0","0","0","0","0","0","0","0","0","0"
"GCMS","China","Raw Materials & COGS","","MCOS-Office and Communication (VC)","0","0","0","0","0","0","0","0","0","0","0"
"GCMS","China","Raw Materials & COGS","","MCOS-Delivery Expenses (VC)","0","0","0","0","0","0","0","0","0","0","0"
"GCMS","China","Raw Materials & COGS","","MCOS-Other Operating (Income)_Expense (VC)","0","0","0","0","0","0","0","0","0","0","0"
"GCMS","China","Raw Materials & COGS","","MCOS- Labour (Standard MCOS) - VC","0","0","0","0","0","0","0","0","0","0","0"
"GCMS","China","Raw Materials & COGS","","MCOS-Fuel & Electricity (Standard MCOS) - VC","0","0","0","0","0","0","0","0","0","0","0"
"GCMS","China","Raw Materials & COGS","","MCOS-Maintenance (Standard MCOS) - VC","0","0","0","0","0","0","0","0","0","0","0"
"GCMS","China","Volume","","VARIABLE COST | MT","0","0","0","0","0","0","0","0","0","0","0"
"GCMS","China","Raw Materials & COGS","","MCOS-Personnel Expenses (FC)","0","0","0","0","0","0","0","0","0","0","0"
"GCMS","China","Raw Materials & COGS","","MCOS-Travel and Entertainment (FC)","0","0","0","0","0","0","0","0","0","0","0"
"GCMS","China","Raw Materials & COGS","","MCOS-Rent and utilities (FC)","0","0","0","0","0","0","0","0","0","0","0"
"GCMS","China","Raw Materials & COGS","","MCOS-Leasing Charges (FC)","0","0","0","0","0","0","0","0","0","0","0"
"GCMS","China","Raw Materials & COGS","","MCOS-Advertising and Promotion (FC)","0","0","0","0","0","0","0","0","0","0","0"
"GCMS","China","Raw Materials & COGS","","MCOS-Insurance Expenses (FC)","0","0","0","0","0","0","0","0","0","0","0"
"GCMS","China","Raw Materials & COGS","","MCOS-Professional Fees (FC)","0","0","0","0","0","0","0","0","0","0","0"
"GCMS","China","Raw Materials & COGS","","MCOS-Allocated Income_Expense IC (FC)","0","0","0","0","0","0","0","0","0","0","0"
"GCMS","China","Raw Materials & COGS","","MCOS-Other Operating (Income)_Expense (FC)","0","0","0","0","0","0","0","0","0","0","0"
"GCMS","China","Raw Materials & COGS","","MCOS-Lease payment (of Financing Co_Div.) (FC)","0","0","0","0","0","0","0","0","0","0","0"
"GCMS","China","Raw Materials & COGS","","MCOS-Shared Service Cost (FC)","0","0","0","0","0","0","0","0","0","0","0"
"GCMS","China","Raw Materials & COGS","","MCOS-Inventory write-offs (FC)","0","0","0","0","0","0","0","0","0","0","0"
"GCMS","China","Raw Materials & COGS","","MCOS-Depreciation-PPE (FC)","0","0","0","0","0","0","0","0","0","0","0"
"GCMS","China","Raw Materials & COGS","","MCOS-Depreciation-ROU Asset (PLP) (FC)","0","0","0","0","0","0","0","0","0","0","0"
"GCMS","China","Raw Materials & COGS","","MCOS- Rent (Standard MCOS) - (FC)","0","0","0","0","0","0","0","0","0","0","0"
"GCMS","China","Raw Materials & COGS","","MCOS- Depreciation (Standard MCOS) - (FC)","0","0","0","0","0","0","0","0","0","0","0"
"GCMS","China","Raw Materials & COGS","","MCOS-Others (Standard MCOS) - (VC)","0","0","0","0","0","0","0","0","0","0","0"
"GCMS","China","Volume","","FIXED COST | MT","0","0","0","0","0","0","0","0","0","0","0"
"GCMS","China","Headcount","HR_TL","Total Technical HC (incl QA/QC, Formulator, Lab etc)","0","0","0","0","0","0","0","0","0","0","0"
"GCMS","China","Headcount","HR_OP","Total Operations HC (incl warehousing, weighbridge)","0","0","0","0","0","0","0","0","0","0","0"
"GCMS","China","Headcount","","Total 'Production Related' HC","0","0","0","0","0","0","0","0","0","0","0"
"GCMS","China","Revenue","HR_SA","Total Sales Head Count","0","0","0","0","0","0","0","0","0","0","0"
"GCMS","China","Headcount","HR_SP","Total Support Head Count","0","0","0","0","0","0","0","0","0","0","0"
"GCMS","China","Headcount","HR_TOTAL","Total Head Count (Closing balance)","0","0","0","0","0","0","0","0","0","0","0"
"GCMS","China","KPIs","","IOIC (only TP + RC)","0","0","0","0","0","0","0","0","0","0","0"
"GCMS","China","Revenue","50000000","Gross Operating Revenue","0","0","0","0","0","0","0","0","0","0","0"
"GCMS","China","Revenue","","GOR %","-2146826281","-2146826281","-2146826281","-2146826281","-2146826281","0","0","0","0","0","0"
"GCMS","China","Raw Materials & COGS","43251000","MCOS-Depreciation-Leasehold Improvements PPE","0","0","0","0","0","0","0","0","0","0","0"
"GCMS","China","Raw Materials & COGS","43252000","MCOS-Depreciation-Motor Vehicles PPE","0","0","0","0","0","0","0","0","0","0","0"
"GCMS","China","Raw Materials & COGS","43253000","MCOS-Depreciation-Computer Equipment PPE","0","0","0","0","0","0","0","0","0","0","0"
"GCMS","China","Raw Materials & COGS","43254000","MCOS-Depreciation-Furniture and Fixtures PPE","0","0","0","0","0","0","0","0","0","0","0"
"GCMS","China","Raw Materials & COGS","43255000","MCOS-Depreciation-Others PPE","0","0","0","0","0","0","0","0","0","0","0"
"GCMS","China","Raw Materials & COGS","43256000","MCOS-Depreciation-Land PPE","0","0","0","0","0","0","0","0","0","0","0"
"GCMS","China","Raw Materials & COGS","43257000","MCOS-Depreciation-Buildings PPE","0","0","0","0","0","0","0","0","0","0","0"
"GCMS","China","Raw Materials & COGS","43258000","MCOS-Depreciation-Construction in progress PPE","0","0","0","0","0","0","0","0","0","0","0"
"GCMS","China","Raw Materials & COGS","43259000","MCOS-Depreciation-Machinery and Equipment PPE","0","0","0","0","0","0","0","0","0","0","0"
"GCMS","China","Raw Materials & COGS","43260000","MCOS-Depreciation-ERP PPE","0","0","0","0","0","0","0","0","0","0","0"
"GCMS","China","Raw Materials & COGS","43360000","MCOS-Depreciation-ERP ROU Asset (PLP)","0","0","0","0","0","0","0","0","0","0","0"
"GCMS","China","Raw Materials & COGS","43350000","MCOS-Depreciation-ROU Asset (PLP)","0","0","0","0","0","0","0","0","0","0","0"
"GCMS","China","Raw Materials & COGS","","Total MCOS - Depreciation","0","0","0","0","0","0","0","0","0","0","0"
"GCSI","Shrimp","Volume","Unit Sales - TP_Feed","Unit Sales - TP (Feed)","15406.32","4075.79","14700","12035","12482","447","3.71","-2218","-15.09","8406.21","206.25"
"GCSI","Shrimp","Volume","Unit Sales - IC_Feed","Unit Sales - IC (Feed)","0","0","0","0","0","0","0","0","0","0","0"
"GCSI","Shrimp","Volume","Unit Sales - RC_Feed","Unit Sales - RC (Feed)","0","0","0","0","0","0","0","0","0","0","0"
"GCSI","Shrimp","Volume","Total Unit Sales_Feed","Total Unit Sales (Feed)","15406.32","4075.79","14700","12035","12482","447","3.71","-2218","-15.09","8406.21","206.25"
"GCSI","Shrimp","Volume","Unit Sales - TP_CT","Unit Sales - TP (CT)","0","0","0","0","0","0","0","0","0","0","0"
"GCSI","Shrimp","Volume","Unit Sales - RC_CT","Unit Sales - RC (CT)","0","0","0","0","0","0","0","0","0","0","0"
"GCSI","Shrimp","Volume","Unit Sales - TP_DOC","Unit Sales - TP (DOC)","0","0","0","0","0","0","0","0","0","0","0"
"GCSI","Shrimp","Volume","","Total Volumes (MT) Feed + CT (TP +RC)","15406.32","4075.79","14700","12035","12482","447","3.71","-2218","-15.09","8406.21","206.25"
"GCSI","Shrimp","Volume","","Total Volumes (MT) - Feed only","15406.32","4075.79","14700","12035","12482","447","3.71","-2218","-15.09","8406.21","206.25"
"GCSI","Shrimp","Revenue","41011000","Gross Sales TP","14709.91","8983.17","14150.04","11337.21","11831.61","494.4","4.36","-2318.43","-16.38","2848.44","31.71"
"GCSI","Shrimp","Revenue","41012200","Gross Sales RC","0","0","0","0","0","0","0","0","0","0","0"
"GCSI","Shrimp","Revenue","41021000","Concession TP","-136.42","-25.74","-88.28","-51.34","-30.12","21.22","41.33","58.16","65.88","-4.38","-17.02"
"GCSI","Shrimp","Revenue","41022500","Concession RC","0","0","0","0","0","0","0","0","0","0","0"
"GCSI","Shrimp","Revenue","Net Sales TP","Net Sales TP","14573.49","8957.43","14061.76","11285.87","11801.5","515.63","4.57","-2260.26","-16.07","2844.07","31.75"
"GCSI","Shrimp","Revenue","Net Sales RC","Net Sales RC","0","0","0","0","0","0","0","0","0","0","0"
"GCSI","Shrimp","Revenue","","Total Net Sales (TP + RC)","14573.49","8957.43","14061.76","11285.87","11801.5","515.63","4.57","-2260.26","-16.07","2844.07","31.75"
"GCSI","Shrimp","Revenue","Net Sales IC","Net Sales IC","0","0","0","0","0","0","0","0","0","0","0"
"GCSI","Shrimp","Revenue","","Total Net Sales (incl IC)","14573.49","8957.43","14061.76","11285.87","11801.5","515.63","4.57","-2260.26","-16.07","2844.07","31.75"
"GCSI","Shrimp","Raw Materials & COGS","42210000","Material Cost","-10611.4","-6815.15","-10603","-9187.48","-8811.89","375.59","4.09","1791.11","16.89","-1996.74","-29.3"
"GCSI","Shrimp","Raw Materials & COGS","42229110","Variance - Purchase Price","-25761914820","-25761914820","0","-0.7","0","0.7","100","0","0","25761914820","100"
"GCSI","Shrimp","Raw Materials & COGS","42211000","Raw Material COS","-40.66","-32.86","0","2.19","0","-2.19","-100","0","0","32.86","100"
"GCSI","Shrimp","Raw Materials & COGS","42212000","Packing Material COS","-275.42","-181.01","-269.92","-226.37","-208.06","18.31","8.09","61.86","22.92","-27.05","-14.94"
"GCSI","Shrimp","Raw Materials & COGS","42213000","Finished Goods/Direct Purchase COS","-9810.47","-6961.56","-10333.09","-10689.03","-8603.83","2085.2","19.51","1729.26","16.74","-1642.27","-23.59"
"GCSI","Shrimp","General","42214000","Provision for Stock Adjustment","-5.73","16.41","0","14.21","0","-14.21","-100","0","0","-16.41","-100"
"GCSI","Shrimp","Raw Materials & COGS","42215000","Exchange Differece COS","0","0","0","0","0","0","0","0","0","0","0"
"GCSI","Shrimp","Revenue","42216000","Sales Of Raw and Packing materials","0","0","0","0","0","0","0","0","0","0","0"
"GCSI","Shrimp","Raw Materials & COGS","42217000","Modified Direct purchase COS","0","0","0","0","0","0","0","0","0","0","0"
"GCSI","Shrimp","Raw Materials & COGS","42218000","Physical Inventory Loss","-59.82","-33.71","0","2.65","0","-2.65","-100","0","0","33.71","100"
"GCSI","Shrimp","Raw Materials & COGS","42219000","Production yield_usage variance","-419.94","377.57","0","1709.55","0","-1709.55","-100","0","0","-377.57","-100"
"GCSI","Shrimp","Raw Materials & COGS","42230000","Consignment COS","0","0","0","0","0","0","0","0","0","0","0"
"GCSI","Shrimp","Raw Materials & COGS","42250000","COS IC","0","0","0","0","0","0","0","0","0","0","0"
"GCSI","Shrimp","Revenue","42260000","Cost of sales IC Elimination","0","0","0","0","0","0","0","0","0","0","0"
"GCSI","Shrimp","Raw Materials & COGS","42270000","COS RC","0","0","0","0","0","0","0","0","0","0","0"
"GCSI","Shrimp","Raw Materials & COGS","48000000","Cost of Services","0","0","0","0","0","0","0","0","0","0","0"
"GCSI","Shrimp","Raw Materials & COGS","","Total Raw Materials Costs","-10611.4","-6815.15","-10603","-9187.48","-8811.89","375.59","4.09","1791.11","16.89","-1996.74","-29.3"
"GCSI","Shrimp","Raw Materials & COGS","43000000","ACTUAL MCOS","-2288.47","-1955.97","-1342.03","-1018.39","-1116.26","-97.87","-9.61","225.77","16.82","839.71","42.93"
"GCSI","Shrimp","Raw Materials & COGS","43110000","MCOS-Personnel Expenses","-947.37","-959.13","-379.4","-359.62","-418.42","-58.8","-16.35","-39.02","-10.28","540.71","56.38"
"GCSI","Shrimp","Raw Materials & COGS","43116000","MCOS-Transportation Expenses (VC)","-2.91","-3.74","-5.9","-8.22","-7.54","0.68","8.27","-1.64","-27.8","-3.8","-101.6"
"GCSI","Shrimp","Raw Materials & COGS","43115000","MCOS-Contractual Employees & Others (VC)","-93.31","-72.42","-17.41","-16.52","-23.71","-7.19","-43.52","-6.3","-36.19","48.71","67.26"
"GCSI","Shrimp","Raw Materials & COGS","43111120","MCOS-Contract staff (VC)","0","0","0","0","0","0","0","0","0","0","0"
"GCSI","Shrimp","Raw Materials & COGS","43111130","MCOS-Contractual bonus (VC)","-41.76","-39.02","-17.44","-14.87","-16.84","-1.97","-13.25","0.6","3.44","22.18","56.84"
"GCSI","Shrimp","Raw Materials & COGS","43111140","MCOS-Commission (VC)","0","0","0","0","0","0","0","0","0","0","0"
"GCSI","Shrimp","Raw Materials & COGS","43111200","MCOS-Discretionary Bonus (VC)","-27.94","-33.85","-25.37","-23.47","-25.55","-2.08","-8.86","-0.18","-0.71","8.3","24.52"
"GCSI","Shrimp","Raw Materials & COGS","43111320","MCOS-Overtime Variable Cost (VC)","-114.62","-31.24","-21.65","-45.07","-50.47","-5.4","-11.98","-28.82","-133.12","-19.23","-61.56"
"GCSI","Shrimp","Raw Materials & COGS","43111110","MCOS-Salaries (FC)","-487.4","-360.65","-204.81","-181.91","-197.65","-15.74","-8.65","7.16","3.5","163","45.2"
"GCSI","Shrimp","Raw Materials & COGS","43111310","MCOS-Overtime Fixed Cost (FC)","0","0","0","0","0","0","0","0","0","0","0"
"GCSI","Shrimp","Raw Materials & COGS","43112000","MCOS-Personnel Allowances (FC)","-44.97","-44.16","-9.72","-17.19","-37.41","-20.22","-117.63","-27.69","-284.88","6.75","15.29"
"GCSI","Shrimp","Raw Materials & COGS","43113000","MCOS-Social Benefits (FC)","-131.65","-371.94","-76.78","-49.43","-57.82","-8.39","-16.97","18.96","24.69","314.12","84.45"
"GCSI","Shrimp","Raw Materials & COGS","43114000","MCOS-Employee Training (FC)","-2.82","-2.11","-0.31","-2.95","-1.42","1.53","51.86","-1.11","-358.06","0.69","32.7"
"GCSI","Shrimp","Raw Materials & COGS","43120000","MCOS-Travel and Entertainment (FC)","-7.95","-11.11","-16.28","-5.49","-11.55","-6.06","-110.38","4.73","29.05","-0.44","-3.96"
"GCSI","Shrimp","Raw Materials & COGS","43130000","MCOS-Rent and utilities","-613.85","-351.22","-522.11","-336.7","-430.51","-93.81","-27.86","91.6","17.54","-79.29","-22.58"
"GCSI","Shrimp","Raw Materials & COGS","43133110","MCOS-Fuel and Gas (VC)","-204.2","-124.96","-210.34","-127.61","-173.09","-45.48","-35.64","37.25","17.71","-48.13","-38.52"
"GCSI","Shrimp","Raw Materials & COGS","43133120","MCOS-Power, Light and Water (VC)","-170.43","-114.79","-196.13","-123.06","-151.38","-28.32","-23.01","44.75","22.82","-36.59","-31.88"
"GCSI","Shrimp","Raw Materials & COGS","43133300","MCOS-Utilities Others (VC)","-20.1","-13.09","-9.34","-11.54","-10.27","1.27","11.01","-0.93","-9.96","2.82","21.54"
"GCSI","Shrimp","Raw Materials & COGS","43131000","MCOS-Rental Expense Under Operating Lease (FC)","-7.33","-0.78","-2.03","-4.38","0","4.38","100","2.03","100","0.78","100"
"GCSI","Shrimp","Raw Materials & COGS","43133200","MCOS-Repair and Maintenance (FC)","-211.79","-97.59","-104.27","-70.11","-95.77","-25.66","-36.6","8.5","8.15","1.82","1.86"
"GCSI","Shrimp","Raw Materials & COGS","43140000","MCOS-Leasing Charges (FC)","0","-0.18","0","0","0","0","0","0","0","0.18","100"
"GCSI","Shrimp","Raw Materials & COGS","43150000","MCOS-Office and Communication (VC)","-9.76","-3.87","-0.95","-0.97","-1.22","-0.25","-25.77","-0.27","-28.42","2.65","68.48"
"GCSI","Shrimp","Raw Materials & COGS","43160000","MCOS-Advertising and Promotion (FC)","0","0","0","0","0","0","0","0","0","0","0"
"GCSI","Shrimp","Raw Materials & COGS","43170000","MCOS-Delivery Expenses (VC)","0","0","0","0","0","0","0","0","0","0","0"
"GCSI","Shrimp","Raw Materials & COGS","43180000","MCOS-Insurance Expenses (FC)","-58.56","-63.82","-65.66","-49.72","-29.47","20.25","40.73","36.19","55.12","34.35","53.82"
"GCSI","Shrimp","Raw Materials & COGS","43190000","MCOS-Professional Fees (FC)","-22.23","-1.1","0","-5.35","0","5.35","100","0","0","1.1","100"
"GCSI","Shrimp","Raw Materials & COGS","43200000","MCOS-Allocated Income_Expense IC (FC)","0","0","0","0","0","0","0","0","0","0","0"
"GCSI","Shrimp","Raw Materials & COGS","43210000","MCOS-Other Operating (Income)_Expense","-107.6","-73.76","-81.37","-57.79","-83.48","-25.69","-44.45","-2.11","-2.59","-9.72","-13.18"
"GCSI","Shrimp","Raw Materials & COGS","43211000","MCOS-(Income)","6.87","9.61","1.87","8.81","5.45","-3.36","-38.14","3.58","191.44","-4.16","-43.29"
"GCSI","Shrimp","Raw Materials & COGS","43212100","MCOS-Bank Charges (FC)","0","0","0","0","0","0","0","0","0","0","0"
"GCSI","Shrimp","Raw Materials & COGS","43212200","MCOS-Production Supplies (VC)","0","0","0","0","0","0","0","0","0","0","0"
"GCSI","Shrimp","Raw Materials & COGS","43212300","MCOS-Security and Janitorial Services (FC)","-70.09","-53.39","-28.38","-33.03","-42.32","-9.29","-28.13","-13.94","-49.12","11.07","20.73"
"GCSI","Shrimp","Raw Materials & COGS","43212400","MCOS-Recruitment Expenses (FC)","-0.7","-0.19","-0.79","-0.14","-0.19","-0.05","-35.71","0.6","75.95","0","0"
"GCSI","Shrimp","Raw Materials & COGS","43212500","MCOS-Unmatched Professional fees PLUG IC (FC)","0","0","0","0","0","0","0","0","0","0","0"
"GCSI","Shrimp","Raw Materials & COGS","43212610","MCOS-Analysis_testing fee (FC)","-12.08","-5.05","-8.93","-8.84","-11.47","-2.63","-29.75","-2.54","-28.44","-6.42","-127.13"
"GCSI","Shrimp","Raw Materials & COGS","43212620","MCOS-Other taxes (Non-corp. tax) (FC)","0","0","0","0","0","0","0","0","0","0","0"
"GCSI","Shrimp","Raw Materials & COGS","43212630","MCOS-HSE expenses (FC)","-26.33","-19.86","-39.99","-16.74","-27.03","-10.29","-61.47","12.96","32.41","-7.17","-36.1"
"GCSI","Shrimp","Raw Materials & COGS","43212640","MCOS-Others (FC)","-5.26","-4.89","-5.14","-7.87","-7.92","-0.05","-0.64","-2.78","-54.09","-3.03","-61.96"
"GCSI","Shrimp","Raw Materials & COGS","43212650","MCOS-Toll Manufacturing (FC)","0","0","0","0","0","0","0","0","0","0","0"
"GCSI","Shrimp","Raw Materials & COGS","43212660","MCOS-R&D (FC)","0","0","0","0","0","0","0","0","0","0","0"
"GCSI","Shrimp","Raw Materials & COGS","43212700","MCOS-Unmatched Insurance Expenses PLUG IC (FC)","0","0","0","0","0","0","0","0","0","0","0"
"GCSI","Shrimp","Raw Materials & COGS","43212800","MCOS-Unmatched Rental Expenses PLUG IC (FC)","0","0","0","0","0","0","0","0","0","0","0"
"GCSI","Shrimp","Raw Materials & COGS","43212900","MCOS-Pest Control (FC)","0","0","0","0","0","0","0","0","0","0","0"
"GCSI","Shrimp","Raw Materials & COGS","43220000","MCOS-Lease payment (of Financing Co_Div.) (FC)","0","0","0","0","0","0","0","0","0","0","0"
"GCSI","Shrimp","Raw Materials & COGS","43230000","MCOS-Shared Service Cost (FC)","0","0","0","0","0","0","0","0","0","0","0"
"GCSI","Shrimp","Raw Materials & COGS","43240000","MCOS-Inventory write-offs (FC)","0","0","0","0","0","0","0","0","0","0","0"
"GCSI","Shrimp","Raw Materials & COGS","43250000","MCOS-Depreciation-PPE (FC)","-471.76","-454","-276.25","-195.21","-141.61","53.6","27.46","134.64","48.74","312.39","68.81"
"GCSI","Shrimp","Raw Materials & COGS","43350000","MCOS-Depreciation-ROU Asset (PLP) (FC)","-49.38","-37.78","0","-7.54","0","7.54","100","0","0","37.78","100"
"GCSI","Shrimp","Raw Materials & COGS","43410000","MCOS-Allocated Income_Expense TP","0","0","0","0","0","0","0","0","0","0","0"
"GCSI","Shrimp","Raw Materials & COGS","43400000","MCOS-Inventory Provision","0","0","0","0","0","0","0","0","0","0","0"
"GCSI","Shrimp","Raw Materials & COGS","44000000","STANDARD MCOS","151.27","59.69","0","41.01","0","-41.01","-100","0","0","-59.69","-100"
"GCSI","Shrimp","Raw Materials & COGS","44100000","MCOS-Standard-Variable","0","0","0","0","0","0","0","0","0","0","0"
"GCSI","Shrimp","Raw Materials & COGS","44100100","MCOS- Labour @ Std - VC","0","0","0","0","0","0","0","0","0","0","0"
"GCSI","Shrimp","Raw Materials & COGS","44100200","MCOS-Fuel & Electricity @ Std- VC","0","0","0","0","0","0","0","0","0","0","0"
"GCSI","Shrimp","Raw Materials & COGS","44100300","MCOS-Maintenance @ Std - VC","0","0","0","0","0","0","0","0","0","0","0"
"GCSI","Shrimp","Raw Materials & COGS","44200000","MCOS-Standard-Fixed","0","0","0","0","0","0","0","0","0","0","0"
"GCSI","Shrimp","Raw Materials & COGS","44200100","MCOS- Rent @ Std- FC","0","0","0","0","0","0","0","0","0","0","0"
"GCSI","Shrimp","Raw Materials & COGS","44200200","MCOS-Depreciation @ Std - FC","0","0","0","0","0","0","0","0","0","0","0"
"GCSI","Shrimp","Raw Materials & COGS","44200300","MCOS-Others @ Std - FC","0","0","0","0","0","0","0","0","0","0","0"
"GCSI","Shrimp","Raw Materials & COGS","44310000","MCOS-Standard Absorption Cost - Variable","115.95","19.29","0","25.48","0","-25.48","-100","0","0","-19.29","-100"
"GCSI","Shrimp","Raw Materials & COGS","44311000","MCOS-Standard Absorption Labour - VC","75.89","-10.18","0","11.54","0","-11.54","-100","0","0","10.18","100"
"GCSI","Shrimp","Raw Materials & COGS","44312000","MCOS-Standard Absorption Fuel & Electricity - VC","23.02","17.89","0","8.22","0","-8.22","-100","0","0","-17.89","-100"
"GCSI","Shrimp","Raw Materials & COGS","44313000","MCOS-Standard Absorption Maintenance - VC","17.04","11.58","0","5.71","0","-5.71","-100","0","0","-11.58","-100"
"GCSI","Shrimp","Raw Materials & COGS","44320000","MCOS-Standard Absorption Cost - Fixed","35.32","40.4","0","15.54","0","-15.54","-100","0","0","-40.4","-100"
"GCSI","Shrimp","Raw Materials & COGS","44321000","MCOS-Standard Absorption Rent - FC","0.14","0.87","0","0.22","0","-0.22","-100","0","0","-0.87","-100"
"GCSI","Shrimp","Raw Materials & COGS","44322000","MCOS-Standard Absorption Depreciation - FC","27.17","34.88","0","12.81","0","-12.81","-100","0","0","-34.88","-100"
"GCSI","Shrimp","Raw Materials & COGS","44323000","MCOS-Standard Absorption Others - FC","8.01","4.65","0","2.51","0","-2.51","-100","0","0","-4.65","-100"
"GCSI","Shrimp","Raw Materials & COGS","","Total MCOS","-2137.19","-1896.29","-1342.03","-977.38","-1116.26","-138.88","-14.21","225.77","16.82","780.03","41.13"
"GCSI","Shrimp","Total MCOS & COGS","45000000","Total COGS (where applicable incl IC)","-12748.59","-8711.44","-11945.03","-10164.86","-9928.15","236.71","2.33","2016.88","16.88","-1216.71","-13.97"
"GCSI","Shrimp","General","1.62501123668335E-11","","0","0","0","0","0","0","0","0","0","0","0"
"GCSI","Shrimp","Raw Materials & COGS","","MCOS-Personnel Expenses (VC)","0","0","0","0","0","0","0","0","0","0","0"
"GCSI","Shrimp","Raw Materials & COGS","","MCOS-Rent and utilities (VC)","0","0","0","0","0","0","0","0","0","0","0"
"GCSI","Shrimp","Raw Materials & COGS","","MCOS-Office and Communication (VC)","0","0","0","0","0","0","0","0","0","0","0"
"GCSI","Shrimp","Raw Materials & COGS","","MCOS-Delivery Expenses (VC)","0","0","0","0","0","0","0","0","0","0","0"
"GCSI","Shrimp","Raw Materials & COGS","","MCOS-Other Operating (Income)_Expense (VC)","0","0","0","0","0","0","0","0","0","0","0"
"GCSI","Shrimp","Raw Materials & COGS","","MCOS- Labour (Standard MCOS) - VC","0","0","0","0","0","0","0","0","0","0","0"
"GCSI","Shrimp","Raw Materials & COGS","","MCOS-Fuel & Electricity (Standard MCOS) - VC","0","0","0","0","0","0","0","0","0","0","0"
"GCSI","Shrimp","Raw Materials & COGS","","MCOS-Maintenance (Standard MCOS) - VC","0","0","0","0","0","0","0","0","0","0","0"
"GCSI","Shrimp","Volume","","VARIABLE COST | MT","0","0","0","0","0","0","0","0","0","0","0"
"GCSI","Shrimp","Raw Materials & COGS","","MCOS-Personnel Expenses (FC)","0","0","0","0","0","0","0","0","0","0","0"
"GCSI","Shrimp","Raw Materials & COGS","","MCOS-Travel and Entertainment (FC)","0","0","0","0","0","0","0","0","0","0","0"
"GCSI","Shrimp","Raw Materials & COGS","","MCOS-Rent and utilities (FC)","0","0","0","0","0","0","0","0","0","0","0"
"GCSI","Shrimp","Raw Materials & COGS","","MCOS-Leasing Charges (FC)","0","0","0","0","0","0","0","0","0","0","0"
"GCSI","Shrimp","Raw Materials & COGS","","MCOS-Advertising and Promotion (FC)","0","0","0","0","0","0","0","0","0","0","0"
"GCSI","Shrimp","Raw Materials & COGS","","MCOS-Insurance Expenses (FC)","0","0","0","0","0","0","0","0","0","0","0"
"GCSI","Shrimp","Raw Materials & COGS","","MCOS-Professional Fees (FC)","0","0","0","0","0","0","0","0","0","0","0"
"GCSI","Shrimp","Raw Materials & COGS","","MCOS-Allocated Income_Expense IC (FC)","0","0","0","0","0","0","0","0","0","0","0"
"GCSI","Shrimp","Raw Materials & COGS","","MCOS-Other Operating (Income)_Expense (FC)","0","0","0","0","0","0","0","0","0","0","0"
"GCSI","Shrimp","Raw Materials & COGS","","MCOS-Lease payment (of Financing Co_Div.) (FC)","0","0","0","0","0","0","0","0","0","0","0"
"GCSI","Shrimp","Raw Materials & COGS","","MCOS-Shared Service Cost (FC)","0","0","0","0","0","0","0","0","0","0","0"
"GCSI","Shrimp","Raw Materials & COGS","","MCOS-Inventory write-offs (FC)","0","0","0","0","0","0","0","0","0","0","0"
"GCSI","Shrimp","Raw Materials & COGS","","MCOS-Depreciation-PPE (FC)","0","0","0","0","0","0","0","0","0","0","0"
"GCSI","Shrimp","Raw Materials & COGS","","MCOS-Depreciation-ROU Asset (PLP) (FC)","0","0","0","0","0","0","0","0","0","0","0"
"GCSI","Shrimp","Raw Materials & COGS","","MCOS- Rent (Standard MCOS) - (FC)","0","0","0","0","0","0","0","0","0","0","0"
"GCSI","Shrimp","Raw Materials & COGS","","MCOS- Depreciation (Standard MCOS) - (FC)","0","0","0","0","0","0","0","0","0","0","0"
"GCSI","Shrimp","Raw Materials & COGS","","MCOS-Others (Standard MCOS) - (VC)","0","0","0","0","0","0","0","0","0","0","0"
"GCSI","Shrimp","Volume","","FIXED COST | MT","0","0","0","0","0","0","0","0","0","0","0"
"GCSI","Shrimp","Headcount","HR_TL","Total Technical HC (incl QA/QC, Formulator, Lab etc)","0","0","0","0","0","0","0","0","0","0","0"
"GCSI","Shrimp","Headcount","HR_OP","Total Operations HC (incl warehousing, weighbridge)","0","0","0","0","0","0","0","0","0","0","0"
"GCSI","Shrimp","Headcount","","Total 'Production Related' HC","0","0","0","0","0","0","0","0","0","0","0"
"GCSI","Shrimp","Revenue","HR_SA","Total Sales Head Count","0.03","0.02","0.02","0.02","0.02","0","0","0","0","0","0"
"GCSI","Shrimp","Headcount","HR_SP","Total Support Head Count","0","0","0","0","0","0","0","0","0","0","0"
"GCSI","Shrimp","Headcount","HR_TOTAL","Total Head Count (Closing balance)","0","0","0","0","0","0","0","0","0","0","0"
"GCSI","Shrimp","KPIs","","IOIC (only TP + RC)","3962.1","2142.27","3458.75","2098.38","2989.61","891.23","42.47","-469.14","-13.56","847.34","39.55"
"GCSI","Shrimp","Revenue","50000000","Gross Operating Revenue","1827.55","253.91","2116.73","1121.01","1873.35","752.34","67.11","-243.38","-11.5","1619.44","637.8"
"GCSI","Shrimp","Revenue","","GOR %","0.07","0.5","0.16","0.08","0.17","0.09","112.5","0.01","6.25","-0.33","-66"
"GCSI","Shrimp","Raw Materials & COGS","43251000","MCOS-Depreciation-Leasehold Improvements PPE","0","0","0","0","0","0","0","0","0","0","0"
"GCSI","Shrimp","Raw Materials & COGS","43252000","MCOS-Depreciation-Motor Vehicles PPE","0","0","0","0","0","0","0","0","0","0","0"
"GCSI","Shrimp","Raw Materials & COGS","43253000","MCOS-Depreciation-Computer Equipment PPE","-0.62","-0.6","-15.84","-1.07","-1.08","-0.01","-0.93","14.76","93.18","-0.48","-80"
"GCSI","Shrimp","Raw Materials & COGS","43254000","MCOS-Depreciation-Furniture and Fixtures PPE","-0.23","-0.22","-0.22","-0.24","-0.68","-0.44","-183.33","-0.46","-209.09","-0.46","-209.09"
"GCSI","Shrimp","Raw Materials & COGS","43255000","MCOS-Depreciation-Others PPE","0","0","0","0","0","0","0","0","0","0","0"
"GCSI","Shrimp","Raw Materials & COGS","43256000","MCOS-Depreciation-Land PPE","0","0","0","0","0","0","0","0","0","0","0"
"GCSI","Shrimp","Raw Materials & COGS","43257000","MCOS-Depreciation-Buildings PPE","-79.25","-76.21","-79.54","-66.91","-68.13","-1.22","-1.82","11.41","14.34","8.08","10.6"
"GCSI","Shrimp","Raw Materials & COGS","43258000","MCOS-Depreciation-Construction in progress PPE","0","0","0","0","0","0","0","0","0","0","0"
"GCSI","Shrimp","Raw Materials & COGS","43259000","MCOS-Depreciation-Machinery and Equipment PPE","-391.67","-376.98","-180.65","-126.99","-71.71","55.28","43.53","108.94","60.3","305.27","80.98"
"GCSI","Shrimp","Raw Materials & COGS","43260000","MCOS-Depreciation-ERP PPE","0","0","0","0","0","0","0","0","0","0","0"
"GCSI","Shrimp","Raw Materials & COGS","43360000","MCOS-Depreciation-ERP ROU Asset (PLP)","0","0","0","0","0","0","0","0","0","0","0"
"GCSI","Shrimp","Raw Materials & COGS","43350000","MCOS-Depreciation-ROU Asset (PLP)","-49.38","-37.78","0","-7.54","0","7.54","100","0","0","37.78","100"
"GCSI","Shrimp","Raw Materials & COGS","","Total MCOS - Depreciation","-521.14","-491.78","-276.25","-202.75","-141.61","61.14","30.16","134.64","48.74","350.17","71.2"
"AFC","Vietnam","Volume","Unit Sales - TP_Feed","Unit Sales - TP (Feed)","201451.46","220018.94","214000","227021.87","229500","2478.13","1.09","15500","7.24","9481.06","4.31"
"AFC","Vietnam","Volume","Unit Sales - IC_Feed","Unit Sales - IC (Feed)","9578.17","9414.84","0","7070.08","0","-7070.08","-100","0","0","-9414.84","-100"
"AFC","Vietnam","Volume","Unit Sales - RC_Feed","Unit Sales - RC (Feed)","0","0","0","0","0","0","0","0","0","0","0"
"AFC","Vietnam","Volume","Total Unit Sales_Feed","Total Unit Sales (Feed)","211029.62","229433.78","214000","234091.96","229500","-4591.96","-1.96","15500","7.24","66.22","0.03"
"AFC","Vietnam","Volume","Unit Sales - TP_CT","Unit Sales - TP (CT)","0","0","0","0","0","0","0","0","0","0","0"
"AFC","Vietnam","Volume","Unit Sales - RC_CT","Unit Sales - RC (CT)","0","0","0","0","0","0","0","0","0","0","0"
"AFC","Vietnam","Volume","Unit Sales - TP_DOC","Unit Sales - TP (DOC)","0","0","0","0","0","0","0","0","0","0","0"
"AFC","Vietnam","Volume","","Total Volumes (MT) Feed + CT (TP +RC)","201451.46","220018.94","214000","227021.87","229500","2478.13","1.09","15500","7.24","9481.06","4.31"
"AFC","Vietnam","Volume","","Total Volumes (MT) - Feed only","201451.46","220018.94","214000","227021.87","229500","2478.13","1.09","15500","7.24","9481.06","4.31"
"AFC","Vietnam","Revenue","41011000","Gross Sales TP","102929.67","106028.78","109122.17","112013.14","120323.94","8310.8","7.42","11201.77","10.27","14295.16","13.48"
"AFC","Vietnam","Revenue","41012200","Gross Sales RC","0","0","0","0","0","0","0","0","0","0","0"
"AFC","Vietnam","Revenue","41021000","Concession TP","-9832.5","-10789.14","-10274.66","-8901.9","-9144.95","-243.05","-2.73","1129.71","11","1644.19","15.24"
"AFC","Vietnam","Revenue","41022500","Concession RC","0","0","0","0","0","0","0","0","0","0","0"
"AFC","Vietnam","Revenue","Net Sales TP","Net Sales TP","93097.17","95239.64","98847.51","103111.25","111178.99","8067.74","7.82","12331.48","12.48","15939.35","16.74"
"AFC","Vietnam","Revenue","Net Sales RC","Net Sales RC","0","0","0","0","0","0","0","0","0","0","0"
"AFC","Vietnam","Revenue","","Total Net Sales (TP + RC)","93097.17","95239.64","98847.51","103111.25","111178.99","8067.74","7.82","12331.48","12.48","15939.35","16.74"
"AFC","Vietnam","Revenue","Net Sales IC","Net Sales IC","6832.94","6062.3","0","4017.32","0","-4017.32","-100","0","0","-6062.3","-100"
"AFC","Vietnam","Revenue","","Total Net Sales (incl IC)","99930.11","101301.94","98847.51","107128.56","111178.99","4050.43","3.78","12331.48","12.48","9877.05","9.75"
"AFC","Vietnam","Raw Materials & COGS","42210000","Material Cost","-76173.61","-78635.7","-81340.19","-85169.84","-92597.93","-7428.09","-8.72","-11257.74","-13.84","-13962.23","-17.76"
"AFC","Vietnam","Raw Materials & COGS","42229110","Variance - Purchase Price","-25761914820","-25761914820","-25.74","-56.78","-29.33","27.45","48.34","-3.59","-13.95","25761914790.67","100"
"AFC","Vietnam","Raw Materials & COGS","42211000","Raw Material COS","0","0","0","0","0","0","0","0","0","0","0"
"AFC","Vietnam","Raw Materials & COGS","42212000","Packing Material COS","-1928.13","-2028","-1921.79","-2256.9","-2339.01","-82.11","-3.64","-417.22","-21.71","-311.01","-15.34"
"AFC","Vietnam","Raw Materials & COGS","42213000","Finished Goods/Direct Purchase COS","-73397.77","-75980.44","-78774.93","-82244.87","-89525.64","-7280.77","-8.85","-10750.71","-13.65","-13545.2","-17.83"
"AFC","Vietnam","General","42214000","Provision for Stock Adjustment","-19.32","12.77","0","0","0","0","0","0","0","-12.77","-100"
"AFC","Vietnam","Raw Materials & COGS","42215000","Exchange Differece COS","0","0","0","0","0","0","0","0","0","0","0"
"AFC","Vietnam","Revenue","42216000","Sales Of Raw and Packing materials","0","0","0","0","0","0","0","0","0","0","0"
"AFC","Vietnam","Raw Materials & COGS","42217000","Modified Direct purchase COS","0","0","0","0","0","0","0","0","0","0","0"
"AFC","Vietnam","Raw Materials & COGS","42218000","Physical Inventory Loss","-270.86","-248.32","-257.39","-301.2","-293.31","7.89","2.62","-35.92","-13.96","-44.99","-18.12"
"AFC","Vietnam","Raw Materials & COGS","42219000","Production yield_usage variance","-455.3","-264.98","-360.35","-310.09","-410.64","-100.55","-32.43","-50.29","-13.96","-145.66","-54.97"
"AFC","Vietnam","Raw Materials & COGS","42230000","Consignment COS","0","0","0","0","0","0","0","0","0","0","0"
"AFC","Vietnam","Raw Materials & COGS","42250000","COS IC","-6458.09","-5645.21","0","-3732.06","0","3732.06","100","0","0","5645.21","100"
"AFC","Vietnam","Revenue","42260000","Cost of sales IC Elimination","0","0","0","0","0","0","0","0","0","0","0"
"AFC","Vietnam","Raw Materials & COGS","42270000","COS RC","0","0","0","0","0","0","0","0","0","0","0"
"AFC","Vietnam","Raw Materials & COGS","48000000","Cost of Services","0","0","0","0","0","0","0","0","0","0","0"
"AFC","Vietnam","Raw Materials & COGS","","Total Raw Materials Costs","-82631.7","-84280.92","-81340.19","-88901.9","-92597.93","-3696.03","-4.16","-11257.74","-13.84","-8317.01","-9.87"
"AFC","Vietnam","Raw Materials & COGS","43000000","ACTUAL MCOS","-4363.13","-4187.18","-4083.73","-4428.07","-4574.64","-146.57","-3.31","-490.91","-12.02","-387.46","-9.25"
"AFC","Vietnam","Raw Materials & COGS","43110000","MCOS-Personnel Expenses","-1863.35","-1970.45","-2099.09","-2045.46","-2065.61","-20.15","-0.99","33.48","1.59","-95.16","-4.83"
"AFC","Vietnam","Raw Materials & COGS","43116000","MCOS-Transportation Expenses (VC)","-4.1","-5.02","-5.55","-5.65","-5.06","0.59","10.44","0.49","8.83","-0.04","-0.8"
"AFC","Vietnam","Raw Materials & COGS","43115000","MCOS-Contractual Employees & Others (VC)","-146.42","-166.57","-173.5","-191.61","-283.87","-92.26","-48.15","-110.37","-63.61","-117.3","-70.42"
"AFC","Vietnam","Raw Materials & COGS","43111120","MCOS-Contract staff (VC)","0","0","0","0","0","0","0","0","0","0","0"
"AFC","Vietnam","Raw Materials & COGS","43111130","MCOS-Contractual bonus (VC)","-67.74","-67.92","-69.64","-70.3","-72.53","-2.23","-3.17","-2.89","-4.15","-4.61","-6.79"
"AFC","Vietnam","Raw Materials & COGS","43111140","MCOS-Commission (VC)","0","0","0","0","0","0","0","0","0","0","0"
"AFC","Vietnam","Raw Materials & COGS","43111200","MCOS-Discretionary Bonus (VC)","-120.49","-212.16","-118.39","-137.57","-123.66","13.91","10.11","-5.27","-4.45","88.5","41.71"
"AFC","Vietnam","Raw Materials & COGS","43111320","MCOS-Overtime Variable Cost (VC)","-217.45","-286.2","-278.61","-287","-287.7","-0.7","-0.24","-9.09","-3.26","-1.5","-0.52"
"AFC","Vietnam","Raw Materials & COGS","43111110","MCOS-Salaries (FC)","-1011.05","-796.66","-835.62","-826.64","-865.13","-38.49","-4.66","-29.51","-3.53","-68.47","-8.59"
"AFC","Vietnam","Raw Materials & COGS","43111310","MCOS-Overtime Fixed Cost (FC)","0","0","0","0","0","0","0","0","0","0","0"
"AFC","Vietnam","Raw Materials & COGS","43112000","MCOS-Personnel Allowances (FC)","-106.86","-247.2","-421.79","-333.29","-229.86","103.43","31.03","191.93","45.5","17.34","7.01"
"AFC","Vietnam","Raw Materials & COGS","43113000","MCOS-Social Benefits (FC)","-188.32","-188.04","-193.9","-186.57","-190.91","-4.34","-2.33","2.99","1.54","-2.87","-1.53"
"AFC","Vietnam","Raw Materials & COGS","43114000","MCOS-Employee Training (FC)","-0.91","-0.67","-2.09","-6.83","-6.89","-0.06","-0.88","-4.8","-229.67","-6.22","-928.36"
"AFC","Vietnam","Raw Materials & COGS","43120000","MCOS-Travel and Entertainment (FC)","-35.32","-24.79","-15.2","-24.85","-24.08","0.77","3.1","-8.88","-58.42","0.71","2.86"
"AFC","Vietnam","Raw Materials & COGS","43130000","MCOS-Rent and utilities","-1542.42","-1632.05","-1450.23","-1764.46","-1803.05","-38.59","-2.19","-352.82","-24.33","-171","-10.48"
"AFC","Vietnam","Raw Materials & COGS","43133110","MCOS-Fuel and Gas (VC)","-307.03","-315.08","-290.51","-373.59","-392.07","-18.48","-4.95","-101.56","-34.96","-76.99","-24.44"
"AFC","Vietnam","Raw Materials & COGS","43133120","MCOS-Power, Light and Water (VC)","-712.67","-806.01","-762.73","-828.64","-814.5","14.14","1.71","-51.77","-6.79","-8.49","-1.05"
"AFC","Vietnam","Raw Materials & COGS","43133300","MCOS-Utilities Others (VC)","-51.9","-32.99","-23.29","-21.21","-10.28","10.93","51.53","13.01","55.86","22.71","68.84"
"AFC","Vietnam","Raw Materials & COGS","43131000","MCOS-Rental Expense Under Operating Lease (FC)","-6.77","0","0","0","0","0","0","0","0","0","0"
"AFC","Vietnam","Raw Materials & COGS","43133200","MCOS-Repair and Maintenance (FC)","-464.05","-477.97","-373.7","-541.02","-586.2","-45.18","-8.35","-212.5","-56.86","-108.23","-22.64"
"AFC","Vietnam","Raw Materials & COGS","43140000","MCOS-Leasing Charges (FC)","0","0","0","0","0","0","0","0","0","0","0"
"AFC","Vietnam","Raw Materials & COGS","43150000","MCOS-Office and Communication (VC)","-8.69","-4.63","-5.92","-3.29","-1.46","1.83","55.62","4.46","75.34","3.17","68.47"
"AFC","Vietnam","Raw Materials & COGS","43160000","MCOS-Advertising and Promotion (FC)","0","0","0","0","0","0","0","0","0","0","0"
"AFC","Vietnam","Raw Materials & COGS","43170000","MCOS-Delivery Expenses (VC)","0","0","0","0","0","0","0","0","0","0","0"
"AFC","Vietnam","Raw Materials & COGS","43180000","MCOS-Insurance Expenses (FC)","-62.46","-69.01","-61.98","-64.11","-49.74","14.37","22.41","12.24","19.75","19.27","27.92"
"AFC","Vietnam","Raw Materials & COGS","43190000","MCOS-Professional Fees (FC)","-0.56","0","0","-19.3","-1.64","17.66","91.5","-1.64","0","-1.64","0"
"AFC","Vietnam","Raw Materials & COGS","43200000","MCOS-Allocated Income_Expense IC (FC)","0","0","0","0","0","0","0","0","0","0","0"
"AFC","Vietnam","Raw Materials & COGS","43210000","MCOS-Other Operating (Income)_Expense","-157.43","-193.17","-169.57","-196.26","-222.75","-26.49","-13.5","-53.18","-31.36","-29.58","-15.31"
"AFC","Vietnam","Raw Materials & COGS","43211000","MCOS-(Income)","0","0","0","0","0","0","0","0","0","0","0"
"AFC","Vietnam","Raw Materials & COGS","43212100","MCOS-Bank Charges (FC)","0","0","0","0","0","0","0","0","0","0","0"
"AFC","Vietnam","Raw Materials & COGS","43212200","MCOS-Production Supplies (VC)","25.3","0","0","-0.19","0","0.19","100","0","0","0","0"
"AFC","Vietnam","Raw Materials & COGS","43212300","MCOS-Security and Janitorial Services (FC)","0","0","0","0","0","0","0","0","0","0","0"
"AFC","Vietnam","Raw Materials & COGS","43212400","MCOS-Recruitment Expenses (FC)","0","-0.28","0","0","0","0","0","0","0","0.28","100"
"AFC","Vietnam","Raw Materials & COGS","43212500","MCOS-Unmatched Professional fees PLUG IC (FC)","0","0","0","0","0","0","0","0","0","0","0"
"AFC","Vietnam","Raw Materials & COGS","43212610","MCOS-Analysis_testing fee (FC)","-13.37","-6.45","-4.81","-17.88","-20.67","-2.79","-15.6","-15.86","-329.73","-14.22","-220.47"
"AFC","Vietnam","Raw Materials & COGS","43212620","MCOS-Other taxes (Non-corp. tax) (FC)","0","0","0","0","0","0","0","0","0","0","0"
"AFC","Vietnam","Raw Materials & COGS","43212630","MCOS-HSE expenses (FC)","-70.64","-43.68","-35.25","-48.17","-66.1","-17.93","-37.22","-30.85","-87.52","-22.42","-51.33"
"AFC","Vietnam","Raw Materials & COGS","43212640","MCOS-Others (FC)","-98.73","-142.76","-129.51","-130.02","-135.98","-5.96","-4.58","-6.47","-5","6.78","4.75"
"AFC","Vietnam","Raw Materials & COGS","43212650","MCOS-Toll Manufacturing (FC)","0","0","0","0","0","0","0","0","0","0","0"
"AFC","Vietnam","Raw Materials & COGS","43212660","MCOS-R&D (FC)","0","0","0","0","0","0","0","0","0","0","0"
"AFC","Vietnam","Raw Materials & COGS","43212700","MCOS-Unmatched Insurance Expenses PLUG IC (FC)","0","0","0","0","0","0","0","0","0","0","0"
"AFC","Vietnam","Raw Materials & COGS","43212800","MCOS-Unmatched Rental Expenses PLUG IC (FC)","0","0","0","0","0","0","0","0","0","0","0"
"AFC","Vietnam","Raw Materials & COGS","43212900","MCOS-Pest Control (FC)","0","0","0","0","0","0","0","0","0","0","0"
"AFC","Vietnam","Raw Materials & COGS","43220000","MCOS-Lease payment (of Financing Co_Div.) (FC)","0","0","0","0","0","0","0","0","0","0","0"
"AFC","Vietnam","Raw Materials & COGS","43230000","MCOS-Shared Service Cost (FC)","0","0","0","0","0","0","0","0","0","0","0"
"AFC","Vietnam","Raw Materials & COGS","43240000","MCOS-Inventory write-offs (FC)","0","0","0","0","0","0","0","0","0","0","0"
"AFC","Vietnam","Raw Materials & COGS","43250000","MCOS-Depreciation-PPE (FC)","-692.9","-293.08","-281.75","-310.34","-406.3","-95.96","-30.92","-124.55","-44.21","-113.22","-38.63"
"AFC","Vietnam","Raw Materials & COGS","43350000","MCOS-Depreciation-ROU Asset (PLP) (FC)","0","0","0","0","0","0","0","0","0","0","0"
"AFC","Vietnam","Raw Materials & COGS","43410000","MCOS-Allocated Income_Expense TP","0","0","0","0","0","0","0","0","0","0","0"
"AFC","Vietnam","Raw Materials & COGS","43400000","MCOS-Inventory Provision","0","0","0","0","0","0","0","0","0","0","0"
"AFC","Vietnam","Raw Materials & COGS","44000000","STANDARD MCOS","-313.73","-437.6","-372.74","-500.65","-598.12","-97.47","-19.47","-225.38","-60.47","-160.52","-36.68"
"AFC","Vietnam","Raw Materials & COGS","44100000","MCOS-Standard-Variable","-2416.1","-2487.92","-2337.11","-2498.78","-2430.76","68.02","2.72","-93.65","-4.01","57.16","2.3"
"AFC","Vietnam","Raw Materials & COGS","44100100","MCOS- Labour @ Std - VC","-1976.9","-2015.39","-1882.61","-1929.19","-1856.08","73.11","3.79","26.53","1.41","159.31","7.9"
"AFC","Vietnam","Raw Materials & COGS","44100200","MCOS-Fuel & Electricity @ Std- VC","0","0","0","0","0","0","0","0","0","0","0"
"AFC","Vietnam","Raw Materials & COGS","44100300","MCOS-Maintenance @ Std - VC","-439.2","-472.53","-454.5","-569.59","-574.68","-5.09","-0.89","-120.18","-26.44","-102.15","-21.62"
"AFC","Vietnam","Raw Materials & COGS","44200000","MCOS-Standard-Fixed","0","0","0","0","0","0","0","0","0","0","0"
"AFC","Vietnam","Raw Materials & COGS","44200100","MCOS- Rent @ Std- FC","0","0","0","0","0","0","0","0","0","0","0"
"AFC","Vietnam","Raw Materials & COGS","44200200","MCOS-Depreciation @ Std - FC","0","0","0","0","0","0","0","0","0","0","0"
"AFC","Vietnam","Raw Materials & COGS","44200300","MCOS-Others @ Std - FC","0","0","0","0","0","0","0","0","0","0","0"
"AFC","Vietnam","Raw Materials & COGS","44310000","MCOS-Standard Absorption Cost - Variable","2287.97","2295.18","2141.61","2207.57","2062.07","-145.5","-6.59","-79.54","-3.71","-233.11","-10.16"
"AFC","Vietnam","Raw Materials & COGS","44311000","MCOS-Standard Absorption Labour - VC","1957.57","1959.38","1828.72","1829.39","1715.7","-113.69","-6.21","-113.02","-6.18","-243.68","-12.44"
"AFC","Vietnam","Raw Materials & COGS","44312000","MCOS-Standard Absorption Fuel & Electricity - VC","-34.18","-56.11","-55.44","-87.02","-109.83","-22.81","-26.21","-54.39","-98.11","-53.72","-95.74"
"AFC","Vietnam","Raw Materials & COGS","44313000","MCOS-Standard Absorption Maintenance - VC","364.59","391.91","368.33","465.2","456.2","-9","-1.93","87.87","23.86","64.29","16.4"
"AFC","Vietnam","Raw Materials & COGS","44320000","MCOS-Standard Absorption Cost - Fixed","-185.6","-244.86","-177.25","-209.44","-229.44","-20","-9.55","-52.19","-29.44","15.42","6.3"
"AFC","Vietnam","Raw Materials & COGS","44321000","MCOS-Standard Absorption Rent - FC","0","0","0","0","0","0","0","0","0","0","0"
"AFC","Vietnam","Raw Materials & COGS","44322000","MCOS-Standard Absorption Depreciation - FC","-184.17","-241.95","-173.8","-197.5","-211.13","-13.63","-6.9","-37.33","-21.48","30.82","12.74"
"AFC","Vietnam","Raw Materials & COGS","44323000","MCOS-Standard Absorption Others - FC","-1.43","-2.91","-3.45","-11.94","-18.3","-6.36","-53.27","-14.85","-430.43","-15.39","-528.87"
"AFC","Vietnam","Raw Materials & COGS","","Total MCOS","-4676.87","-4624.78","-4456.48","-4928.73","-5172.76","-244.03","-4.95","-716.28","-16.07","-547.98","-11.85"
"AFC","Vietnam","Total MCOS & COGS","45000000","Total COGS (where applicable incl IC)","-87308.57","-88905.7","-85796.67","-93830.63","-97770.7","-3940.07","-4.2","-11974.03","-13.96","-8865","-9.97"
"AFC","Vietnam","General","3.83693077310454E-11","","0","0","0","0","0","0","0","0","0","0","0"
"AFC","Vietnam","Raw Materials & COGS","","MCOS-Personnel Expenses (VC)","0","0","0","0","0","0","0","0","0","0","0"
"AFC","Vietnam","Raw Materials & COGS","","MCOS-Rent and utilities (VC)","0","0","0","0","0","0","0","0","0","0","0"
"AFC","Vietnam","Raw Materials & COGS","","MCOS-Office and Communication (VC)","0","0","0","0","0","0","0","0","0","0","0"
"AFC","Vietnam","Raw Materials & COGS","","MCOS-Delivery Expenses (VC)","0","0","0","0","0","0","0","0","0","0","0"
"AFC","Vietnam","Raw Materials & COGS","","MCOS-Other Operating (Income)_Expense (VC)","0","0","0","0","0","0","0","0","0","0","0"
"AFC","Vietnam","Raw Materials & COGS","","MCOS- Labour (Standard MCOS) - VC","0","0","0","0","0","0","0","0","0","0","0"
"AFC","Vietnam","Raw Materials & COGS","","MCOS-Fuel & Electricity (Standard MCOS) - VC","0","0","0","0","0","0","0","0","0","0","0"
"AFC","Vietnam","Raw Materials & COGS","","MCOS-Maintenance (Standard MCOS) - VC","0","0","0","0","0","0","0","0","0","0","0"
"AFC","Vietnam","Volume","","VARIABLE COST | MT","0","0","0","0","0","0","0","0","0","0","0"
"AFC","Vietnam","Raw Materials & COGS","","MCOS-Personnel Expenses (FC)","0","0","0","0","0","0","0","0","0","0","0"
"AFC","Vietnam","Raw Materials & COGS","","MCOS-Travel and Entertainment (FC)","0","0","0","0","0","0","0","0","0","0","0"
"AFC","Vietnam","Raw Materials & COGS","","MCOS-Rent and utilities (FC)","0","0","0","0","0","0","0","0","0","0","0"
"AFC","Vietnam","Raw Materials & COGS","","MCOS-Leasing Charges (FC)","0","0","0","0","0","0","0","0","0","0","0"
"AFC","Vietnam","Raw Materials & COGS","","MCOS-Advertising and Promotion (FC)","0","0","0","0","0","0","0","0","0","0","0"
"AFC","Vietnam","Raw Materials & COGS","","MCOS-Insurance Expenses (FC)","0","0","0","0","0","0","0","0","0","0","0"
"AFC","Vietnam","Raw Materials & COGS","","MCOS-Professional Fees (FC)","0","0","0","0","0","0","0","0","0","0","0"
"AFC","Vietnam","Raw Materials & COGS","","MCOS-Allocated Income_Expense IC (FC)","0","0","0","0","0","0","0","0","0","0","0"
"AFC","Vietnam","Raw Materials & COGS","","MCOS-Other Operating (Income)_Expense (FC)","0","0","0","0","0","0","0","0","0","0","0"
"AFC","Vietnam","Raw Materials & COGS","","MCOS-Lease payment (of Financing Co_Div.) (FC)","0","0","0","0","0","0","0","0","0","0","0"
"AFC","Vietnam","Raw Materials & COGS","","MCOS-Shared Service Cost (FC)","0","0","0","0","0","0","0","0","0","0","0"
"AFC","Vietnam","Raw Materials & COGS","","MCOS-Inventory write-offs (FC)","0","0","0","0","0","0","0","0","0","0","0"
"AFC","Vietnam","Raw Materials & COGS","","MCOS-Depreciation-PPE (FC)","0","0","0","0","0","0","0","0","0","0","0"
"AFC","Vietnam","Raw Materials & COGS","","MCOS-Depreciation-ROU Asset (PLP) (FC)","0","0","0","0","0","0","0","0","0","0","0"
"AFC","Vietnam","Raw Materials & COGS","","MCOS- Rent (Standard MCOS) - (FC)","0","0","0","0","0","0","0","0","0","0","0"
"AFC","Vietnam","Raw Materials & COGS","","MCOS- Depreciation (Standard MCOS) - (FC)","0","0","0","0","0","0","0","0","0","0","0"
"AFC","Vietnam","Raw Materials & COGS","","MCOS-Others (Standard MCOS) - (VC)","0","0","0","0","0","0","0","0","0","0","0"
"AFC","Vietnam","Volume","","FIXED COST | MT","0","0","0","0","0","0","0","0","0","0","0"
"AFC","Vietnam","Headcount","HR_TL","Total Technical HC (incl QA/QC, Formulator, Lab etc)","0","0","0","0","0.01","0.01","0","0.01","0","0.01","0"
"AFC","Vietnam","Headcount","HR_OP","Total Operations HC (incl warehousing, weighbridge)","0","0","0","0","0","0","0","0","0","0","0"
"AFC","Vietnam","Headcount","","Total 'Production Related' HC","0","0","0","0","0.01","0.01","0","0.01","0","0.01","0"
"AFC","Vietnam","Revenue","HR_SA","Total Sales Head Count","0.09","0.09","0.09","0.1","0.09","-0.01","-10","0","0","0","0"
"AFC","Vietnam","Headcount","HR_SP","Total Support Head Count","0","0","0","0","0","0","0","0","0","0","0"
"AFC","Vietnam","Headcount","HR_TOTAL","Total Head Count (Closing balance)","0","0","0","0.01","0.01","0","0","0.01","0","0.01","0"
"AFC","Vietnam","KPIs","","IOIC (only TP + RC)","16923.56","16603.93","17507.31","17941.41","18581.06","639.65","3.57","1073.75","6.13","1977.13","11.91"
"AFC","Vietnam","Revenue","50000000","Gross Operating Revenue","12621.54","12396.24","13050.84","13297.94","13408.3","110.36","0.83","357.46","2.74","1012.06","8.16"
"AFC","Vietnam","Revenue","","GOR %","0.14","0.18","0.14","0.13","0.12","-0.01","-7.69","-0.02","-14.29","-0.06","-33.33"
"AFC","Vietnam","Raw Materials & COGS","43251000","MCOS-Depreciation-Leasehold Improvements PPE","0","0","0","0","0","0","0","0","0","0","0"
"AFC","Vietnam","Raw Materials & COGS","43252000","MCOS-Depreciation-Motor Vehicles PPE","-8.45","-10.96","-15.77","-15.71","-16.4","-0.69","-4.39","-0.63","-3.99","-5.44","-49.64"
"AFC","Vietnam","Raw Materials & COGS","43253000","MCOS-Depreciation-Computer Equipment PPE","-4.39","-4.88","-4.88","-8.59","-10.14","-1.55","-18.04","-5.26","-107.79","-5.26","-107.79"
"AFC","Vietnam","Raw Materials & COGS","43254000","MCOS-Depreciation-Furniture and Fixtures PPE","-3.67","-2.99","-3.91","-3.24","-3.21","0.03","0.93","0.7","17.9","-0.22","-7.36"
"AFC","Vietnam","Raw Materials & COGS","43255000","MCOS-Depreciation-Others PPE","-35.96","-33.53","-31.2","-31.53","-30.87","0.66","2.09","0.33","1.06","2.66","7.93"
"AFC","Vietnam","Raw Materials & COGS","43256000","MCOS-Depreciation-Land PPE","0","0","0","0","0","0","0","0","0","0","0"
"AFC","Vietnam","Raw Materials & COGS","43257000","MCOS-Depreciation-Buildings PPE","-239.44","-36.64","-44.23","-50.29","-75.56","-25.27","-50.25","-31.33","-70.83","-38.92","-106.22"
"AFC","Vietnam","Raw Materials & COGS","43258000","MCOS-Depreciation-Construction in progress PPE","0","0","0","0","0","0","0","0","0","0","0"
"AFC","Vietnam","Raw Materials & COGS","43259000","MCOS-Depreciation-Machinery and Equipment PPE","-401","-204.07","-181.77","-200.97","-270.12","-69.15","-34.41","-88.35","-48.61","-66.05","-32.37"
"AFC","Vietnam","Raw Materials & COGS","43260000","MCOS-Depreciation-ERP PPE","0","0","0","0","0","0","0","0","0","0","0"
"AFC","Vietnam","Raw Materials & COGS","43360000","MCOS-Depreciation-ERP ROU Asset (PLP)","0","0","0","0","0","0","0","0","0","0","0"
"AFC","Vietnam","Raw Materials & COGS","43350000","MCOS-Depreciation-ROU Asset (PLP)","0","0","0","0","0","0","0","0","0","0","0"
"AFC","Vietnam","Raw Materials & COGS","","Total MCOS - Depreciation","-692.9","-293.08","-281.75","-310.34","-406.3","-95.96","-30.92","-124.55","-44.21","-113.22","-38.63"
"GCZJ","China","Volume","Unit Sales - TP_Feed","Unit Sales - TP (Feed)","0","0","0","0","0","0","0","0","0","0","0"
"GCZJ","China","Volume","Unit Sales - IC_Feed","Unit Sales - IC (Feed)","0","0","0","0","0","0","0","0","0","0","0"
"GCZJ","China","Volume","Unit Sales - RC_Feed","Unit Sales - RC (Feed)","0","0","0","0","0","0","0","0","0","0","0"
"GCZJ","China","Volume","Total Unit Sales_Feed","Total Unit Sales (Feed)","0","0","0","0","0","0","0","0","0","0","0"
"GCZJ","China","Volume","Unit Sales - TP_CT","Unit Sales - TP (CT)","0","0","0","0","0","0","0","0","0","0","0"
"GCZJ","China","Volume","Unit Sales - RC_CT","Unit Sales - RC (CT)","0","0","0","0","0","0","0","0","0","0","0"
"GCZJ","China","Volume","Unit Sales - TP_DOC","Unit Sales - TP (DOC)","0","0","0","0","0","0","0","0","0","0","0"
"GCZJ","China","Volume","","Total Volumes (MT) Feed + CT (TP +RC)","0","0","0","0","0","0","0","0","0","0","0"
"GCZJ","China","Volume","","Total Volumes (MT) - Feed only","0","0","0","0","0","0","0","0","0","0","0"
"GCZJ","China","Revenue","41011000","Gross Sales TP","0","0","0","0","0","0","0","0","0","0","0"
"GCZJ","China","Revenue","41012200","Gross Sales RC","0","0","0","0","0","0","0","0","0","0","0"
"GCZJ","China","Revenue","41021000","Concession TP","0","0","0","0","0","0","0","0","0","0","0"
"GCZJ","China","Revenue","41022500","Concession RC","0","0","0","0","0","0","0","0","0","0","0"
"GCZJ","China","Revenue","Net Sales TP","Net Sales TP","0","0","0","0","0","0","0","0","0","0","0"
"GCZJ","China","Revenue","Net Sales RC","Net Sales RC","0","0","0","0","0","0","0","0","0","0","0"
"GCZJ","China","Revenue","","Total Net Sales (TP + RC)","0","0","0","0","0","0","0","0","0","0","0"
"GCZJ","China","Revenue","Net Sales IC","Net Sales IC","0","0","0","0","0","0","0","0","0","0","0"
"GCZJ","China","Revenue","","Total Net Sales (incl IC)","0","0","0","0","0","0","0","0","0","0","0"
"GCZJ","China","Raw Materials & COGS","42210000","Material Cost","0","0","0","0","0","0","0","0","0","0","0"
"GCZJ","China","Raw Materials & COGS","42229110","Variance - Purchase Price","-25761914820","-25761914820","0","0","0","0","0","0","0","25761914820","100"
"GCZJ","China","Raw Materials & COGS","42211000","Raw Material COS","0","0","0","0","0","0","0","0","0","0","0"
"GCZJ","China","Raw Materials & COGS","42212000","Packing Material COS","0","0","0","0","0","0","0","0","0","0","0"
"GCZJ","China","Raw Materials & COGS","42213000","Finished Goods/Direct Purchase COS","0","0","0","0","0","0","0","0","0","0","0"
"GCZJ","China","General","42214000","Provision for Stock Adjustment","0","0","0","0","0","0","0","0","0","0","0"
"GCZJ","China","Raw Materials & COGS","42215000","Exchange Differece COS","0","0","0","0","0","0","0","0","0","0","0"
"GCZJ","China","Revenue","42216000","Sales Of Raw and Packing materials","0","0","0","0","0","0","0","0","0","0","0"
"GCZJ","China","Raw Materials & COGS","42217000","Modified Direct purchase COS","0","0","0","0","0","0","0","0","0","0","0"
"GCZJ","China","Raw Materials & COGS","42218000","Physical Inventory Loss","0","0","0","0","0","0","0","0","0","0","0"
"GCZJ","China","Raw Materials & COGS","42219000","Production yield_usage variance","0","0","0","0","0","0","0","0","0","0","0"
"GCZJ","China","Raw Materials & COGS","42230000","Consignment COS","0","0","0","0","0","0","0","0","0","0","0"
"GCZJ","China","Raw Materials & COGS","42250000","COS IC","0","0","0","0","0","0","0","0","0","0","0"
"GCZJ","China","Revenue","42260000","Cost of sales IC Elimination","0","0","0","0","0","0","0","0","0","0","0"
"GCZJ","China","Raw Materials & COGS","42270000","COS RC","0","0","0","0","0","0","0","0","0","0","0"
"GCZJ","China","Raw Materials & COGS","48000000","Cost of Services","0","0","0","0","0","0","0","0","0","0","0"
"GCZJ","China","Raw Materials & COGS","","Total Raw Materials Costs","0","0","0","0","0","0","0","0","0","0","0"
"GCZJ","China","Raw Materials & COGS","43000000","ACTUAL MCOS","0","0","0","0","0","0","0","0","0","0","0"
"GCZJ","China","Raw Materials & COGS","43110000","MCOS-Personnel Expenses","0","0","0","0","0","0","0","0","0","0","0"
"GCZJ","China","Raw Materials & COGS","43116000","MCOS-Transportation Expenses (VC)","0","0","0","0","0","0","0","0","0","0","0"
"GCZJ","China","Raw Materials & COGS","43115000","MCOS-Contractual Employees & Others (VC)","0","0","0","0","0","0","0","0","0","0","0"
"GCZJ","China","Raw Materials & COGS","43111120","MCOS-Contract staff (VC)","0","0","0","0","0","0","0","0","0","0","0"
"GCZJ","China","Raw Materials & COGS","43111130","MCOS-Contractual bonus (VC)","0","0","0","0","0","0","0","0","0","0","0"
"GCZJ","China","Raw Materials & COGS","43111140","MCOS-Commission (VC)","0","0","0","0","0","0","0","0","0","0","0"
"GCZJ","China","Raw Materials & COGS","43111200","MCOS-Discretionary Bonus (VC)","0","0","0","0","0","0","0","0","0","0","0"
"GCZJ","China","Raw Materials & COGS","43111320","MCOS-Overtime Variable Cost (VC)","0","0","0","0","0","0","0","0","0","0","0"
"GCZJ","China","Raw Materials & COGS","43111110","MCOS-Salaries (FC)","0","0","0","0","0","0","0","0","0","0","0"
"GCZJ","China","Raw Materials & COGS","43111310","MCOS-Overtime Fixed Cost (FC)","0","0","0","0","0","0","0","0","0","0","0"
"GCZJ","China","Raw Materials & COGS","43112000","MCOS-Personnel Allowances (FC)","0","0","0","0","0","0","0","0","0","0","0"
"GCZJ","China","Raw Materials & COGS","43113000","MCOS-Social Benefits (FC)","0","0","0","0","0","0","0","0","0","0","0"
"GCZJ","China","Raw Materials & COGS","43114000","MCOS-Employee Training (FC)","0","0","0","0","0","0","0","0","0","0","0"
"GCZJ","China","Raw Materials & COGS","43120000","MCOS-Travel and Entertainment (FC)","0","0","0","0","0","0","0","0","0","0","0"
"GCZJ","China","Raw Materials & COGS","43130000","MCOS-Rent and utilities","0","0","0","0","0","0","0","0","0","0","0"
"GCZJ","China","Raw Materials & COGS","43133110","MCOS-Fuel and Gas (VC)","0","0","0","0","0","0","0","0","0","0","0"
"GCZJ","China","Raw Materials & COGS","43133120","MCOS-Power, Light and Water (VC)","0","0","0","0","0","0","0","0","0","0","0"
"GCZJ","China","Raw Materials & COGS","43133300","MCOS-Utilities Others (VC)","0","0","0","0","0","0","0","0","0","0","0"
"GCZJ","China","Raw Materials & COGS","43131000","MCOS-Rental Expense Under Operating Lease (FC)","0","0","0","0","0","0","0","0","0","0","0"
"GCZJ","China","Raw Materials & COGS","43133200","MCOS-Repair and Maintenance (FC)","0","0","0","0","0","0","0","0","0","0","0"
"GCZJ","China","Raw Materials & COGS","43140000","MCOS-Leasing Charges (FC)","0","0","0","0","0","0","0","0","0","0","0"
"GCZJ","China","Raw Materials & COGS","43150000","MCOS-Office and Communication (VC)","0","0","0","0","0","0","0","0","0","0","0"
"GCZJ","China","Raw Materials & COGS","43160000","MCOS-Advertising and Promotion (FC)","0","0","0","0","0","0","0","0","0","0","0"
"GCZJ","China","Raw Materials & COGS","43170000","MCOS-Delivery Expenses (VC)","0","0","0","0","0","0","0","0","0","0","0"
"GCZJ","China","Raw Materials & COGS","43180000","MCOS-Insurance Expenses (FC)","0","0","0","0","0","0","0","0","0","0","0"
"GCZJ","China","Raw Materials & COGS","43190000","MCOS-Professional Fees (FC)","0","0","0","0","0","0","0","0","0","0","0"
"GCZJ","China","Raw Materials & COGS","43200000","MCOS-Allocated Income_Expense IC (FC)","0","0","0","0","0","0","0","0","0","0","0"
"GCZJ","China","Raw Materials & COGS","43210000","MCOS-Other Operating (Income)_Expense","0","0","0","0","0","0","0","0","0","0","0"
"GCZJ","China","Raw Materials & COGS","43211000","MCOS-(Income)","0","0","0","0","0","0","0","0","0","0","0"
"GCZJ","China","Raw Materials & COGS","43212100","MCOS-Bank Charges (FC)","0","0","0","0","0","0","0","0","0","0","0"
"GCZJ","China","Raw Materials & COGS","43212200","MCOS-Production Supplies (VC)","0","0","0","0","0","0","0","0","0","0","0"
"GCZJ","China","Raw Materials & COGS","43212300","MCOS-Security and Janitorial Services (FC)","0","0","0","0","0","0","0","0","0","0","0"
"GCZJ","China","Raw Materials & COGS","43212400","MCOS-Recruitment Expenses (FC)","0","0","0","0","0","0","0","0","0","0","0"
"GCZJ","China","Raw Materials & COGS","43212500","MCOS-Unmatched Professional fees PLUG IC (FC)","0","0","0","0","0","0","0","0","0","0","0"
"GCZJ","China","Raw Materials & COGS","43212610","MCOS-Analysis_testing fee (FC)","0","0","0","0","0","0","0","0","0","0","0"
"GCZJ","China","Raw Materials & COGS","43212620","MCOS-Other taxes (Non-corp. tax) (FC)","0","0","0","0","0","0","0","0","0","0","0"
"GCZJ","China","Raw Materials & COGS","43212630","MCOS-HSE expenses (FC)","0","0","0","0","0","0","0","0","0","0","0"
"GCZJ","China","Raw Materials & COGS","43212640","MCOS-Others (FC)","0","0","0","0","0","0","0","0","0","0","0"
"GCZJ","China","Raw Materials & COGS","43212650","MCOS-Toll Manufacturing (FC)","0","0","0","0","0","0","0","0","0","0","0"
"GCZJ","China","Raw Materials & COGS","43212660","MCOS-R&D (FC)","0","0","0","0","0","0","0","0","0","0","0"
"GCZJ","China","Raw Materials & COGS","43212700","MCOS-Unmatched Insurance Expenses PLUG IC (FC)","0","0","0","0","0","0","0","0","0","0","0"
"GCZJ","China","Raw Materials & COGS","43212800","MCOS-Unmatched Rental Expenses PLUG IC (FC)","0","0","0","0","0","0","0","0","0","0","0"
"GCZJ","China","Raw Materials & COGS","43212900","MCOS-Pest Control (FC)","0","0","0","0","0","0","0","0","0","0","0"
"GCZJ","China","Raw Materials & COGS","43220000","MCOS-Lease payment (of Financing Co_Div.) (FC)","0","0","0","0","0","0","0","0","0","0","0"
"GCZJ","China","Raw Materials & COGS","43230000","MCOS-Shared Service Cost (FC)","0","0","0","0","0","0","0","0","0","0","0"
"GCZJ","China","Raw Materials & COGS","43240000","MCOS-Inventory write-offs (FC)","0","0","0","0","0","0","0","0","0","0","0"
"GCZJ","China","Raw Materials & COGS","43250000","MCOS-Depreciation-PPE (FC)","0","0","0","0","0","0","0","0","0","0","0"
"GCZJ","China","Raw Materials & COGS","43350000","MCOS-Depreciation-ROU Asset (PLP) (FC)","0","0","0","0","0","0","0","0","0","0","0"
"GCZJ","China","Raw Materials & COGS","43410000","MCOS-Allocated Income_Expense TP","0","0","0","0","0","0","0","0","0","0","0"
"GCZJ","China","Raw Materials & COGS","43400000","MCOS-Inventory Provision","0","0","0","0","0","0","0","0","0","0","0"
"GCZJ","China","Raw Materials & COGS","44000000","STANDARD MCOS","0","0","0","0","0","0","0","0","0","0","0"
"GCZJ","China","Raw Materials & COGS","44100000","MCOS-Standard-Variable","0","0","0","0","0","0","0","0","0","0","0"
"GCZJ","China","Raw Materials & COGS","44100100","MCOS- Labour @ Std - VC","0","0","0","0","0","0","0","0","0","0","0"
"GCZJ","China","Raw Materials & COGS","44100200","MCOS-Fuel & Electricity @ Std- VC","0","0","0","0","0","0","0","0","0","0","0"
"GCZJ","China","Raw Materials & COGS","44100300","MCOS-Maintenance @ Std - VC","0","0","0","0","0","0","0","0","0","0","0"
"GCZJ","China","Raw Materials & COGS","44200000","MCOS-Standard-Fixed","0","0","0","0","0","0","0","0","0","0","0"
"GCZJ","China","Raw Materials & COGS","44200100","MCOS- Rent @ Std- FC","0","0","0","0","0","0","0","0","0","0","0"
"GCZJ","China","Raw Materials & COGS","44200200","MCOS-Depreciation @ Std - FC","0","0","0","0","0","0","0","0","0","0","0"
"GCZJ","China","Raw Materials & COGS","44200300","MCOS-Others @ Std - FC","0","0","0","0","0","0","0","0","0","0","0"
"GCZJ","China","Raw Materials & COGS","44310000","MCOS-Standard Absorption Cost - Variable","0","0","0","0","0","0","0","0","0","0","0"
"GCZJ","China","Raw Materials & COGS","44311000","MCOS-Standard Absorption Labour - VC","0","0","0","0","0","0","0","0","0","0","0"
"GCZJ","China","Raw Materials & COGS","44312000","MCOS-Standard Absorption Fuel & Electricity - VC","0","0","0","0","0","0","0","0","0","0","0"
"GCZJ","China","Raw Materials & COGS","44313000","MCOS-Standard Absorption Maintenance - VC","0","0","0","0","0","0","0","0","0","0","0"
"GCZJ","China","Raw Materials & COGS","44320000","MCOS-Standard Absorption Cost - Fixed","0","0","0","0","0","0","0","0","0","0","0"
"GCZJ","China","Raw Materials & COGS","44321000","MCOS-Standard Absorption Rent - FC","0","0","0","0","0","0","0","0","0","0","0"
"GCZJ","China","Raw Materials & COGS","44322000","MCOS-Standard Absorption Depreciation - FC","0","0","0","0","0","0","0","0","0","0","0"
"GCZJ","China","Raw Materials & COGS","44323000","MCOS-Standard Absorption Others - FC","0","0","0","0","0","0","0","0","0","0","0"
"GCZJ","China","Raw Materials & COGS","","Total MCOS","0","0","0","0","0","0","0","0","0","0","0"
"GCZJ","China","Total MCOS & COGS","45000000","Total COGS (where applicable incl IC)","0","0","0","0","0","0","0","0","0","0","0"
"GCZJ","China","Raw Materials & COGS","","MCOS-Personnel Expenses (VC)","0","0","0","0","0","0","0","0","0","0","0"
"GCZJ","China","Raw Materials & COGS","","MCOS-Rent and utilities (VC)","0","0","0","0","0","0","0","0","0","0","0"
"GCZJ","China","Raw Materials & COGS","","MCOS-Office and Communication (VC)","0","0","0","0","0","0","0","0","0","0","0"
"GCZJ","China","Raw Materials & COGS","","MCOS-Delivery Expenses (VC)","0","0","0","0","0","0","0","0","0","0","0"
"GCZJ","China","Raw Materials & COGS","","MCOS-Other Operating (Income)_Expense (VC)","0","0","0","0","0","0","0","0","0","0","0"
"GCZJ","China","Raw Materials & COGS","","MCOS- Labour (Standard MCOS) - VC","0","0","0","0","0","0","0","0","0","0","0"
"GCZJ","China","Raw Materials & COGS","","MCOS-Fuel & Electricity (Standard MCOS) - VC","0","0","0","0","0","0","0","0","0","0","0"
"GCZJ","China","Raw Materials & COGS","","MCOS-Maintenance (Standard MCOS) - VC","0","0","0","0","0","0","0","0","0","0","0"
"GCZJ","China","Volume","","VARIABLE COST | MT","0","0","0","0","0","0","0","0","0","0","0"
"GCZJ","China","Raw Materials & COGS","","MCOS-Personnel Expenses (FC)","0","0","0","0","0","0","0","0","0","0","0"
"GCZJ","China","Raw Materials & COGS","","MCOS-Travel and Entertainment (FC)","0","0","0","0","0","0","0","0","0","0","0"
"GCZJ","China","Raw Materials & COGS","","MCOS-Rent and utilities (FC)","0","0","0","0","0","0","0","0","0","0","0"
"GCZJ","China","Raw Materials & COGS","","MCOS-Leasing Charges (FC)","0","0","0","0","0","0","0","0","0","0","0"
"GCZJ","China","Raw Materials & COGS","","MCOS-Advertising and Promotion (FC)","0","0","0","0","0","0","0","0","0","0","0"
"GCZJ","China","Raw Materials & COGS","","MCOS-Insurance Expenses (FC)","0","0","0","0","0","0","0","0","0","0","0"
"GCZJ","China","Raw Materials & COGS","","MCOS-Professional Fees (FC)","0","0","0","0","0","0","0","0","0","0","0"
"GCZJ","China","Raw Materials & COGS","","MCOS-Allocated Income_Expense IC (FC)","0","0","0","0","0","0","0","0","0","0","0"
"GCZJ","China","Raw Materials & COGS","","MCOS-Other Operating (Income)_Expense (FC)","0","0","0","0","0","0","0","0","0","0","0"
"GCZJ","China","Raw Materials & COGS","","MCOS-Lease payment (of Financing Co_Div.) (FC)","0","0","0","0","0","0","0","0","0","0","0"
"GCZJ","China","Raw Materials & COGS","","MCOS-Shared Service Cost (FC)","0","0","0","0","0","0","0","0","0","0","0"
"GCZJ","China","Raw Materials & COGS","","MCOS-Inventory write-offs (FC)","0","0","0","0","0","0","0","0","0","0","0"
"GCZJ","China","Raw Materials & COGS","","MCOS-Depreciation-PPE (FC)","0","0","0","0","0","0","0","0","0","0","0"
"GCZJ","China","Raw Materials & COGS","","MCOS-Depreciation-ROU Asset (PLP) (FC)","0","0","0","0","0","0","0","0","0","0","0"
"GCZJ","China","Raw Materials & COGS","","MCOS- Rent (Standard MCOS) - (FC)","0","0","0","0","0","0","0","0","0","0","0"
"GCZJ","China","Raw Materials & COGS","","MCOS- Depreciation (Standard MCOS) - (FC)","0","0","0","0","0","0","0","0","0","0","0"
"GCZJ","China","Raw Materials & COGS","","MCOS-Others (Standard MCOS) - (VC)","0","0","0","0","0","0","0","0","0","0","0"
"GCZJ","China","Volume","","FIXED COST | MT","0","0","0","0","0","0","0","0","0","0","0"
"GCZJ","China","Headcount","HR_TL","Total Technical HC (incl QA/QC, Formulator, Lab etc)","0","0","0","0","0","0","0","0","0","0","0"
"GCZJ","China","Headcount","HR_OP","Total Operations HC (incl warehousing, weighbridge)","0","0","0","0","0","0","0","0","0","0","0"
"GCZJ","China","Headcount","","Total 'Production Related' HC","0","0","0","0","0","0","0","0","0","0","0"
"GCZJ","China","Revenue","HR_SA","Total Sales Head Count","0","0","0","0","0","0","0","0","0","0","0"
"GCZJ","China","Headcount","HR_SP","Total Support Head Count","0","0","0","0","0","0","0","0","0","0","0"
"GCZJ","China","Headcount","HR_TOTAL","Total Head Count (Closing balance)","0","0","0","0","0","0","0","0","0","0","0"
"GCZJ","China","KPIs","","IOIC (only TP + RC)","0","0","0","0","0","0","0","0","0","0","0"
"GCZJ","China","Revenue","50000000","Gross Operating Revenue","0","0","0","0","0","0","0","0","0","0","0"
"GCZJ","China","Revenue","","GOR %","-2146826281","-2146826281","-2146826281","-2146826281","-2146826281","0","0","0","0","0","0"
"GCZJ","China","Raw Materials & COGS","43251000","MCOS-Depreciation-Leasehold Improvements PPE","0","0","0","0","0","0","0","0","0","0","0"
"GCZJ","China","Raw Materials & COGS","43252000","MCOS-Depreciation-Motor Vehicles PPE","0","0","0","0","0","0","0","0","0","0","0"
"GCZJ","China","Raw Materials & COGS","43253000","MCOS-Depreciation-Computer Equipment PPE","0","0","0","0","0","0","0","0","0","0","0"
"GCZJ","China","Raw Materials & COGS","43254000","MCOS-Depreciation-Furniture and Fixtures PPE","0","0","0","0","0","0","0","0","0","0","0"
"GCZJ","China","Raw Materials & COGS","43255000","MCOS-Depreciation-Others PPE","0","0","0","0","0","0","0","0","0","0","0"
"GCZJ","China","Raw Materials & COGS","43256000","MCOS-Depreciation-Land PPE","0","0","0","0","0","0","0","0","0","0","0"
"GCZJ","China","Raw Materials & COGS","43257000","MCOS-Depreciation-Buildings PPE","0","0","0","0","0","0","0","0","0","0","0"
"GCZJ","China","Raw Materials & COGS","43258000","MCOS-Depreciation-Construction in progress PPE","0","0","0","0","0","0","0","0","0","0","0"
"GCZJ","China","Raw Materials & COGS","43259000","MCOS-Depreciation-Machinery and Equipment PPE","0","0","0","0","0","0","0","0","0","0","0"
"GCZJ","China","Raw Materials & COGS","43260000","MCOS-Depreciation-ERP PPE","0","0","0","0","0","0","0","0","0","0","0"
"GCZJ","China","Raw Materials & COGS","43360000","MCOS-Depreciation-ERP ROU Asset (PLP)","0","0","0","0","0","0","0","0","0","0","0"
"GCZJ","China","Raw Materials & COGS","43350000","MCOS-Depreciation-ROU Asset (PLP)","0","0","0","0","0","0","0","0","0","0","0"
"GCZJ","China","Raw Materials & COGS","","Total MCOS - Depreciation","0","0","0","0","0","0","0","0","0","0","0"
"GCYN","Indonesia","Volume","Unit Sales - TP_Feed","Unit Sales - TP (Feed)","31797.34","77500.08","90000","67957.56","80500","12542.44","18.46","-9500","-10.56","2999.92","3.87"
"GCYN","Indonesia","Volume","Unit Sales - IC_Feed","Unit Sales - IC (Feed)","3705.19","593.54","0","199.96","0","-199.96","-100","0","0","-593.54","-100"
"GCYN","Indonesia","Volume","Unit Sales - RC_Feed","Unit Sales - RC (Feed)","36.64","76.6","0","31.94","0","-31.94","-100","0","0","-76.6","-100"
"GCYN","Indonesia","Volume","Total Unit Sales_Feed","Total Unit Sales (Feed)","35539.17","78170.22","90000","68189.46","80500","12310.54","18.05","-9500","-10.56","2329.78","2.98"
"GCYN","Indonesia","Volume","Unit Sales - TP_CT","Unit Sales - TP (CT)","0","1.75","0","10.5","0","-10.5","-100","0","0","-1.75","-100"
"GCYN","Indonesia","Volume","Unit Sales - RC_CT","Unit Sales - RC (CT)","0","0","0","0","0","0","0","0","0","0","0"
"GCYN","Indonesia","Volume","Unit Sales - TP_DOC","Unit Sales - TP (DOC)","0","0","0","0","0","0","0","0","0","0","0"
"GCYN","Indonesia","Volume","","Total Volumes (MT) Feed + CT (TP +RC)","31833.98","77578.44","90000","68000","80500","12500","18.38","-9500","-10.56","2921.56","3.77"
"GCYN","Indonesia","Volume","","Total Volumes (MT) - Feed only","31833.98","77576.68","90000","67989.5","80500","12510.5","18.4","-9500","-10.56","2923.32","3.77"
"GCYN","Indonesia","Revenue","41011000","Gross Sales TP","23175","57728.51","68257","56176.71","69697.89","13521.18","24.07","1440.89","2.11","11969.38","20.73"
"GCYN","Indonesia","Revenue","41012200","Gross Sales RC","27.59","66.65","0","30.27","0","-30.27","-100","0","0","-66.65","-100"
"GCYN","Indonesia","Revenue","41021000","Concession TP","-7101.93","-18636.74","-22290.49","-18140.05","-21546.98","-3406.93","-18.78","743.51","3.34","-2910.24","-15.62"
"GCYN","Indonesia","Revenue","41022500","Concession RC","-5.22","-14.63","0","-6.28","0","6.28","100","0","0","14.63","100"
"GCYN","Indonesia","Revenue","Net Sales TP","Net Sales TP","16073.07","39091.77","45966.52","38036.66","48150.91","10114.25","26.59","2184.39","4.75","9059.14","23.17"
"GCYN","Indonesia","Revenue","Net Sales RC","Net Sales RC","22.36","52.02","0","23.99","0","-23.99","-100","0","0","-52.02","-100"
"GCYN","Indonesia","Revenue","","Total Net Sales (TP + RC)","16095.43","39143.8","45966.52","38060.65","48150.91","10090.26","26.51","2184.39","4.75","9007.11","23.01"
"GCYN","Indonesia","Revenue","Net Sales IC","Net Sales IC","1690.67","261.69","0","95.44","0","-95.44","-100","0","0","-261.69","-100"
"GCYN","Indonesia","Revenue","","Total Net Sales (incl IC)","17786.1","39405.48","45966.52","38156.09","48150.91","9994.82","26.19","2184.39","4.75","8745.43","22.19"
"GCYN","Indonesia","Raw Materials & COGS","42210000","Material Cost","-13984.21","-33846.56","-38897.53","-33069.11","-41587.15","-8518.04","-25.76","-2689.62","-6.91","-7740.59","-22.87"
"GCYN","Indonesia","Raw Materials & COGS","42229110","Variance - Purchase Price","-25761914820","-25761914820","0","9.26","0","-9.26","-100","0","0","25761914820","100"
"GCYN","Indonesia","Raw Materials & COGS","42211000","Raw Material COS","0","0","0","0","0","0","0","0","0","0","0"
"GCYN","Indonesia","Raw Materials & COGS","42212000","Packing Material COS","-137.69","-358.86","-412.98","-379.4","-499.87","-120.47","-31.75","-86.89","-21.04","-141.01","-39.29"
"GCYN","Indonesia","Raw Materials & COGS","42213000","Finished Goods/Direct Purchase COS","-13661.11","-33029.36","-38367.07","-32408.62","-40969.11","-8560.49","-26.41","-2602.04","-6.78","-7939.75","-24.04"
"GCYN","Indonesia","General","42214000","Provision for Stock Adjustment","-21.97","-15.44","0","0","0","0","0","0","0","15.44","100"
"GCYN","Indonesia","Raw Materials & COGS","42215000","Exchange Differece COS","0","0","0","0","0","0","0","0","0","0","0"
"GCYN","Indonesia","Revenue","42216000","Sales Of Raw and Packing materials","0","0","0","0","0","0","0","0","0","0","0"
"GCYN","Indonesia","Raw Materials & COGS","42217000","Modified Direct purchase COS","0","0","0","0","0","0","0","0","0","0","0"
"GCYN","Indonesia","Raw Materials & COGS","42218000","Physical Inventory Loss","-51.08","-104.23","-117.48","-43.62","-118.17","-74.55","-170.91","-0.69","-0.59","-13.94","-13.37"
"GCYN","Indonesia","Raw Materials & COGS","42219000","Production yield_usage variance","-114.87","-381.24","0","-246.72","0","246.72","100","0","0","381.24","100"
"GCYN","Indonesia","Raw Materials & COGS","42230000","Consignment COS","0","0","0","0","0","0","0","0","0","0","0"
"GCYN","Indonesia","Raw Materials & COGS","42250000","COS IC","-1491.44","-230.1","0","-80.71","0","80.71","100","0","0","230.1","100"
"GCYN","Indonesia","Revenue","42260000","Cost of sales IC Elimination","0","0","0","0","0","0","0","0","0","0","0"
"GCYN","Indonesia","Raw Materials & COGS","42270000","COS RC","-14.57","-33.14","0","-15.19","0","15.19","100","0","0","33.14","100"
"GCYN","Indonesia","Raw Materials & COGS","48000000","Cost of Services","0","0","0","0","0","0","0","0","0","0","0"
"GCYN","Indonesia","Raw Materials & COGS","","Total Raw Materials Costs","-15490.22","-34109.81","-38897.53","-33165.01","-41587.15","-8422.14","-25.39","-2689.62","-6.91","-7477.34","-21.92"
"GCYN","Indonesia","Raw Materials & COGS","43000000","ACTUAL MCOS","-1122.11","-2461.54","-2562.39","-2499.4","-2738.65","-239.25","-9.57","-176.26","-6.88","-277.11","-11.26"
"GCYN","Indonesia","Raw Materials & COGS","43110000","MCOS-Personnel Expenses","-395.71","-828.15","-886.33","-820.28","-900.22","-79.94","-9.75","-13.89","-1.57","-72.07","-8.7"
"GCYN","Indonesia","Raw Materials & COGS","43116000","MCOS-Transportation Expenses (VC)","0","0","0","0","0","0","0","0","0","0","0"
"GCYN","Indonesia","Raw Materials & COGS","43115000","MCOS-Contractual Employees & Others (VC)","-33.39","-61.72","-62.27","-73.83","-79.46","-5.63","-7.63","-17.19","-27.61","-17.74","-28.74"
"GCYN","Indonesia","Raw Materials & COGS","43111120","MCOS-Contract staff (VC)","0","0","0","0","0","0","0","0","0","0","0"
"GCYN","Indonesia","Raw Materials & COGS","43111130","MCOS-Contractual bonus (VC)","-13.36","-32.3","-28.76","-24.06","-27.75","-3.69","-15.34","1.01","3.51","4.55","14.09"
"GCYN","Indonesia","Raw Materials & COGS","43111140","MCOS-Commission (VC)","-5.58","-23.45","-50.83","-16.79","-14.17","2.62","15.6","36.66","72.12","9.28","39.57"
"GCYN","Indonesia","Raw Materials & COGS","43111200","MCOS-Discretionary Bonus (VC)","-4.84","-14.45","-28.06","-12.19","-31.01","-18.82","-154.39","-2.95","-10.51","-16.56","-114.6"
"GCYN","Indonesia","Raw Materials & COGS","43111320","MCOS-Overtime Variable Cost (VC)","-117.23","-218.7","-214.6","-162.35","-184.15","-21.8","-13.43","30.45","14.19","34.55","15.8"
"GCYN","Indonesia","Raw Materials & COGS","43111110","MCOS-Salaries (FC)","-142.38","-300.63","-345.11","-333.19","-333.01","0.18","0.05","12.1","3.51","-32.38","-10.77"
"GCYN","Indonesia","Raw Materials & COGS","43111310","MCOS-Overtime Fixed Cost (FC)","0","0","0","0","0","0","0","0","0","0","0"
"GCYN","Indonesia","Raw Materials & COGS","43112000","MCOS-Personnel Allowances (FC)","-26.02","-47.76","-7.78","-53.03","-54.3","-1.27","-2.39","-46.52","-597.94","-6.54","-13.69"
"GCYN","Indonesia","Raw Materials & COGS","43113000","MCOS-Social Benefits (FC)","-52.91","-128.38","-146.27","-144.59","-176.14","-31.55","-21.82","-29.87","-20.42","-47.76","-37.2"
"GCYN","Indonesia","Raw Materials & COGS","43114000","MCOS-Employee Training (FC)","0","-0.74","-2.64","-0.25","-0.23","0.02","8","2.41","91.29","0.51","68.92"
"GCYN","Indonesia","Raw Materials & COGS","43120000","MCOS-Travel and Entertainment (FC)","-11.72","-18.9","-14.55","-21.03","-17.59","3.44","16.36","-3.04","-20.89","1.31","6.93"
"GCYN","Indonesia","Raw Materials & COGS","43130000","MCOS-Rent and utilities","-284.78","-675.94","-727.24","-673.29","-815.58","-142.29","-21.13","-88.34","-12.15","-139.64","-20.66"
"GCYN","Indonesia","Raw Materials & COGS","43133110","MCOS-Fuel and Gas (VC)","-75.5","-191.37","-211.11","-177.67","-213.65","-35.98","-20.25","-2.54","-1.2","-22.28","-11.64"
"GCYN","Indonesia","Raw Materials & COGS","43133120","MCOS-Power, Light and Water (VC)","-187.19","-414.89","-437.66","-425.13","-521.78","-96.65","-22.73","-84.12","-19.22","-106.89","-25.76"
"GCYN","Indonesia","Raw Materials & COGS","43133300","MCOS-Utilities Others (VC)","-5.3","-6.09","-10.08","-4.38","-4.89","-0.51","-11.64","5.19","51.49","1.2","19.7"
"GCYN","Indonesia","Raw Materials & COGS","43131000","MCOS-Rental Expense Under Operating Lease (FC)","0","0","0","0","0","0","0","0","0","0","0"
"GCYN","Indonesia","Raw Materials & COGS","43133200","MCOS-Repair and Maintenance (FC)","-16.79","-63.59","-68.38","-66.12","-75.27","-9.15","-13.84","-6.89","-10.08","-11.68","-18.37"
"GCYN","Indonesia","Raw Materials & COGS","43140000","MCOS-Leasing Charges (FC)","0","0","0","0","0","0","0","0","0","0","0"
"GCYN","Indonesia","Raw Materials & COGS","43150000","MCOS-Office and Communication (VC)","-3.09","-8.58","-3.61","-6.08","-5.5","0.58","9.54","-1.89","-52.35","3.08","35.9"
"GCYN","Indonesia","Raw Materials & COGS","43160000","MCOS-Advertising and Promotion (FC)","0","0","0","0","0","0","0","0","0","0","0"
"GCYN","Indonesia","Raw Materials & COGS","43170000","MCOS-Delivery Expenses (VC)","0","0","0","0","0","0","0","0","0","0","0"
"GCYN","Indonesia","Raw Materials & COGS","43180000","MCOS-Insurance Expenses (FC)","0","-1.83","-2.01","-0.38","0","0.38","100","2.01","100","1.83","100"
"GCYN","Indonesia","Raw Materials & COGS","43190000","MCOS-Professional Fees (FC)","0","-0.98","0","-0.76","-0.76","0","0","-0.76","0","0.22","22.45"
"GCYN","Indonesia","Raw Materials & COGS","43200000","MCOS-Allocated Income_Expense IC (FC)","0","0","0","0","0","0","0","0","0","0","0"
"GCYN","Indonesia","Raw Materials & COGS","43210000","MCOS-Other Operating (Income)_Expense","-11.69","-18.26","-20.08","-48.82","-18.81","30.01","61.47","1.27","6.32","-0.55","-3.01"
"GCYN","Indonesia","Raw Materials & COGS","43211000","MCOS-(Income)","0","0","0","0","0","0","0","0","0","0","0"
"GCYN","Indonesia","Raw Materials & COGS","43212100","MCOS-Bank Charges (FC)","0","0","0","0","0","0","0","0","0","0","0"
"GCYN","Indonesia","Raw Materials & COGS","43212200","MCOS-Production Supplies (VC)","0","0","0","0","0","0","0","0","0","0","0"
"GCYN","Indonesia","Raw Materials & COGS","43212300","MCOS-Security and Janitorial Services (FC)","0","0","0","0","0","0","0","0","0","0","0"
"GCYN","Indonesia","Raw Materials & COGS","43212400","MCOS-Recruitment Expenses (FC)","0","0","0","0","0","0","0","0","0","0","0"
"GCYN","Indonesia","Raw Materials & COGS","43212500","MCOS-Unmatched Professional fees PLUG IC (FC)","0","0","0","0","0","0","0","0","0","0","0"
"GCYN","Indonesia","Raw Materials & COGS","43212610","MCOS-Analysis_testing fee (FC)","-0.04","-2.93","-5.31","-3.93","-4.89","-0.96","-24.43","0.42","7.91","-1.96","-66.89"
"GCYN","Indonesia","Raw Materials & COGS","43212620","MCOS-Other taxes (Non-corp. tax) (FC)","0","0","0","0","0","0","0","0","0","0","0"
"GCYN","Indonesia","Raw Materials & COGS","43212630","MCOS-HSE expenses (FC)","-10.44","-10.91","-11.75","-44.28","-11.48","32.8","74.07","0.27","2.3","-0.57","-5.22"
"GCYN","Indonesia","Raw Materials & COGS","43212640","MCOS-Others (FC)","-1.21","-4.42","-3.02","-0.6","-2.44","-1.84","-306.67","0.58","19.21","1.98","44.8"
"GCYN","Indonesia","Raw Materials & COGS","43212650","MCOS-Toll Manufacturing (FC)","0","0","0","0","0","0","0","0","0","0","0"
"GCYN","Indonesia","Raw Materials & COGS","43212660","MCOS-R&D (FC)","0","0","0","0","0","0","0","0","0","0","0"
"GCYN","Indonesia","Raw Materials & COGS","43212700","MCOS-Unmatched Insurance Expenses PLUG IC (FC)","0","0","0","0","0","0","0","0","0","0","0"
"GCYN","Indonesia","Raw Materials & COGS","43212800","MCOS-Unmatched Rental Expenses PLUG IC (FC)","0","0","0","0","0","0","0","0","0","0","0"
"GCYN","Indonesia","Raw Materials & COGS","43212900","MCOS-Pest Control (FC)","0","0","0","0","0","0","0","0","0","0","0"
"GCYN","Indonesia","Raw Materials & COGS","43220000","MCOS-Lease payment (of Financing Co_Div.) (FC)","0","0","0","0","0","0","0","0","0","0","0"
"GCYN","Indonesia","Raw Materials & COGS","43230000","MCOS-Shared Service Cost (FC)","0","0","0","0","0","0","0","0","0","0","0"
"GCYN","Indonesia","Raw Materials & COGS","43240000","MCOS-Inventory write-offs (FC)","0","0","0","0","0","0","0","0","0","0","0"
"GCYN","Indonesia","Raw Materials & COGS","43250000","MCOS-Depreciation-PPE (FC)","-371.83","-839.53","-843.34","-860.34","-908.99","-48.65","-5.65","-65.65","-7.78","-69.46","-8.27"
"GCYN","Indonesia","Raw Materials & COGS","43350000","MCOS-Depreciation-ROU Asset (PLP) (FC)","-43.29","-69.37","-65.23","-68.41","-71.2","-2.79","-4.08","-5.97","-9.15","-1.83","-2.64"
"GCYN","Indonesia","Raw Materials & COGS","43410000","MCOS-Allocated Income_Expense TP","0","0","0","0","0","0","0","0","0","0","0"
"GCYN","Indonesia","Raw Materials & COGS","43400000","MCOS-Inventory Provision","0","0","0","0","0","0","0","0","0","0","0"
"GCYN","Indonesia","Raw Materials & COGS","44000000","STANDARD MCOS","-9.53","28.02","0","-20.27","0","20.27","100","0","0","-28.02","-100"
"GCYN","Indonesia","Raw Materials & COGS","44100000","MCOS-Standard-Variable","0","0","0","0","0","0","0","0","0","0","0"
"GCYN","Indonesia","Raw Materials & COGS","44100100","MCOS- Labour @ Std - VC","0","0","0","0","0","0","0","0","0","0","0"
"GCYN","Indonesia","Raw Materials & COGS","44100200","MCOS-Fuel & Electricity @ Std- VC","0","0","0","0","0","0","0","0","0","0","0"
"GCYN","Indonesia","Raw Materials & COGS","44100300","MCOS-Maintenance @ Std - VC","0","0","0","0","0","0","0","0","0","0","0"
"GCYN","Indonesia","Raw Materials & COGS","44200000","MCOS-Standard-Fixed","0","0","0","0","0","0","0","0","0","0","0"
"GCYN","Indonesia","Raw Materials & COGS","44200100","MCOS- Rent @ Std- FC","0","0","0","0","0","0","0","0","0","0","0"
"GCYN","Indonesia","Raw Materials & COGS","44200200","MCOS-Depreciation @ Std - FC","0","0","0","0","0","0","0","0","0","0","0"
"GCYN","Indonesia","Raw Materials & COGS","44200300","MCOS-Others @ Std - FC","0","0","0","0","0","0","0","0","0","0","0"
"GCYN","Indonesia","Raw Materials & COGS","44310000","MCOS-Standard Absorption Cost - Variable","-7.64","17.65","0","-4.14","0","4.14","100","0","0","-17.65","-100"
"GCYN","Indonesia","Raw Materials & COGS","44311000","MCOS-Standard Absorption Labour - VC","-3.57","3.66","0","-3.3","0","3.3","100","0","0","-3.66","-100"
"GCYN","Indonesia","Raw Materials & COGS","44312000","MCOS-Standard Absorption Fuel & Electricity - VC","-3.71","13.29","0","-0.85","0","0.85","100","0","0","-13.29","-100"
"GCYN","Indonesia","Raw Materials & COGS","44313000","MCOS-Standard Absorption Maintenance - VC","-0.36","0.7","0","0","0","0","0","0","0","-0.7","-100"
"GCYN","Indonesia","Raw Materials & COGS","44320000","MCOS-Standard Absorption Cost - Fixed","-1.89","10.37","0","-16.13","0","16.13","100","0","0","-10.37","-100"
"GCYN","Indonesia","Raw Materials & COGS","44321000","MCOS-Standard Absorption Rent - FC","0","0","0","0","0","0","0","0","0","0","0"
"GCYN","Indonesia","Raw Materials & COGS","44322000","MCOS-Standard Absorption Depreciation - FC","-1.67","6.57","0","-9.7","0","9.7","100","0","0","-6.57","-100"
"GCYN","Indonesia","Raw Materials & COGS","44323000","MCOS-Standard Absorption Others - FC","-0.22","3.8","0","-6.43","0","6.43","100","0","0","-3.8","-100"
"GCYN","Indonesia","Raw Materials & COGS","","Total MCOS","-1131.64","-2433.52","-2562.39","-2519.67","-2738.65","-218.98","-8.69","-176.26","-6.88","-305.13","-12.54"
"GCYN","Indonesia","Total MCOS & COGS","45000000","Total COGS (where applicable incl IC)","-16621.86","-36543.33","-41459.92","-35684.67","-44325.81","-8641.14","-24.22","-2865.89","-6.91","-7782.48","-21.3"
"GCYN","Indonesia","General","1.62714286489063E-11","","0","0","0","0","0","0","0","0","0","0","0"
"GCYN","Indonesia","Raw Materials & COGS","","MCOS-Personnel Expenses (VC)","0","0","0","0","0","0","0","0","0","0","0"
"GCYN","Indonesia","Raw Materials & COGS","","MCOS-Rent and utilities (VC)","0","0","0","0","0","0","0","0","0","0","0"
"GCYN","Indonesia","Raw Materials & COGS","","MCOS-Office and Communication (VC)","0","0","0","0","0","0","0","0","0","0","0"
"GCYN","Indonesia","Raw Materials & COGS","","MCOS-Delivery Expenses (VC)","0","0","0","0","0","0","0","0","0","0","0"
"GCYN","Indonesia","Raw Materials & COGS","","MCOS-Other Operating (Income)_Expense (VC)","0","0","0","0","0","0","0","0","0","0","0"
"GCYN","Indonesia","Raw Materials & COGS","","MCOS- Labour (Standard MCOS) - VC","0","0","0","0","0","0","0","0","0","0","0"
"GCYN","Indonesia","Raw Materials & COGS","","MCOS-Fuel & Electricity (Standard MCOS) - VC","0","0","0","0","0","0","0","0","0","0","0"
"GCYN","Indonesia","Raw Materials & COGS","","MCOS-Maintenance (Standard MCOS) - VC","0","0","0","0","0","0","0","0","0","0","0"
"GCYN","Indonesia","Volume","","VARIABLE COST | MT","0","0","0","0","0","0","0","0","0","0","0"
"GCYN","Indonesia","Raw Materials & COGS","","MCOS-Personnel Expenses (FC)","0","0","0","0","0","0","0","0","0","0","0"
"GCYN","Indonesia","Raw Materials & COGS","","MCOS-Travel and Entertainment (FC)","0","0","0","0","0","0","0","0","0","0","0"
"GCYN","Indonesia","Raw Materials & COGS","","MCOS-Rent and utilities (FC)","0","0","0","0","0","0","0","0","0","0","0"
"GCYN","Indonesia","Raw Materials & COGS","","MCOS-Leasing Charges (FC)","0","0","0","0","0","0","0","0","0","0","0"
"GCYN","Indonesia","Raw Materials & COGS","","MCOS-Advertising and Promotion (FC)","0","0","0","0","0","0","0","0","0","0","0"
"GCYN","Indonesia","Raw Materials & COGS","","MCOS-Insurance Expenses (FC)","0","0","0","0","0","0","0","0","0","0","0"
"GCYN","Indonesia","Raw Materials & COGS","","MCOS-Professional Fees (FC)","0","0","0","0","0","0","0","0","0","0","0"
"GCYN","Indonesia","Raw Materials & COGS","","MCOS-Allocated Income_Expense IC (FC)","0","0","0","0","0","0","0","0","0","0","0"
"GCYN","Indonesia","Raw Materials & COGS","","MCOS-Other Operating (Income)_Expense (FC)","0","0","0","0","0","0","0","0","0","0","0"
"GCYN","Indonesia","Raw Materials & COGS","","MCOS-Lease payment (of Financing Co_Div.) (FC)","0","0","0","0","0","0","0","0","0","0","0"
"GCYN","Indonesia","Raw Materials & COGS","","MCOS-Shared Service Cost (FC)","0","0","0","0","0","0","0","0","0","0","0"
"GCYN","Indonesia","Raw Materials & COGS","","MCOS-Inventory write-offs (FC)","0","0","0","0","0","0","0","0","0","0","0"
"GCYN","Indonesia","Raw Materials & COGS","","MCOS-Depreciation-PPE (FC)","0","0","0","0","0","0","0","0","0","0","0"
"GCYN","Indonesia","Raw Materials & COGS","","MCOS-Depreciation-ROU Asset (PLP) (FC)","0","0","0","0","0","0","0","0","0","0","0"
"GCYN","Indonesia","Raw Materials & COGS","","MCOS- Rent (Standard MCOS) - (FC)","0","0","0","0","0","0","0","0","0","0","0"
"GCYN","Indonesia","Raw Materials & COGS","","MCOS- Depreciation (Standard MCOS) - (FC)","0","0","0","0","0","0","0","0","0","0","0"
"GCYN","Indonesia","Raw Materials & COGS","","MCOS-Others (Standard MCOS) - (VC)","0","0","0","0","0","0","0","0","0","0","0"
"GCYN","Indonesia","Volume","","FIXED COST | MT","0","0","0","0","0","0","0","0","0","0","0"
"GCYN","Indonesia","Headcount","HR_TL","Total Technical HC (incl QA/QC, Formulator, Lab etc)","0.01","0","0","0","0","0","0","0","0","0","0"
"GCYN","Indonesia","Headcount","HR_OP","Total Operations HC (incl warehousing, weighbridge)","0.04","0","0","0","0","0","0","0","0","0","0"
"GCYN","Indonesia","Headcount","","Total 'Production Related' HC","0.05","0","0","0","0","0","0","0","0","0","0"
"GCYN","Indonesia","Revenue","HR_SA","Total Sales Head Count","0.03","0.02","0.03","0.03","0.03","0","0","0","0","0.01","50"
"GCYN","Indonesia","Headcount","HR_SP","Total Support Head Count","0.02","0","0","0","0","0","0","0","0","0","0"
"GCYN","Indonesia","Headcount","HR_TOTAL","Total Head Count (Closing balance)","0.09","0","0","0","0","0","0","0","0","0","0"
"GCYN","Indonesia","KPIs","","IOIC (only TP + RC)","2096.65","5264.09","7068.99","4976.35","6563.76","1587.41","31.9","-505.23","-7.15","1299.67","24.69"
"GCYN","Indonesia","Revenue","50000000","Gross Operating Revenue","1164.25","2862.16","4506.6","2471.41","3825.1","1353.69","54.77","-681.5","-15.12","962.94","33.64"
"GCYN","Indonesia","Revenue","","GOR %","0.02","0.04","0.11","0.08","0.08","0","0","-0.03","-27.27","0.04","100"
"GCYN","Indonesia","Raw Materials & COGS","43251000","MCOS-Depreciation-Leasehold Improvements PPE","0","0","0","0","0","0","0","0","0","0","0"
"GCYN","Indonesia","Raw Materials & COGS","43252000","MCOS-Depreciation-Motor Vehicles PPE","0","0","0","0","0","0","0","0","0","0","0"
"GCYN","Indonesia","Raw Materials & COGS","43253000","MCOS-Depreciation-Computer Equipment PPE","-2.56","-5.28","-4.13","-5.4","-2.99","2.41","44.63","1.14","27.6","2.29","43.37"
"GCYN","Indonesia","Raw Materials & COGS","43254000","MCOS-Depreciation-Furniture and Fixtures PPE","-4.86","-10.02","-10.4","-15.76","-16.52","-0.76","-4.82","-6.12","-58.85","-6.5","-64.87"
"GCYN","Indonesia","Raw Materials & COGS","43255000","MCOS-Depreciation-Others PPE","0","0","0","0","0","0","0","0","0","0","0"
"GCYN","Indonesia","Raw Materials & COGS","43256000","MCOS-Depreciation-Land PPE","0","0","0","0","0","0","0","0","0","0","0"
"GCYN","Indonesia","Raw Materials & COGS","43257000","MCOS-Depreciation-Buildings PPE","-173.46","-359.79","-369.18","-387.52","-403.31","-15.79","-4.07","-34.13","-9.24","-43.52","-12.1"
"GCYN","Indonesia","Raw Materials & COGS","43258000","MCOS-Depreciation-Construction in progress PPE","0","0","0","0","0","0","0","0","0","0","0"
"GCYN","Indonesia","Raw Materials & COGS","43259000","MCOS-Depreciation-Machinery and Equipment PPE","-190.95","-464.44","-459.63","-451.66","-486.17","-34.51","-7.64","-26.54","-5.77","-21.73","-4.68"
"GCYN","Indonesia","Raw Materials & COGS","43260000","MCOS-Depreciation-ERP PPE","0","0","0","0","0","0","0","0","0","0","0"
"GCYN","Indonesia","Raw Materials & COGS","43360000","MCOS-Depreciation-ERP ROU Asset (PLP)","0","0","0","0","0","0","0","0","0","0","0"
"GCYN","Indonesia","Raw Materials & COGS","43350000","MCOS-Depreciation-ROU Asset (PLP)","-43.29","-69.37","-65.23","-68.41","-71.2","-2.79","-4.08","-5.97","-9.15","-1.83","-2.64"
"GCYN","Indonesia","Raw Materials & COGS","","Total MCOS - Depreciation","-415.12","-908.9","-908.56","-928.76","-980.19","-51.43","-5.54","-71.63","-7.88","-71.29","-7.84"
"GCFHN","Vietnam","Volume","Unit Sales - TP_Feed","Unit Sales - TP (Feed)","118587.25","125280.13","126650","128405.69","129846.8","1441.11","1.12","3196.8","2.52","4566.67","3.65"
"GCFHN","Vietnam","Volume","Unit Sales - IC_Feed","Unit Sales - IC (Feed)","6970.46","8667.25","6216","8752.7","6934","-1818.7","-20.78","718","11.55","-1733.25","-20"
"GCFHN","Vietnam","Volume","Unit Sales - RC_Feed","Unit Sales - RC (Feed)","1864.76","2049.7","2140.18","3194.27","3139.45","-54.82","-1.72","999.27","46.69","1089.75","53.17"
"GCFHN","Vietnam","Volume","Total Unit Sales_Feed","Total Unit Sales (Feed)","127422.47","135997.08","135006.18","140352.66","139920.25","-432.41","-0.31","4914.07","3.64","3923.17","2.88"
"GCFHN","Vietnam","Volume","Unit Sales - TP_CT","Unit Sales - TP (CT)","24.74","0","0","6.32","0","-6.32","-100","0","0","0","0"
"GCFHN","Vietnam","Volume","Unit Sales - RC_CT","Unit Sales - RC (CT)","0","0","0","0","0","0","0","0","0","0","0"
"GCFHN","Vietnam","Volume","Unit Sales - TP_DOC","Unit Sales - TP (DOC)","0","0","0","0","0","0","0","0","0","0","0"
"GCFHN","Vietnam","Volume","","Total Volumes (MT) Feed + CT (TP +RC)","120476.75","127329.83","128790.18","131606.28","132986.25","1379.97","1.05","4196.07","3.26","5656.42","4.44"
"GCFHN","Vietnam","Volume","","Total Volumes (MT) - Feed only","120452.01","127329.83","128790.18","131599.96","132986.25","1386.29","1.05","4196.07","3.26","5656.42","4.44"
"GCFHN","Vietnam","Revenue","41011000","Gross Sales TP","60266.32","60065.12","62198.04","63314.24","66941.71","3627.47","5.73","4743.67","7.63","6876.59","11.45"
"GCFHN","Vietnam","Revenue","41012200","Gross Sales RC","1887.63","1960.33","1877.33","2782.09","2730.26","-51.83","-1.86","852.93","45.43","769.93","39.28"
"GCFHN","Vietnam","Revenue","41021000","Concession TP","-5651.48","-5742.98","-5890.86","-5193.61","-5351.56","-157.95","-3.04","539.3","9.15","391.42","6.82"
"GCFHN","Vietnam","Revenue","41022500","Concession RC","0","0","0","0","0","0","0","0","0","0","0"
"GCFHN","Vietnam","Revenue","Net Sales TP","Net Sales TP","54614.85","54322.14","56307.18","58120.63","61590.16","3469.53","5.97","5282.98","9.38","7268.02","13.38"
"GCFHN","Vietnam","Revenue","Net Sales RC","Net Sales RC","1887.63","1960.33","1877.33","2782.09","2730.26","-51.83","-1.86","852.93","45.43","769.93","39.28"
"GCFHN","Vietnam","Revenue","","Total Net Sales (TP + RC)","56502.48","56282.47","58184.5","60902.72","64320.41","3417.69","5.61","6135.91","10.55","8037.94","14.28"
"GCFHN","Vietnam","Revenue","Net Sales IC","Net Sales IC","4091.52","5177.82","3342.03","4846.23","4062.23","-784","-16.18","720.2","21.55","-1115.59","-21.55"
"GCFHN","Vietnam","Revenue","","Total Net Sales (incl IC)","60594","61460.3","61526.54","65748.95","68382.64","2633.69","4.01","6856.1","11.14","6922.34","11.26"
"GCFHN","Vietnam","Raw Materials & COGS","42210000","Material Cost","-44947.68","-45222.75","-46592.95","-48668.89","-51542","-2873.11","-5.9","-4949.05","-10.62","-6319.25","-13.97"
"GCFHN","Vietnam","Raw Materials & COGS","42229110","Variance - Purchase Price","-25761914820","-25761914820","-81.73","-77.07","-41.38","35.69","46.31","40.35","49.37","25761914778.62","100"
"GCFHN","Vietnam","Raw Materials & COGS","42211000","Raw Material COS","-6.17","0","0","-1.73","0","1.73","100","0","0","0","0"
"GCFHN","Vietnam","Raw Materials & COGS","42212000","Packing Material COS","-1149.23","-1175.03","-1195.05","-1299.96","-1433.74","-133.78","-10.29","-238.69","-19.97","-258.71","-22.02"
"GCFHN","Vietnam","Raw Materials & COGS","42213000","Finished Goods/Direct Purchase COS","-43070.79","-43166.92","-44795.19","-46775.74","-49498.91","-2723.17","-5.82","-4703.72","-10.5","-6331.99","-14.67"
"GCFHN","Vietnam","General","42214000","Provision for Stock Adjustment","-5.32","-2","0","0","0","0","0","0","0","2","100"
"GCFHN","Vietnam","Raw Materials & COGS","42215000","Exchange Differece COS","0.08","0","0","0","0","0","0","0","0","0","0"
"GCFHN","Vietnam","Revenue","42216000","Sales Of Raw and Packing materials","0","0","0","0","0","0","0","0","0","0","0"
"GCFHN","Vietnam","Raw Materials & COGS","42217000","Modified Direct purchase COS","0","0","0","0","0","0","0","0","0","0","0"
"GCFHN","Vietnam","Raw Materials & COGS","42218000","Physical Inventory Loss","-230.69","-392.53","-154.45","-212.23","-188.13","24.1","11.36","-33.68","-21.81","204.4","52.07"
"GCFHN","Vietnam","Raw Materials & COGS","42219000","Production yield_usage variance","-345.1","-403.82","-366.53","-302.16","-379.85","-77.69","-25.71","-13.32","-3.63","23.97","5.94"
"GCFHN","Vietnam","Raw Materials & COGS","42230000","Consignment COS","0","0","0","0","0","0","0","0","0","0","0"
"GCFHN","Vietnam","Raw Materials & COGS","42250000","COS IC","-3608.1","-4503.4","-2890.35","-4222.76","-3540.01","682.75","16.17","-649.66","-22.48","963.39","21.39"
"GCFHN","Vietnam","Revenue","42260000","Cost of sales IC Elimination","0","0","0","0","0","0","0","0","0","0","0"
"GCFHN","Vietnam","Raw Materials & COGS","42270000","COS RC","-1188.82","-1176.19","-1282.65","-1935.71","-1968.45","-32.74","-1.69","-685.8","-53.47","-792.26","-67.36"
"GCFHN","Vietnam","Raw Materials & COGS","48000000","Cost of Services","0","0","0","0","0","0","0","0","0","0","0"
"GCFHN","Vietnam","Raw Materials & COGS","","Total Raw Materials Costs","-49744.59","-50902.34","-50765.95","-54827.37","-57050.45","-2223.08","-4.05","-6284.5","-12.38","-6148.11","-12.08"
"GCFHN","Vietnam","Raw Materials & COGS","43000000","ACTUAL MCOS","-3611.57","-3806.59","-3532.13","-3635.19","-3402.89","232.3","6.39","129.24","3.66","403.7","10.61"
"GCFHN","Vietnam","Raw Materials & COGS","43110000","MCOS-Personnel Expenses","-1073.69","-1183.18","-1195.58","-1272.53","-1347.38","-74.85","-5.88","-151.8","-12.7","-164.2","-13.88"
"GCFHN","Vietnam","Raw Materials & COGS","43116000","MCOS-Transportation Expenses (VC)","0","-0.09","0","-0.02","-0.21","-0.19","-950","-0.21","0","-0.12","-133.33"
"GCFHN","Vietnam","Raw Materials & COGS","43115000","MCOS-Contractual Employees & Others (VC)","-118.52","-20.36","-44.37","-47.77","-38.13","9.64","20.18","6.24","14.06","-17.77","-87.28"
"GCFHN","Vietnam","Raw Materials & COGS","43111120","MCOS-Contract staff (VC)","0","0","0","0","0","0","0","0","0","0","0"
"GCFHN","Vietnam","Raw Materials & COGS","43111130","MCOS-Contractual bonus (VC)","-34.54","-37.21","-40.03","-39.67","-43.83","-4.16","-10.49","-3.8","-9.49","-6.62","-17.79"
"GCFHN","Vietnam","Raw Materials & COGS","43111140","MCOS-Commission (VC)","0","0","0","0","0","0","0","0","0","0","0"
"GCFHN","Vietnam","Raw Materials & COGS","43111200","MCOS-Discretionary Bonus (VC)","-75.1","-83.66","-60.96","-68.09","-66.72","1.37","2.01","-5.76","-9.45","16.94","20.25"
"GCFHN","Vietnam","Raw Materials & COGS","43111320","MCOS-Overtime Variable Cost (VC)","-170.25","-199.71","-169.23","-228.26","-249.28","-21.02","-9.21","-80.05","-47.3","-49.57","-24.82"
"GCFHN","Vietnam","Raw Materials & COGS","43111110","MCOS-Salaries (FC)","-415.39","-448.62","-480.34","-479.48","-525.91","-46.43","-9.68","-45.57","-9.49","-77.29","-17.23"
"GCFHN","Vietnam","Raw Materials & COGS","43111310","MCOS-Overtime Fixed Cost (FC)","0","0","0","0","0","0","0","0","0","0","0"
"GCFHN","Vietnam","Raw Materials & COGS","43112000","MCOS-Personnel Allowances (FC)","-154.69","-277.58","-274.17","-286.36","-287.42","-1.06","-0.37","-13.25","-4.83","-9.84","-3.54"
"GCFHN","Vietnam","Raw Materials & COGS","43113000","MCOS-Social Benefits (FC)","-103.95","-115.07","-122.34","-122.83","-133.39","-10.56","-8.6","-11.05","-9.03","-18.32","-15.92"
"GCFHN","Vietnam","Raw Materials & COGS","43114000","MCOS-Employee Training (FC)","-1.25","-0.89","-4.13","-0.06","-2.49","-2.43","-4050","1.64","39.71","-1.6","-179.78"
"GCFHN","Vietnam","Raw Materials & COGS","43120000","MCOS-Travel and Entertainment (FC)","-16.56","-10.77","-32.14","-13.19","-13.81","-0.62","-4.7","18.33","57.03","-3.04","-28.23"
"GCFHN","Vietnam","Raw Materials & COGS","43130000","MCOS-Rent and utilities","-1161.94","-1236.04","-1157.35","-1238.66","-1222.44","16.22","1.31","-65.09","-5.62","13.6","1.1"
"GCFHN","Vietnam","Raw Materials & COGS","43133110","MCOS-Fuel and Gas (VC)","-324.96","-326.75","-311.42","-361.96","-356.78","5.18","1.43","-45.36","-14.57","-30.03","-9.19"
"GCFHN","Vietnam","Raw Materials & COGS","43133120","MCOS-Power, Light and Water (VC)","-552.54","-621.01","-578.34","-619.33","-610.44","8.89","1.44","-32.1","-5.55","10.57","1.7"
"GCFHN","Vietnam","Raw Materials & COGS","43133300","MCOS-Utilities Others (VC)","-11.35","-9.32","-11.08","-19.78","-15.02","4.76","24.06","-3.94","-35.56","-5.7","-61.16"
"GCFHN","Vietnam","Raw Materials & COGS","43131000","MCOS-Rental Expense Under Operating Lease (FC)","0","0","0","0","0","0","0","0","0","0","0"
"GCFHN","Vietnam","Raw Materials & COGS","43133200","MCOS-Repair and Maintenance (FC)","-273.08","-278.95","-256.51","-237.59","-240.19","-2.6","-1.09","16.32","6.36","38.76","13.89"
"GCFHN","Vietnam","Raw Materials & COGS","43140000","MCOS-Leasing Charges (FC)","-3.99","-7.79","-7.55","-7.76","-7.64","0.12","1.55","-0.09","-1.19","0.15","1.93"
"GCFHN","Vietnam","Raw Materials & COGS","43150000","MCOS-Office and Communication (VC)","-6.5","-18.29","-5.6","-8.06","-8.02","0.04","0.5","-2.42","-43.21","10.27","56.15"
"GCFHN","Vietnam","Raw Materials & COGS","43160000","MCOS-Advertising and Promotion (FC)","0","0","0","0","0","0","0","0","0","0","0"
"GCFHN","Vietnam","Raw Materials & COGS","43170000","MCOS-Delivery Expenses (VC)","-12.51","-16.69","-16.15","-21.18","-20.71","0.47","2.22","-4.56","-28.24","-4.02","-24.09"
"GCFHN","Vietnam","Raw Materials & COGS","43180000","MCOS-Insurance Expenses (FC)","-37.35","-36.84","-45.88","-28.55","-30.44","-1.89","-6.62","15.44","33.65","6.4","17.37"
"GCFHN","Vietnam","Raw Materials & COGS","43190000","MCOS-Professional Fees (FC)","0","0","0","0","0","0","0","0","0","0","0"
"GCFHN","Vietnam","Raw Materials & COGS","43200000","MCOS-Allocated Income_Expense IC (FC)","21.22","0","0","0","0","0","0","0","0","0","0"
"GCFHN","Vietnam","Raw Materials & COGS","43210000","MCOS-Other Operating (Income)_Expense","-170.59","-137.31","-143.18","-143.11","-154.07","-10.96","-7.66","-10.89","-7.61","-16.76","-12.21"
"GCFHN","Vietnam","Raw Materials & COGS","43211000","MCOS-(Income)","0","0","0","0","0","0","0","0","0","0","0"
"GCFHN","Vietnam","Raw Materials & COGS","43212100","MCOS-Bank Charges (FC)","0","0","0","0","0","0","0","0","0","0","0"
"GCFHN","Vietnam","Raw Materials & COGS","43212200","MCOS-Production Supplies (VC)","-53.18","-29.81","-28.87","-32.26","-29.49","2.77","8.59","-0.62","-2.15","0.32","1.07"
"GCFHN","Vietnam","Raw Materials & COGS","43212300","MCOS-Security and Janitorial Services (FC)","-11.71","-11.32","-14.54","-15.64","-15.44","0.2","1.28","-0.9","-6.19","-4.12","-36.4"
"GCFHN","Vietnam","Raw Materials & COGS","43212400","MCOS-Recruitment Expenses (FC)","0","0","0","0","0","0","0","0","0","0","0"
"GCFHN","Vietnam","Raw Materials & COGS","43212500","MCOS-Unmatched Professional fees PLUG IC (FC)","0","0","0","0","0","0","0","0","0","0","0"
"GCFHN","Vietnam","Raw Materials & COGS","43212610","MCOS-Analysis_testing fee (FC)","-22.71","-15.15","-5.45","-9.46","-6.38","3.08","32.56","-0.93","-17.06","8.77","57.89"
"GCFHN","Vietnam","Raw Materials & COGS","43212620","MCOS-Other taxes (Non-corp. tax) (FC)","0","0","0","0","0","0","0","0","0","0","0"
"GCFHN","Vietnam","Raw Materials & COGS","43212630","MCOS-HSE expenses (FC)","-26.24","-33.36","-54.12","-44.63","-62.08","-17.45","-39.1","-7.96","-14.71","-28.72","-86.09"
"GCFHN","Vietnam","Raw Materials & COGS","43212640","MCOS-Others (FC)","-56.74","-47.67","-40.22","-41.13","-40.66","0.47","1.14","-0.44","-1.09","7.01","14.71"
"GCFHN","Vietnam","Raw Materials & COGS","43212650","MCOS-Toll Manufacturing (FC)","0","0","0","0","0","0","0","0","0","0","0"
"GCFHN","Vietnam","Raw Materials & COGS","43212660","MCOS-R&D (FC)","0","0","0","0","0","0","0","0","0","0","0"
"GCFHN","Vietnam","Raw Materials & COGS","43212700","MCOS-Unmatched Insurance Expenses PLUG IC (FC)","0","0","0","0","0","0","0","0","0","0","0"
"GCFHN","Vietnam","Raw Materials & COGS","43212800","MCOS-Unmatched Rental Expenses PLUG IC (FC)","0","0","0","0","0","0","0","0","0","0","0"
"GCFHN","Vietnam","Raw Materials & COGS","43212900","MCOS-Pest Control (FC)","0","0","0","0","0","0","0","0","0","0","0"
"GCFHN","Vietnam","Raw Materials & COGS","43220000","MCOS-Lease payment (of Financing Co_Div.) (FC)","0","0","0","0","0","0","0","0","0","0","0"
"GCFHN","Vietnam","Raw Materials & COGS","43230000","MCOS-Shared Service Cost (FC)","0","0","0","0","0","0","0","0","0","0","0"
"GCFHN","Vietnam","Raw Materials & COGS","43240000","MCOS-Inventory write-offs (FC)","0","0","0","0","0","0","0","0","0","0","0"
"GCFHN","Vietnam","Raw Materials & COGS","43250000","MCOS-Depreciation-PPE (FC)","-1132.78","-1143.12","-913.33","-885.81","-582.24","303.57","34.27","331.09","36.25","560.88","49.07"
"GCFHN","Vietnam","Raw Materials & COGS","43350000","MCOS-Depreciation-ROU Asset (PLP) (FC)","-16.89","-16.56","-15.37","-16.33","-16.14","0.19","1.16","-0.77","-5.01","0.42","2.54"
"GCFHN","Vietnam","Raw Materials & COGS","43410000","MCOS-Allocated Income_Expense TP","0","0","0","0","0","0","0","0","0","0","0"
"GCFHN","Vietnam","Raw Materials & COGS","43400000","MCOS-Inventory Provision","0","0","0","0","0","0","0","0","0","0","0"
"GCFHN","Vietnam","Raw Materials & COGS","44000000","STANDARD MCOS","-50.57","-84.72","-21.14","-128.63","-93.91","34.72","26.99","-72.77","-344.23","-9.19","-10.85"
"GCFHN","Vietnam","Raw Materials & COGS","44100000","MCOS-Standard-Variable","-1519.08","-1525.21","-1144.8","-1497.46","-1391.27","106.19","7.09","-246.47","-21.53","133.94","8.78"
"GCFHN","Vietnam","Raw Materials & COGS","44100100","MCOS- Labour @ Std - VC","-1214.41","-1210.78","-933.22","-1181.27","-1091.04","90.23","7.64","-157.82","-16.91","119.74","9.89"
"GCFHN","Vietnam","Raw Materials & COGS","44100200","MCOS-Fuel & Electricity @ Std- VC","0","0","0","0","0","0","0","0","0","0","0"
"GCFHN","Vietnam","Raw Materials & COGS","44100300","MCOS-Maintenance @ Std - VC","-304.67","-314.43","-211.59","-316.2","-300.24","15.96","5.05","-88.65","-41.9","14.19","4.51"
"GCFHN","Vietnam","Raw Materials & COGS","44200000","MCOS-Standard-Fixed","0","0","0","0","0","0","0","0","0","0","0"
"GCFHN","Vietnam","Raw Materials & COGS","44200100","MCOS- Rent @ Std- FC","0","0","0","0","0","0","0","0","0","0","0"
"GCFHN","Vietnam","Raw Materials & COGS","44200200","MCOS-Depreciation @ Std - FC","0","0","0","0","0","0","0","0","0","0","0"
"GCFHN","Vietnam","Raw Materials & COGS","44200300","MCOS-Others @ Std - FC","0","0","0","0","0","0","0","0","0","0","0"
"GCFHN","Vietnam","Raw Materials & COGS","44310000","MCOS-Standard Absorption Cost - Variable","1341.84","1364.77","1049.84","1294.14","1211.78","-82.36","-6.36","161.94","15.43","-152.99","-11.21"
"GCFHN","Vietnam","Raw Materials & COGS","44311000","MCOS-Standard Absorption Labour - VC","1052.46","1082.37","862.34","1031.14","962.45","-68.69","-6.66","100.11","11.61","-119.92","-11.08"
"GCFHN","Vietnam","Raw Materials & COGS","44312000","MCOS-Standard Absorption Fuel & Electricity - VC","-33.53","-26.09","-37.92","-50.72","-46.34","4.38","8.64","-8.42","-22.2","-20.25","-77.62"
"GCFHN","Vietnam","Raw Materials & COGS","44313000","MCOS-Standard Absorption Maintenance - VC","322.92","308.5","225.41","313.72","295.67","-18.05","-5.75","70.26","31.17","-12.83","-4.16"
"GCFHN","Vietnam","Raw Materials & COGS","44320000","MCOS-Standard Absorption Cost - Fixed","126.67","75.72","73.83","74.69","85.58","10.89","14.58","11.75","15.91","9.86","13.02"
"GCFHN","Vietnam","Raw Materials & COGS","44321000","MCOS-Standard Absorption Rent - FC","0","0","0","0","0","0","0","0","0","0","0"
"GCFHN","Vietnam","Raw Materials & COGS","44322000","MCOS-Standard Absorption Depreciation - FC","139.62","89.76","87.58","91.8","101.54","9.74","10.61","13.96","15.94","11.78","13.12"
"GCFHN","Vietnam","Raw Materials & COGS","44323000","MCOS-Standard Absorption Others - FC","-12.94","-14.05","-13.75","-17.11","-15.96","1.15","6.72","-2.21","-16.07","-1.91","-13.59"
"GCFHN","Vietnam","Raw Materials & COGS","","Total MCOS","-3662.14","-3891.31","-3553.27","-3763.82","-3496.8","267.02","7.09","56.47","1.59","394.51","10.14"
"GCFHN","Vietnam","Total MCOS & COGS","45000000","Total COGS (where applicable incl IC)","-53406.73","-54793.66","-54319.22","-58591.19","-60547.25","-1956.06","-3.34","-6228.03","-11.47","-5753.59","-10.5"
"GCFHN","Vietnam","General","-1.10560449684272E-11","","0","0","0","0","0","0","0","0","0","0","0"
"GCFHN","Vietnam","Raw Materials & COGS","","MCOS-Personnel Expenses (VC)","0","0","0","0","0","0","0","0","0","0","0"
"GCFHN","Vietnam","Raw Materials & COGS","","MCOS-Rent and utilities (VC)","0","0","0","0","0","0","0","0","0","0","0"
"GCFHN","Vietnam","Raw Materials & COGS","","MCOS-Office and Communication (VC)","0","0","0","0","0","0","0","0","0","0","0"
"GCFHN","Vietnam","Raw Materials & COGS","","MCOS-Delivery Expenses (VC)","0","0","0","0","0","0","0","0","0","0","0"
"GCFHN","Vietnam","Raw Materials & COGS","","MCOS-Other Operating (Income)_Expense (VC)","0","0","0","0","0","0","0","0","0","0","0"
"GCFHN","Vietnam","Raw Materials & COGS","","MCOS- Labour (Standard MCOS) - VC","0","0","0","0","0","0","0","0","0","0","0"
"GCFHN","Vietnam","Raw Materials & COGS","","MCOS-Fuel & Electricity (Standard MCOS) - VC","0","0","0","0","0","0","0","0","0","0","0"
"GCFHN","Vietnam","Raw Materials & COGS","","MCOS-Maintenance (Standard MCOS) - VC","0","0","0","0","0","0","0","0","0","0","0"
"GCFHN","Vietnam","Volume","","VARIABLE COST | MT","0","0","0","0","0","0","0","0","0","0","0"
"GCFHN","Vietnam","Raw Materials & COGS","","MCOS-Personnel Expenses (FC)","0","0","0","0","0","0","0","0","0","0","0"
"GCFHN","Vietnam","Raw Materials & COGS","","MCOS-Travel and Entertainment (FC)","0","0","0","0","0","0","0","0","0","0","0"
"GCFHN","Vietnam","Raw Materials & COGS","","MCOS-Rent and utilities (FC)","0","0","0","0","0","0","0","0","0","0","0"
"GCFHN","Vietnam","Raw Materials & COGS","","MCOS-Leasing Charges (FC)","0","0","0","0","0","0","0","0","0","0","0"
"GCFHN","Vietnam","Raw Materials & COGS","","MCOS-Advertising and Promotion (FC)","0","0","0","0","0","0","0","0","0","0","0"
"GCFHN","Vietnam","Raw Materials & COGS","","MCOS-Insurance Expenses (FC)","0","0","0","0","0","0","0","0","0","0","0"
"GCFHN","Vietnam","Raw Materials & COGS","","MCOS-Professional Fees (FC)","0","0","0","0","0","0","0","0","0","0","0"
"GCFHN","Vietnam","Raw Materials & COGS","","MCOS-Allocated Income_Expense IC (FC)","0","0","0","0","0","0","0","0","0","0","0"
"GCFHN","Vietnam","Raw Materials & COGS","","MCOS-Other Operating (Income)_Expense (FC)","0","0","0","0","0","0","0","0","0","0","0"
"GCFHN","Vietnam","Raw Materials & COGS","","MCOS-Lease payment (of Financing Co_Div.) (FC)","0","0","0","0","0","0","0","0","0","0","0"
"GCFHN","Vietnam","Raw Materials & COGS","","MCOS-Shared Service Cost (FC)","0","0","0","0","0","0","0","0","0","0","0"
"GCFHN","Vietnam","Raw Materials & COGS","","MCOS-Inventory write-offs (FC)","0","0","0","0","0","0","0","0","0","0","0"
"GCFHN","Vietnam","Raw Materials & COGS","","MCOS-Depreciation-PPE (FC)","0","0","0","0","0","0","0","0","0","0","0"
"GCFHN","Vietnam","Raw Materials & COGS","","MCOS-Depreciation-ROU Asset (PLP) (FC)","0","0","0","0","0","0","0","0","0","0","0"
"GCFHN","Vietnam","Raw Materials & COGS","","MCOS- Rent (Standard MCOS) - (FC)","0","0","0","0","0","0","0","0","0","0","0"
"GCFHN","Vietnam","Raw Materials & COGS","","MCOS- Depreciation (Standard MCOS) - (FC)","0","0","0","0","0","0","0","0","0","0","0"
"GCFHN","Vietnam","Raw Materials & COGS","","MCOS-Others (Standard MCOS) - (VC)","0","0","0","0","0","0","0","0","0","0","0"
"GCFHN","Vietnam","Volume","","FIXED COST | MT","0","0","0","0","0","0","0","0","0","0","0"
"GCFHN","Vietnam","Headcount","HR_TL","Total Technical HC (incl QA/QC, Formulator, Lab etc)","0","0","0","0","0","0","0","0","0","0","0"
"GCFHN","Vietnam","Headcount","HR_OP","Total Operations HC (incl warehousing, weighbridge)","0","0","0","0","0","0","0","0","0","0","0"
"GCFHN","Vietnam","Headcount","","Total 'Production Related' HC","0","0","0","0","0","0","0","0","0","0","0"
"GCFHN","Vietnam","Revenue","HR_SA","Total Sales Head Count","0.06","0.07","0.07","0.07","0.07","0","0","0","0","0","0"
"GCFHN","Vietnam","Headcount","HR_SP","Total Support Head Count","0","0","0","0","0","0","0","0","0","0","0"
"GCFHN","Vietnam","Headcount","HR_TOTAL","Total Head Count (Closing balance)","0","0","0","0","0","0","0","0","0","0","0"
"GCFHN","Vietnam","KPIs","","IOIC (only TP + RC)","10365.98","9883.53","10308.9","10298.12","10809.97","511.85","4.97","501.07","4.86","926.44","9.37"
"GCFHN","Vietnam","Revenue","50000000","Gross Operating Revenue","7187.26","6666.64","7207.31","7157.76","7835.39","677.63","9.47","628.08","8.71","1168.75","17.53"
"GCFHN","Vietnam","Revenue","","GOR %","0.13","0.16","0.12","0.11","0.12","0.01","9.09","0","0","-0.04","-25"
"GCFHN","Vietnam","Raw Materials & COGS","43251000","MCOS-Depreciation-Leasehold Improvements PPE","0","0","0","0","0","0","0","0","0","0","0"
"GCFHN","Vietnam","Raw Materials & COGS","43252000","MCOS-Depreciation-Motor Vehicles PPE","0","-2.82","-3.32","-3.36","-3.32","0.04","1.19","0","0","-0.5","-17.73"
"GCFHN","Vietnam","Raw Materials & COGS","43253000","MCOS-Depreciation-Computer Equipment PPE","-0.51","-1.98","-2.96","-2.88","-3.47","-0.59","-20.49","-0.51","-17.23","-1.49","-75.25"
"GCFHN","Vietnam","Raw Materials & COGS","43254000","MCOS-Depreciation-Furniture and Fixtures PPE","-2.89","-3.15","-2.27","-2.68","-2.43","0.25","9.33","-0.16","-7.05","0.72","22.86"
"GCFHN","Vietnam","Raw Materials & COGS","43255000","MCOS-Depreciation-Others PPE","-37.13","-46.14","-31.7","-32.29","-26.62","5.67","17.56","5.08","16.03","19.52","42.31"
"GCFHN","Vietnam","Raw Materials & COGS","43256000","MCOS-Depreciation-Land PPE","0","0","0","0","0","0","0","0","0","0","0"
"GCFHN","Vietnam","Raw Materials & COGS","43257000","MCOS-Depreciation-Buildings PPE","-346.11","-357.65","-324.14","-326.68","-214.59","112.09","34.31","109.55","33.8","143.06","40"
"GCFHN","Vietnam","Raw Materials & COGS","43258000","MCOS-Depreciation-Construction in progress PPE","0","0","0","0","0","0","0","0","0","0","0"
"GCFHN","Vietnam","Raw Materials & COGS","43259000","MCOS-Depreciation-Machinery and Equipment PPE","-746.14","-731.36","-548.94","-517.93","-331.8","186.13","35.94","217.14","39.56","399.56","54.63"
"GCFHN","Vietnam","Raw Materials & COGS","43260000","MCOS-Depreciation-ERP PPE","0","0","0","0","0","0","0","0","0","0","0"
"GCFHN","Vietnam","Raw Materials & COGS","43360000","MCOS-Depreciation-ERP ROU Asset (PLP)","0","0","0","0","0","0","0","0","0","0","0"
"GCFHN","Vietnam","Raw Materials & COGS","43350000","MCOS-Depreciation-ROU Asset (PLP)","-16.89","-16.56","-15.37","-16.33","-16.14","0.19","1.16","-0.77","-5.01","0.42","2.54"
"GCFHN","Vietnam","Raw Materials & COGS","","Total MCOS - Depreciation","-1149.66","-1159.68","-928.7","-902.14","-598.38","303.76","33.67","330.32","35.57","561.3","48.4"
"Total Msia","Malaysia","Volume","Unit Sales - TP_Feed","Unit Sales - TP (Feed)","237146.98","237431.34","217347.41","261669.82","263841.05","2171.23","0.83","46493.64","21.39","26409.71","11.12"
"Total Msia","Malaysia","Volume","Unit Sales - IC_Feed","Unit Sales - IC (Feed)","2624.73","5490.97","0","581.93","0","-581.93","-100","0","0","-5490.97","-100"
"Total Msia","Malaysia","Volume","Unit Sales - RC_Feed","Unit Sales - RC (Feed)","93266.09","90836.6","91982","87469.21","90013.16","2543.95","2.91","-1968.84","-2.14","-823.44","-0.91"
"Total Msia","Malaysia","Volume","Total Unit Sales_Feed","Total Unit Sales (Feed)","333037.8","333758.9","309329.41","349720.96","353854.22","4133.26","1.18","44524.81","14.39","20095.32","6.02"
"Total Msia","Malaysia","Volume","Unit Sales - TP_CT","Unit Sales - TP (CT)","8507.26","19623.16","9538.68","20331.81","16650.16","-3681.65","-18.11","7111.48","74.55","-2973","-15.15"
"Total Msia","Malaysia","Volume","Unit Sales - RC_CT","Unit Sales - RC (CT)","9.06","0.2","0","0","0","0","0","0","0","-0.2","-100"
"Total Msia","Malaysia","Volume","Unit Sales - TP_DOC","Unit Sales - TP (DOC)","0","0","0","0","0","0","0","0","0","0","0"
"Total Msia","Malaysia","Volume","","Total Volumes (MT) Feed + CT (TP +RC)","338929.39","347891.29","318868.09","369470.84","370504.37","1033.53","0.28","51636.28","16.19","22613.08","6.5"
"Total Msia","Malaysia","Volume","","Total Volumes (MT) - Feed only","330413.07","328267.94","309329.41","349139.03","353854.22","4715.19","1.35","44524.81","14.39","25586.28","7.79"
"Total Msia","Malaysia","Revenue","41011000","Gross Sales TP","144531.34","146171.23","132126.6","168930.17","171936.34","3006.17","1.78","39809.74","30.13","25765.11","17.63"
"Total Msia","Malaysia","Revenue","41012200","Gross Sales RC","59557.02","57771.19","60183.07","58633.63","60950.91","2317.28","3.95","767.84","1.28","3179.72","5.5"
"Total Msia","Malaysia","Revenue","41021000","Concession TP","-18755.68","-20699.43","-20158.24","-24918.54","-25217.9","-299.36","-1.2","-5059.66","-25.1","-4518.47","-21.83"
"Total Msia","Malaysia","Revenue","41022500","Concession RC","-16384.7","-17378.67","-18530.11","-17977.16","-18686.2","-709.04","-3.94","-156.09","-0.84","-1307.53","-7.52"
"Total Msia","Malaysia","Revenue","Net Sales TP","Net Sales TP","125775.66","125471.8","111968.36","144011.63","146718.44","2706.81","1.88","34750.08","31.04","21246.64","16.93"
"Total Msia","Malaysia","Revenue","Net Sales RC","Net Sales RC","43172.32","40392.52","41652.96","40656.46","42264.71","1608.25","3.96","611.75","1.47","1872.19","4.63"
"Total Msia","Malaysia","Revenue","","Total Net Sales (TP + RC)","168947.98","165864.31","153621.33","184668.09","188983.15","4315.06","2.34","35361.82","23.02","23118.84","13.94"
"Total Msia","Malaysia","Revenue","Net Sales IC","Net Sales IC","261.21","110.66","0","681.91","0","-681.91","-100","0","0","-110.66","-100"
"Total Msia","Malaysia","Revenue","","Total Net Sales (incl IC)","169209.19","165974.97","153621.33","185350","188983.15","3633.15","1.96","35361.82","23.02","23008.18","13.86"
"Total Msia","Malaysia","Raw Materials & COGS","42210000","Material Cost","-105687.73","-107559.03","-91168.13","-125076.88","-118942.31","6134.57","4.9","-27774.18","-30.46","-11383.28","-10.58"
"Total Msia","Malaysia","Raw Materials & COGS","42229110","Variance - Purchase Price","0","0","0","0","0","0","0","0","0","0","0"
"Total Msia","Malaysia","Raw Materials & COGS","42211000","Raw Material COS","-3404.6","-6097.99","-3295.96","-6468.33","-5481.66","986.67","15.25","-2185.7","-66.31","616.33","10.11"
"Total Msia","Malaysia","Raw Materials & COGS","42212000","Packing Material COS","-608.69","-691.88","-621.75","-841.59","-918.3","-76.71","-9.11","-296.55","-47.7","-226.42","-32.73"
"Total Msia","Malaysia","Raw Materials & COGS","42213000","Finished Goods/Direct Purchase COS","-102326.64","-98683.79","-86288.91","-116799.48","-109858.98","6940.5","5.94","-23570.07","-27.32","-11175.19","-11.32"
"Total Msia","Malaysia","General","42214000","Provision for Stock Adjustment","-38.04","25.72","-193.87","-104.05","-156.12","-52.07","-50.04","37.75","19.47","-181.84","-707"
"Total Msia","Malaysia","Raw Materials & COGS","42215000","Exchange Differece COS","0","0","0","0","0","0","0","0","0","0","0"
"Total Msia","Malaysia","Revenue","42216000","Sales Of Raw and Packing materials","0","0","0","0","0","0","0","0","0","0","0"
"Total Msia","Malaysia","Raw Materials & COGS","42217000","Modified Direct purchase COS","0","0","0","0","0","0","0","0","0","0","0"
"Total Msia","Malaysia","Raw Materials & COGS","42218000","Physical Inventory Loss","-634.6","-547.7","-767.64","-511.55","-1170.22","-658.67","-128.76","-402.58","-52.44","-622.52","-113.66"
"Total Msia","Malaysia","Raw Materials & COGS","42219000","Production yield_usage variance","1324.85","-1563.4","0","-351.87","-1357.03","-1005.16","-285.66","-1357.03","0","206.37","13.2"
"Total Msia","Malaysia","Raw Materials & COGS","42230000","Consignment COS","0","0","0","0","0","0","0","0","0","0","0"
"Total Msia","Malaysia","Raw Materials & COGS","42250000","COS IC","-255.58","-101.69","0","-680.7","0","680.7","100","0","0","101.69","100"
"Total Msia","Malaysia","Revenue","42260000","Cost of sales IC Elimination","99.26","170.2","0","45.34","0","-45.34","-100","0","0","-170.2","-100"
"Total Msia","Malaysia","Raw Materials & COGS","42270000","COS RC","-39610.98","-37086.87","-34511.57","-33864.63","-37704.07","-3839.44","-11.34","-3192.5","-9.25","-617.2","-1.66"
"Total Msia","Malaysia","Raw Materials & COGS","48000000","Cost of Services","0","0","0","0","0","0","0","0","0","0","0"
"Total Msia","Malaysia","Raw Materials & COGS","","Total Raw Materials Costs","-145455.03","-144577.4","-125679.7","-159576.88","-156646.38","2930.5","1.84","-30966.68","-24.64","-12068.98","-8.35"
"Total Msia","Malaysia","Raw Materials & COGS","43000000","ACTUAL MCOS","-8795.56","-9414.18","-10415.5","-11040.08","-11739.45","-699.37","-6.33","-1323.95","-12.71","-2325.27","-24.7"
"Total Msia","Malaysia","Raw Materials & COGS","43110000","MCOS-Personnel Expenses","-3600.09","-3961.99","-4477.33","-4928.3","-5171.18","-242.88","-4.93","-693.85","-15.5","-1209.19","-30.52"
"Total Msia","Malaysia","Raw Materials & COGS","43116000","MCOS-Transportation Expenses (VC)","-8.75","-7.75","-7.5","-13.86","-6.81","7.05","50.87","0.69","9.2","0.94","12.13"
"Total Msia","Malaysia","Raw Materials & COGS","43115000","MCOS-Contractual Employees & Others (VC)","-92.49","-101.08","-125.3","-117.22","-131.15","-13.93","-11.88","-5.85","-4.67","-30.07","-29.75"
"Total Msia","Malaysia","Raw Materials & COGS","43111120","MCOS-Contract staff (VC)","-513.81","-532.99","-573.96","-594.62","-609.57","-14.95","-2.51","-35.61","-6.2","-76.58","-14.37"
"Total Msia","Malaysia","Raw Materials & COGS","43111130","MCOS-Contractual bonus (VC)","-198.67","-234.13","-265.96","-276.19","-305.57","-29.38","-10.64","-39.61","-14.89","-71.44","-30.51"
"Total Msia","Malaysia","Raw Materials & COGS","43111140","MCOS-Commission (VC)","0","0","0","0","0","0","0","0","0","0","0"
"Total Msia","Malaysia","Raw Materials & COGS","43111200","MCOS-Discretionary Bonus (VC)","-258.08","-174.21","-239.02","-287","-254.83","32.17","11.21","-15.81","-6.61","-80.62","-46.28"
"Total Msia","Malaysia","Raw Materials & COGS","43111320","MCOS-Overtime Variable Cost (VC)","-477.85","-668.06","-597.95","-860.04","-890.62","-30.58","-3.56","-292.67","-48.95","-222.56","-33.31"
"Total Msia","Malaysia","Raw Materials & COGS","43111110","MCOS-Salaries (FC)","-1593.57","-1773.86","-2043.03","-2151.01","-2267.4","-116.39","-5.41","-224.37","-10.98","-493.54","-27.82"
"Total Msia","Malaysia","Raw Materials & COGS","43111310","MCOS-Overtime Fixed Cost (FC)","0","0","0","0","0","0","0","0","0","0","0"
"Total Msia","Malaysia","Raw Materials & COGS","43112000","MCOS-Personnel Allowances (FC)","-40.57","-47.35","-45.71","-51.23","-50.73","0.5","0.98","-5.02","-10.98","-3.38","-7.14"
"Total Msia","Malaysia","Raw Materials & COGS","43113000","MCOS-Social Benefits (FC)","-418.1","-426.04","-536.32","-561.64","-606.99","-45.35","-8.07","-70.67","-13.18","-180.95","-42.47"
"Total Msia","Malaysia","Raw Materials & COGS","43114000","MCOS-Employee Training (FC)","1.81","3.48","-42.59","-15.47","-47.51","-32.04","-207.11","-4.92","-11.55","-50.99","-1465.23"
"Total Msia","Malaysia","Raw Materials & COGS","43120000","MCOS-Travel and Entertainment (FC)","-24.08","-28.2","-72.26","-43.86","-79.64","-35.78","-81.58","-7.38","-10.21","-51.44","-182.41"
"Total Msia","Malaysia","Raw Materials & COGS","43130000","MCOS-Rent and utilities","-3278.94","-3147.81","-3115.18","-3542.44","-3717.3","-174.86","-4.94","-602.12","-19.33","-569.49","-18.09"
"Total Msia","Malaysia","Raw Materials & COGS","43133110","MCOS-Fuel and Gas (VC)","-636.41","-637.23","-619.1","-800.26","-861.92","-61.66","-7.7","-242.82","-39.22","-224.69","-35.26"
"Total Msia","Malaysia","Raw Materials & COGS","43133120","MCOS-Power, Light and Water (VC)","-1252.49","-1224.73","-1284.09","-1426.8","-1394.16","32.64","2.29","-110.07","-8.57","-169.43","-13.83"
"Total Msia","Malaysia","Raw Materials & COGS","43133300","MCOS-Utilities Others (VC)","-22.6","-32.32","-36.39","-29.03","-40.2","-11.17","-38.48","-3.81","-10.47","-7.88","-24.38"
"Total Msia","Malaysia","Raw Materials & COGS","43131000","MCOS-Rental Expense Under Operating Lease (FC)","-48.95","-52.89","-59.86","-48.89","-64.56","-15.67","-32.05","-4.7","-7.85","-11.67","-22.06"
"Total Msia","Malaysia","Raw Materials & COGS","43133200","MCOS-Repair and Maintenance (FC)","-1318.48","-1200.64","-1115.74","-1237.46","-1356.45","-118.99","-9.62","-240.71","-21.57","-155.81","-12.98"
"Total Msia","Malaysia","Raw Materials & COGS","43140000","MCOS-Leasing Charges (FC)","-23.86","-30.45","-33.7","-94.11","-78.16","15.95","16.95","-44.46","-131.93","-47.71","-156.68"
"Total Msia","Malaysia","Raw Materials & COGS","43150000","MCOS-Office and Communication (VC)","-22.27","-16.67","-16.73","-16.82","-16.87","-0.05","-0.3","-0.14","-0.84","-0.2","-1.2"
"Total Msia","Malaysia","Raw Materials & COGS","43160000","MCOS-Advertising and Promotion (FC)","0","0","0","0","0","0","0","0","0","0","0"
"Total Msia","Malaysia","Raw Materials & COGS","43170000","MCOS-Delivery Expenses (VC)","0","0","0","0","0","0","0","0","0","0","0"
"Total Msia","Malaysia","Raw Materials & COGS","43180000","MCOS-Insurance Expenses (FC)","-272.27","-284.53","-338.07","-297.78","-313.49","-15.71","-5.28","24.58","7.27","-28.96","-10.18"
"Total Msia","Malaysia","Raw Materials & COGS","43190000","MCOS-Professional Fees (FC)","0","0","0","0","0","0","0","0","0","0","0"
"Total Msia","Malaysia","Raw Materials & COGS","43200000","MCOS-Allocated Income_Expense IC (FC)","47.48","40.08","73.94","62.56","87.23","24.67","39.43","13.29","17.97","47.15","117.64"
"Total Msia","Malaysia","Raw Materials & COGS","43210000","MCOS-Other Operating (Income)_Expense","-362.97","-595.32","-537.28","-625.42","-487.18","138.24","22.1","50.1","9.32","108.14","18.17"
"Total Msia","Malaysia","Raw Materials & COGS","43211000","MCOS-(Income)","135.51","156.23","125.29","210.46","205.41","-5.05","-2.4","80.12","63.95","49.18","31.48"
"Total Msia","Malaysia","Raw Materials & COGS","43212100","MCOS-Bank Charges (FC)","0","0","0","0","0","0","0","0","0","0","0"
"Total Msia","Malaysia","Raw Materials & COGS","43212200","MCOS-Production Supplies (VC)","0","0","0","0","0","0","0","0","0","0","0"
"Total Msia","Malaysia","Raw Materials & COGS","43212300","MCOS-Security and Janitorial Services (FC)","-102.63","-110.52","-116.84","-131.94","-130.03","1.91","1.45","-13.19","-11.29","-19.51","-17.65"
"Total Msia","Malaysia","Raw Materials & COGS","43212400","MCOS-Recruitment Expenses (FC)","0.25","0.07","-2.38","0.21","-2.48","-2.69","-1280.95","-0.1","-4.2","-2.55","-3642.86"
"Total Msia","Malaysia","Raw Materials & COGS","43212500","MCOS-Unmatched Professional fees PLUG IC (FC)","0","0","0","0","0","0","0","0","0","0","0"
"Total Msia","Malaysia","Raw Materials & COGS","43212610","MCOS-Analysis_testing fee (FC)","-109.74","-101.25","-128.98","-146.37","-146.6","-0.23","-0.16","-17.62","-13.66","-45.35","-44.79"
"Total Msia","Malaysia","Raw Materials & COGS","43212620","MCOS-Other taxes (Non-corp. tax) (FC)","0","0","0","0","0","0","0","0","0","0","0"
"Total Msia","Malaysia","Raw Materials & COGS","43212630","MCOS-HSE expenses (FC)","-26.15","-29.49","-73.74","-35.36","-67.06","-31.7","-89.65","6.68","9.06","-37.57","-127.4"
"Total Msia","Malaysia","Raw Materials & COGS","43212640","MCOS-Others (FC)","-235.35","-510.36","-340.63","-522.41","-346.42","175.99","33.69","-5.79","-1.7","163.94","32.12"
"Total Msia","Malaysia","Raw Materials & COGS","43212650","MCOS-Toll Manufacturing (FC)","-24.87","0","0","0","0","0","0","0","0","0","0"
"Total Msia","Malaysia","Raw Materials & COGS","43212660","MCOS-R&D (FC)","0","0","0","0","0","0","0","0","0","0","0"
"Total Msia","Malaysia","Raw Materials & COGS","43212700","MCOS-Unmatched Insurance Expenses PLUG IC (FC)","0","0","0","0","0","0","0","0","0","0","0"
"Total Msia","Malaysia","Raw Materials & COGS","43212800","MCOS-Unmatched Rental Expenses PLUG IC (FC)","0","0","0","0","0","0","0","0","0","0","0"
"Total Msia","Malaysia","Raw Materials & COGS","43212900","MCOS-Pest Control (FC)","0","0","0","0","0","0","0","0","0","0","0"
"Total Msia","Malaysia","Raw Materials & COGS","43220000","MCOS-Lease payment (of Financing Co_Div.) (FC)","0","0","0","0","0","0","0","0","0","0","0"
"Total Msia","Malaysia","Raw Materials & COGS","43230000","MCOS-Shared Service Cost (FC)","0","0","0","0","0","0","0","0","0","0","0"
"Total Msia","Malaysia","Raw Materials & COGS","43240000","MCOS-Inventory write-offs (FC)","0","0","0","0","0","0","0","0","0","0","0"
"Total Msia","Malaysia","Raw Materials & COGS","43250000","MCOS-Depreciation-PPE (FC)","-927.5","-1015.15","-1545.34","-1228.07","-1604.25","-376.18","-30.63","-58.91","-3.81","-589.1","-58.03"
"Total Msia","Malaysia","Raw Materials & COGS","43350000","MCOS-Depreciation-ROU Asset (PLP) (FC)","-331.05","-374.13","-353.54","-325.85","-358.61","-32.76","-10.05","-5.07","-1.43","15.52","4.15"
"Total Msia","Malaysia","Raw Materials & COGS","43410000","MCOS-Allocated Income_Expense TP","0","0","0","0","0","0","0","0","0","0","0"
"Total Msia","Malaysia","Raw Materials & COGS","43400000","MCOS-Inventory Provision","0","0","0","0","0","0","0","0","0","0","0"
"Total Msia","Malaysia","Raw Materials & COGS","44000000","STANDARD MCOS","7401.1","8807.16","0","7702.23","0","-7702.23","-100","0","0","-8807.16","-100"
"Total Msia","Malaysia","Raw Materials & COGS","44100000","MCOS-Standard-Variable","0","0","0","0","0","0","0","0","0","0","0"
"Total Msia","Malaysia","Raw Materials & COGS","44100100","MCOS- Labour @ Std - VC","0","0","0","0","0","0","0","0","0","0","0"
"Total Msia","Malaysia","Raw Materials & COGS","44100200","MCOS-Fuel & Electricity @ Std- VC","0","0","0","0","0","0","0","0","0","0","0"
"Total Msia","Malaysia","Raw Materials & COGS","44100300","MCOS-Maintenance @ Std - VC","0","0","0","0","0","0","0","0","0","0","0"
"Total Msia","Malaysia","Raw Materials & COGS","44200000","MCOS-Standard-Fixed","0","0","0","0","0","0","0","0","0","0","0"
"Total Msia","Malaysia","Raw Materials & COGS","44200100","MCOS- Rent @ Std- FC","0","0","0","0","0","0","0","0","0","0","0"
"Total Msia","Malaysia","Raw Materials & COGS","44200200","MCOS-Depreciation @ Std - FC","0","0","0","0","0","0","0","0","0","0","0"
"Total Msia","Malaysia","Raw Materials & COGS","44200300","MCOS-Others @ Std - FC","0","0","0","0","0","0","0","0","0","0","0"
"Total Msia","Malaysia","Raw Materials & COGS","44310000","MCOS-Standard Absorption Cost - Variable","5110.96","6163.05","0","5389.79","0","-5389.79","-100","0","0","-6163.05","-100"
"Total Msia","Malaysia","Raw Materials & COGS","44311000","MCOS-Standard Absorption Labour - VC","2626.52","3330.01","0","2880.22","0","-2880.22","-100","0","0","-3330.01","-100"
"Total Msia","Malaysia","Raw Materials & COGS","44312000","MCOS-Standard Absorption Fuel & Electricity - VC","1637.96","1868.67","0","1620.31","0","-1620.31","-100","0","0","-1868.67","-100"
"Total Msia","Malaysia","Raw Materials & COGS","44313000","MCOS-Standard Absorption Maintenance - VC","846.48","964.37","0","889.26","0","-889.26","-100","0","0","-964.37","-100"
"Total Msia","Malaysia","Raw Materials & COGS","44320000","MCOS-Standard Absorption Cost - Fixed","2290.14","2644.11","0","2312.44","0","-2312.44","-100","0","0","-2644.11","-100"
"Total Msia","Malaysia","Raw Materials & COGS","44321000","MCOS-Standard Absorption Rent - FC","366.02","363.64","0","318.07","0","-318.07","-100","0","0","-363.64","-100"
"Total Msia","Malaysia","Raw Materials & COGS","44322000","MCOS-Standard Absorption Depreciation - FC","973.32","1202.84","0","1036.65","0","-1036.65","-100","0","0","-1202.84","-100"
"Total Msia","Malaysia","Raw Materials & COGS","44323000","MCOS-Standard Absorption Others - FC","950.81","1077.63","0","957.72","0","-957.72","-100","0","0","-1077.63","-100"
"Total Msia","Malaysia","Raw Materials & COGS","","Total MCOS","-8795.56","-9414.18","-10415.5","-11040.08","-11739.45","-699.37","-6.33","-1323.95","-12.71","-2325.27","-24.7"
"Total Msia","Malaysia","Total MCOS & COGS","45000000","Total COGS (where applicable incl IC)","-146849.49","-145184.42","-136095.21","-162914.73","-168385.84","-5471.11","-3.36","-32290.63","-23.73","-23201.42","-15.98"
"Total Msia","Malaysia","General","-2266.67387224481","","0","0","0","-7702.23","0","7702.23","100","0","0","0","0"
"Total Msia","Malaysia","Raw Materials & COGS","","MCOS-Personnel Expenses (VC)","0","0","0","0","0","0","0","0","0","0","0"
"Total Msia","Malaysia","Raw Materials & COGS","","MCOS-Rent and utilities (VC)","0","0","0","0","0","0","0","0","0","0","0"
"Total Msia","Malaysia","Raw Materials & COGS","","MCOS-Office and Communication (VC)","0","0","0","0","0","0","0","0","0","0","0"
"Total Msia","Malaysia","Raw Materials & COGS","","MCOS-Delivery Expenses (VC)","0","0","0","0","0","0","0","0","0","0","0"
"Total Msia","Malaysia","Raw Materials & COGS","","MCOS-Other Operating (Income)_Expense (VC)","0","0","0","0","0","0","0","0","0","0","0"
"Total Msia","Malaysia","Raw Materials & COGS","","MCOS- Labour (Standard MCOS) - VC","0","0","0","0","0","0","0","0","0","0","0"
"Total Msia","Malaysia","Raw Materials & COGS","","MCOS-Fuel & Electricity (Standard MCOS) - VC","0","0","0","0","0","0","0","0","0","0","0"
"Total Msia","Malaysia","Raw Materials & COGS","","MCOS-Maintenance (Standard MCOS) - VC","0","0","0","0","0","0","0","0","0","0","0"
"Total Msia","Malaysia","Volume","","VARIABLE COST | MT","0","0","0","0","0","0","0","0","0","0","0"
"Total Msia","Malaysia","Raw Materials & COGS","","MCOS-Personnel Expenses (FC)","0","0","0","0","0","0","0","0","0","0","0"
"Total Msia","Malaysia","Raw Materials & COGS","","MCOS-Travel and Entertainment (FC)","0","0","0","0","0","0","0","0","0","0","0"
"Total Msia","Malaysia","Raw Materials & COGS","","MCOS-Rent and utilities (FC)","0","0","0","0","0","0","0","0","0","0","0"
"Total Msia","Malaysia","Raw Materials & COGS","","MCOS-Leasing Charges (FC)","0","0","0","0","0","0","0","0","0","0","0"
"Total Msia","Malaysia","Raw Materials & COGS","","MCOS-Advertising and Promotion (FC)","0","0","0","0","0","0","0","0","0","0","0"
"Total Msia","Malaysia","Raw Materials & COGS","","MCOS-Insurance Expenses (FC)","0","0","0","0","0","0","0","0","0","0","0"
"Total Msia","Malaysia","Raw Materials & COGS","","MCOS-Professional Fees (FC)","0","0","0","0","0","0","0","0","0","0","0"
"Total Msia","Malaysia","Raw Materials & COGS","","MCOS-Allocated Income_Expense IC (FC)","0","0","0","0","0","0","0","0","0","0","0"
"Total Msia","Malaysia","Raw Materials & COGS","","MCOS-Other Operating (Income)_Expense (FC)","0","0","0","0","0","0","0","0","0","0","0"
"Total Msia","Malaysia","Raw Materials & COGS","","MCOS-Lease payment (of Financing Co_Div.) (FC)","0","0","0","0","0","0","0","0","0","0","0"
"Total Msia","Malaysia","Raw Materials & COGS","","MCOS-Shared Service Cost (FC)","0","0","0","0","0","0","0","0","0","0","0"
"Total Msia","Malaysia","Raw Materials & COGS","","MCOS-Inventory write-offs (FC)","0","0","0","0","0","0","0","0","0","0","0"
"Total Msia","Malaysia","Raw Materials & COGS","","MCOS-Depreciation-PPE (FC)","0","0","0","0","0","0","0","0","0","0","0"
"Total Msia","Malaysia","Raw Materials & COGS","","MCOS-Depreciation-ROU Asset (PLP) (FC)","0","0","0","0","0","0","0","0","0","0","0"
"Total Msia","Malaysia","Raw Materials & COGS","","MCOS- Rent (Standard MCOS) - (FC)","0","0","0","0","0","0","0","0","0","0","0"
"Total Msia","Malaysia","Raw Materials & COGS","","MCOS- Depreciation (Standard MCOS) - (FC)","0","0","0","0","0","0","0","0","0","0","0"
"Total Msia","Malaysia","Raw Materials & COGS","","MCOS-Others (Standard MCOS) - (VC)","0","0","0","0","0","0","0","0","0","0","0"
"Total Msia","Malaysia","Volume","","FIXED COST | MT","0","0","0","0","0","0","0","0","0","0","0"
"Total Msia","Malaysia","Headcount","HR_TL","Total Technical HC (incl QA/QC, Formulator, Lab etc)","0","0","0","0","0","0","0","0","0","0","0"
"Total Msia","Malaysia","Headcount","HR_OP","Total Operations HC (incl warehousing, weighbridge)","0","0","0","0","0","0","0","0","0","0","0"
"Total Msia","Malaysia","Headcount","","Total 'Production Related' HC","0","0","0","0","0","0","0","0","0","0","0"
"Total Msia","Malaysia","Revenue","HR_SA","Total Sales Head Count","0.02","0.02","0.02","0.03","0.03","0","0","0.01","50","0.01","50"
"Total Msia","Malaysia","Headcount","HR_SP","Total Support Head Count","0","0","0","0","0","0","0","0","0","0","0"
"Total Msia","Malaysia","Headcount","HR_TOTAL","Total Head Count (Closing balance)","0","0","0","0","0","0","0","0","0","0","0"
"Total Msia","Malaysia","KPIs","","IOIC (only TP + RC)","31050.36","30025.57","27941.62","33428.8","32336.77","-1092.03","-3.27","4395.15","15.73","2311.2","7.7"
"Total Msia","Malaysia","Revenue","50000000","Gross Operating Revenue","22359.7","20790.55","17526.12","22435.27","20597.31","-1837.96","-8.19","3071.19","17.52","-193.24","-0.93"
"Total Msia","Malaysia","Revenue","","GOR %","0.16","0.16","0.1","0.1","0.1","0","0","0","0","-0.06","-37.5"
"Total Msia","Malaysia","Raw Materials & COGS","43251000","MCOS-Depreciation-Leasehold Improvements PPE","-3.02","-3.21","-11.47","-3.44","-11.95","-8.51","-247.38","-0.48","-4.18","-8.74","-272.27"
"Total Msia","Malaysia","Raw Materials & COGS","43252000","MCOS-Depreciation-Motor Vehicles PPE","-10.61","-10.75","-13.11","-10.8","-13.66","-2.86","-26.48","-0.55","-4.2","-2.91","-27.07"
"Total Msia","Malaysia","Raw Materials & COGS","43253000","MCOS-Depreciation-Computer Equipment PPE","-12.43","-21.45","-12.53","-26.85","-16.57","10.28","38.29","-4.04","-32.24","4.88","22.75"
"Total Msia","Malaysia","Raw Materials & COGS","43254000","MCOS-Depreciation-Furniture and Fixtures PPE","-27.22","-16.34","-38.85","-18.06","-33.17","-15.11","-83.67","5.68","14.62","-16.83","-103"
"Total Msia","Malaysia","Raw Materials & COGS","43255000","MCOS-Depreciation-Others PPE","0","0","0","0","0","0","0","0","0","0","0"
"Total Msia","Malaysia","Raw Materials & COGS","43256000","MCOS-Depreciation-Land PPE","0","0","0","0","0","0","0","0","0","0","0"
"Total Msia","Malaysia","Raw Materials & COGS","43257000","MCOS-Depreciation-Buildings PPE","-154.34","-166.63","-327.7","-204.11","-348.17","-144.06","-70.58","-20.47","-6.25","-181.54","-108.95"
"Total Msia","Malaysia","Raw Materials & COGS","43258000","MCOS-Depreciation-Construction in progress PPE","0","0","0","0","0","0","0","0","0","0","0"
"Total Msia","Malaysia","Raw Materials & COGS","43259000","MCOS-Depreciation-Machinery and Equipment PPE","-719.87","-796.78","-1141.68","-964.81","-1180.72","-215.91","-22.38","-39.04","-3.42","-383.94","-48.19"
"Total Msia","Malaysia","Raw Materials & COGS","43260000","MCOS-Depreciation-ERP PPE","0","0","0","0","0","0","0","0","0","0","0"
"Total Msia","Malaysia","Raw Materials & COGS","43360000","MCOS-Depreciation-ERP ROU Asset (PLP)","0","0","0","0","0","0","0","0","0","0","0"
"Total Msia","Malaysia","Raw Materials & COGS","43350000","MCOS-Depreciation-ROU Asset (PLP)","-331.05","-374.13","-353.54","-325.85","-358.61","-32.76","-10.05","-5.07","-1.43","15.52","4.15"
"Total Msia","Malaysia","Raw Materials & COGS","","Total MCOS - Depreciation","-1258.55","-1389.29","-1898.89","-1553.92","-1962.86","-408.94","-26.32","-63.97","-3.37","-573.57","-41.29"
"GCFM (Total entity)","Malaysia","Volume","Unit Sales - TP_Feed","Unit Sales - TP (Feed)","187313.72","181833.1","167267","204084.91","205551","1466.09","0.72","38284","22.89","23717.9","13.04"
"GCFM (Total entity)","Malaysia","Volume","Unit Sales - IC_Feed","Unit Sales - IC (Feed)","2409.5","3900.05","0","0","0","0","0","0","0","-3900.05","-100"
"GCFM (Total entity)","Malaysia","Volume","Unit Sales - RC_Feed","Unit Sales - RC (Feed)","0","0","0","0","0","0","0","0","0","0","0"
"GCFM (Total entity)","Malaysia","Volume","Total Unit Sales_Feed","Total Unit Sales (Feed)","189723.22","185733.15","167267","204084.91","205551","1466.09","0.72","38284","22.89","19817.85","10.67"
"GCFM (Total entity)","Malaysia","Volume","Unit Sales - TP_CT","Unit Sales - TP (CT)","12","6084.66","0","8399.56","3000","-5399.56","-64.28","3000","0","-3084.66","-50.7"
"GCFM (Total entity)","Malaysia","Volume","Unit Sales - RC_CT","Unit Sales - RC (CT)","0","0","0","0","0","0","0","0","0","0","0"
"GCFM (Total entity)","Malaysia","Volume","Unit Sales - TP_DOC","Unit Sales - TP (DOC)","0","0","0","0","0","0","0","0","0","0","0"
"GCFM (Total entity)","Malaysia","Volume","","Total Volumes (MT) Feed + CT (TP +RC)","187325.72","187917.76","167267","212484.47","208551","-3933.47","-1.85","41284","24.68","20633.24","10.98"
"GCFM (Total entity)","Malaysia","Volume","","Total Volumes (MT) - Feed only","187313.72","181833.1","167267","204084.91","205551","1466.09","0.72","38284","22.89","23717.9","13.04"
"GCFM (Total entity)","Malaysia","Revenue","41011000","Gross Sales TP","108924.94","106434.51","96551.8","126939.53","128378.56","1439.03","1.13","31826.76","32.96","21944.05","20.62"
"GCFM (Total entity)","Malaysia","Revenue","41012200","Gross Sales RC","0","0","0","0","0","0","0","0","0","0","0"
"GCFM (Total entity)","Malaysia","Revenue","41021000","Concession TP","-14641.02","-15837.67","-15132.67","-19784.15","-19978.03","-193.88","-0.98","-4845.36","-32.02","-4140.36","-26.14"
"GCFM (Total entity)","Malaysia","Revenue","41022500","Concession RC","0","0","0","0","0","0","0","0","0","0","0"
"GCFM (Total entity)","Malaysia","Revenue","Net Sales TP","Net Sales TP","94283.93","90596.84","81419.13","107155.38","108400.53","1245.15","1.16","26981.4","33.14","17803.69","19.65"
"GCFM (Total entity)","Malaysia","Revenue","Net Sales RC","Net Sales RC","0","0","0","0","0","0","0","0","0","0","0"
"GCFM (Total entity)","Malaysia","Revenue","","Total Net Sales (TP + RC)","94283.93","90596.84","81419.13","107155.38","108400.53","1245.15","1.16","26981.4","33.14","17803.69","19.65"
"GCFM (Total entity)","Malaysia","Revenue","Net Sales IC","Net Sales IC","1310.32","1853.76","0","681.91","0","-681.91","-100","0","0","-1853.76","-100"
"GCFM (Total entity)","Malaysia","Revenue","","Total Net Sales (incl IC)","95594.25","92450.6","81419.13","107837.29","108400.53","563.24","0.52","26981.4","33.14","15949.93","17.25"
"GCFM (Total entity)","Malaysia","Raw Materials & COGS","42210000","Material Cost","-80180.79","-80780.69","-68397.67","-94415.59","-91616.45","2799.14","2.96","-23218.78","-33.95","-10835.76","-13.41"
"GCFM (Total entity)","Malaysia","Raw Materials & COGS","42229110","Variance - Purchase Price","-25761914820","-25761914820","0","0","0","0","0","0","0","25761914820","100"
"GCFM (Total entity)","Malaysia","Raw Materials & COGS","42211000","Raw Material COS","-83.07","-1693.27","0","-2400.82","-861.75","1539.07","64.11","-861.75","0","831.52","49.11"
"GCFM (Total entity)","Malaysia","Raw Materials & COGS","42212000","Packing Material COS","-427.65","-512.5","-411.95","-609.32","-680.65","-71.33","-11.71","-268.7","-65.23","-168.15","-32.81"
"GCFM (Total entity)","Malaysia","Raw Materials & COGS","42213000","Finished Goods/Direct Purchase COS","-80663.55","-76259.12","-67557.15","-89460.61","-87985.37","1475.24","1.65","-20428.22","-30.24","-11726.25","-15.38"
"GCFM (Total entity)","Malaysia","General","42214000","Provision for Stock Adjustment","36.41","43.82","-152.38","-48.63","-99.26","-50.63","-104.11","53.12","34.86","-143.08","-326.52"
"GCFM (Total entity)","Malaysia","Raw Materials & COGS","42215000","Exchange Differece COS","0","0","0","0","0","0","0","0","0","0","0"
"GCFM (Total entity)","Malaysia","Revenue","42216000","Sales Of Raw and Packing materials","0","0","0","0","0","0","0","0","0","0","0"
"GCFM (Total entity)","Malaysia","Raw Materials & COGS","42217000","Modified Direct purchase COS","0","0","0","0","0","0","0","0","0","0","0"
"GCFM (Total entity)","Malaysia","Raw Materials & COGS","42218000","Physical Inventory Loss","-208.16","-166.08","-276.19","-307.67","-632.38","-324.71","-105.54","-356.19","-128.97","-466.3","-280.77"
"GCFM (Total entity)","Malaysia","Raw Materials & COGS","42219000","Production yield_usage variance","1165.22","-2193.54","0","-1588.56","-1357.03","231.53","14.57","-1357.03","0","836.51","38.14"
"GCFM (Total entity)","Malaysia","Raw Materials & COGS","42230000","Consignment COS","0","0","0","0","0","0","0","0","0","0","0"
"GCFM (Total entity)","Malaysia","Raw Materials & COGS","42250000","COS IC","-1224.66","-1800.92","0","-680.73","0","680.73","100","0","0","1800.92","100"
"GCFM (Total entity)","Malaysia","Revenue","42260000","Cost of sales IC Elimination","0","0","0","0","0","0","0","0","0","0","0"
"GCFM (Total entity)","Malaysia","Raw Materials & COGS","42270000","COS RC","0","0","0","0","0","0","0","0","0","0","0"
"GCFM (Total entity)","Malaysia","Raw Materials & COGS","48000000","Cost of Services","0","0","0","0","0","0","0","0","0","0","0"
"GCFM (Total entity)","Malaysia","Raw Materials & COGS","","Total Raw Materials Costs","-81405.45","-82581.61","-68397.67","-95096.33","-91616.45","3479.88","3.66","-23218.78","-33.95","-9034.84","-10.94"
"GCFM (Total entity)","Malaysia","Raw Materials & COGS","43000000","ACTUAL MCOS","-5703.88","-6000.31","-6571.8","-7377.31","-7656.25","-278.94","-3.78","-1084.45","-16.5","-1655.94","-27.6"
"GCFM (Total entity)","Malaysia","Raw Materials & COGS","43110000","MCOS-Personnel Expenses","-2247.26","-2433.41","-2750.6","-3095.19","-3347.1","-251.91","-8.14","-596.5","-21.69","-913.69","-37.55"
"GCFM (Total entity)","Malaysia","Raw Materials & COGS","43116000","MCOS-Transportation Expenses (VC)","-2.52","-3.01","-4.79","-3.3","-3.98","-0.68","-20.61","0.81","16.91","-0.97","-32.23"
"GCFM (Total entity)","Malaysia","Raw Materials & COGS","43115000","MCOS-Contractual Employees & Others (VC)","-6.02","-4.23","-10.57","-6.55","-14.04","-7.49","-114.35","-3.47","-32.83","-9.81","-231.91"
"GCFM (Total entity)","Malaysia","Raw Materials & COGS","43111120","MCOS-Contract staff (VC)","-513.81","-532.99","-570.3","-586.88","-604.67","-17.79","-3.03","-34.37","-6.03","-71.68","-13.45"
"GCFM (Total entity)","Malaysia","Raw Materials & COGS","43111130","MCOS-Contractual bonus (VC)","-114.41","-132.53","-157.09","-161.68","-191.29","-29.61","-18.31","-34.2","-21.77","-58.76","-44.34"
"GCFM (Total entity)","Malaysia","Raw Materials & COGS","43111140","MCOS-Commission (VC)","0","0","0","0","0","0","0","0","0","0","0"
"GCFM (Total entity)","Malaysia","Raw Materials & COGS","43111200","MCOS-Discretionary Bonus (VC)","-156.22","-85.22","-123.99","-147.2","-134.69","12.51","8.5","-10.7","-8.63","-49.47","-58.05"
"GCFM (Total entity)","Malaysia","Raw Materials & COGS","43111320","MCOS-Overtime Variable Cost (VC)","-304.05","-415.6","-346.5","-564.95","-615.17","-50.22","-8.89","-268.67","-77.54","-199.57","-48.02"
"GCFM (Total entity)","Malaysia","Raw Materials & COGS","43111110","MCOS-Salaries (FC)","-866.29","-963.47","-1172.07","-1222.48","-1353.1","-130.62","-10.68","-181.03","-15.45","-389.63","-40.44"
"GCFM (Total entity)","Malaysia","Raw Materials & COGS","43111310","MCOS-Overtime Fixed Cost (FC)","0","0","0","0","0","0","0","0","0","0","0"
"GCFM (Total entity)","Malaysia","Raw Materials & COGS","43112000","MCOS-Personnel Allowances (FC)","-22.67","-25.69","-25.41","-30.26","-30.23","0.03","0.1","-4.82","-18.97","-4.54","-17.67"
"GCFM (Total entity)","Malaysia","Raw Materials & COGS","43113000","MCOS-Social Benefits (FC)","-263.9","-274.91","-334.18","-370.48","-392.48","-22","-5.94","-58.3","-17.45","-117.57","-42.77"
"GCFM (Total entity)","Malaysia","Raw Materials & COGS","43114000","MCOS-Employee Training (FC)","2.64","4.24","-5.7","-1.41","-7.43","-6.02","-426.95","-1.73","-30.35","-11.67","-275.24"
"GCFM (Total entity)","Malaysia","Raw Materials & COGS","43120000","MCOS-Travel and Entertainment (FC)","-15.6","-15.57","-31.24","-20.31","-36.89","-16.58","-81.63","-5.65","-18.09","-21.32","-136.93"
"GCFM (Total entity)","Malaysia","Raw Materials & COGS","43130000","MCOS-Rent and utilities","-2198.55","-1950.17","-2010.27","-2490.67","-2526.81","-36.14","-1.45","-516.54","-25.7","-576.64","-29.57"
"GCFM (Total entity)","Malaysia","Raw Materials & COGS","43133110","MCOS-Fuel and Gas (VC)","-460.96","-447.62","-385.56","-561.49","-610.07","-48.58","-8.65","-224.51","-58.23","-162.45","-36.29"
"GCFM (Total entity)","Malaysia","Raw Materials & COGS","43133120","MCOS-Power, Light and Water (VC)","-938.91","-892.72","-910.06","-1082.63","-991.06","91.57","8.46","-81","-8.9","-98.34","-11.02"
"GCFM (Total entity)","Malaysia","Raw Materials & COGS","43133300","MCOS-Utilities Others (VC)","-11.67","-13.73","-21.4","-13.54","-24.53","-10.99","-81.17","-3.13","-14.63","-10.8","-78.66"
"GCFM (Total entity)","Malaysia","Raw Materials & COGS","43131000","MCOS-Rental Expense Under Operating Lease (FC)","-36.65","-43.31","-45.11","-34.42","-49.19","-14.77","-42.91","-4.08","-9.04","-5.88","-13.58"
"GCFM (Total entity)","Malaysia","Raw Materials & COGS","43133200","MCOS-Repair and Maintenance (FC)","-750.36","-552.79","-648.14","-798.59","-851.95","-53.36","-6.68","-203.81","-31.45","-299.16","-54.12"
"GCFM (Total entity)","Malaysia","Raw Materials & COGS","43140000","MCOS-Leasing Charges (FC)","-23.86","-30.45","-33.7","-94.11","-78.16","15.95","16.95","-44.46","-131.93","-47.71","-156.68"
"GCFM (Total entity)","Malaysia","Raw Materials & COGS","43150000","MCOS-Office and Communication (VC)","-4.34","-2.08","-2.92","-2.64","-2.48","0.16","6.06","0.44","15.07","-0.4","-19.23"
"GCFM (Total entity)","Malaysia","Raw Materials & COGS","43160000","MCOS-Advertising and Promotion (FC)","0","0","0","0","0","0","0","0","0","0","0"
"GCFM (Total entity)","Malaysia","Raw Materials & COGS","43170000","MCOS-Delivery Expenses (VC)","0","0","0","0","0","0","0","0","0","0","0"
"GCFM (Total entity)","Malaysia","Raw Materials & COGS","43180000","MCOS-Insurance Expenses (FC)","-135.84","-139.99","-150.48","-148.78","-117.99","30.79","20.69","32.49","21.59","22","15.72"
"GCFM (Total entity)","Malaysia","Raw Materials & COGS","43190000","MCOS-Professional Fees (FC)","0","0","0","0","0","0","0","0","0","0","0"
"GCFM (Total entity)","Malaysia","Raw Materials & COGS","43200000","MCOS-Allocated Income_Expense IC (FC)","64.66","49.28","76.73","56.17","91.03","34.86","62.06","14.3","18.64","41.75","84.72"
"GCFM (Total entity)","Malaysia","Raw Materials & COGS","43210000","MCOS-Other Operating (Income)_Expense","-311.1","-568.55","-473.15","-576.08","-419.56","156.52","27.17","53.59","11.33","148.99","26.21"
"GCFM (Total entity)","Malaysia","Raw Materials & COGS","43211000","MCOS-(Income)","113.31","125.79","106.24","180.67","185.56","4.89","2.71","79.32","74.66","59.77","47.52"
"GCFM (Total entity)","Malaysia","Raw Materials & COGS","43212100","MCOS-Bank Charges (FC)","0","0","0","0","0","0","0","0","0","0","0"
"GCFM (Total entity)","Malaysia","Raw Materials & COGS","43212200","MCOS-Production Supplies (VC)","0","0","0","0","0","0","0","0","0","0","0"
"GCFM (Total entity)","Malaysia","Raw Materials & COGS","43212300","MCOS-Security and Janitorial Services (FC)","-102.63","-110.52","-116.84","-131.94","-130.03","1.91","1.45","-13.19","-11.29","-19.51","-17.65"
"GCFM (Total entity)","Malaysia","Raw Materials & COGS","43212400","MCOS-Recruitment Expenses (FC)","0","0","0","0","0","0","0","0","0","0","0"
"GCFM (Total entity)","Malaysia","Raw Materials & COGS","43212500","MCOS-Unmatched Professional fees PLUG IC (FC)","0","0","0","0","0","0","0","0","0","0","0"
"GCFM (Total entity)","Malaysia","Raw Materials & COGS","43212610","MCOS-Analysis_testing fee (FC)","-90.3","-75.45","-108.3","-116.26","-125.05","-8.79","-7.56","-16.75","-15.47","-49.6","-65.74"
"GCFM (Total entity)","Malaysia","Raw Materials & COGS","43212620","MCOS-Other taxes (Non-corp. tax) (FC)","0","0","0","0","0","0","0","0","0","0","0"
"GCFM (Total entity)","Malaysia","Raw Materials & COGS","43212630","MCOS-HSE expenses (FC)","-18.31","-22.63","-23.62","-15.47","-14.82","0.65","4.2","8.8","37.26","7.81","34.51"
"GCFM (Total entity)","Malaysia","Raw Materials & COGS","43212640","MCOS-Others (FC)","-213.17","-485.73","-330.64","-493.07","-335.22","157.85","32.01","-4.58","-1.39","150.51","30.99"
"GCFM (Total entity)","Malaysia","Raw Materials & COGS","43212650","MCOS-Toll Manufacturing (FC)","0","0","0","0","0","0","0","0","0","0","0"
"GCFM (Total entity)","Malaysia","Raw Materials & COGS","43212660","MCOS-R&D (FC)","0","0","0","0","0","0","0","0","0","0","0"
"GCFM (Total entity)","Malaysia","Raw Materials & COGS","43212700","MCOS-Unmatched Insurance Expenses PLUG IC (FC)","0","0","0","0","0","0","0","0","0","0","0"
"GCFM (Total entity)","Malaysia","Raw Materials & COGS","43212800","MCOS-Unmatched Rental Expenses PLUG IC (FC)","0","0","0","0","0","0","0","0","0","0","0"
"GCFM (Total entity)","Malaysia","Raw Materials & COGS","43212900","MCOS-Pest Control (FC)","0","0","0","0","0","0","0","0","0","0","0"
"GCFM (Total entity)","Malaysia","Raw Materials & COGS","43220000","MCOS-Lease payment (of Financing Co_Div.) (FC)","0","0","0","0","0","0","0","0","0","0","0"
"GCFM (Total entity)","Malaysia","Raw Materials & COGS","43230000","MCOS-Shared Service Cost (FC)","0","0","0","0","0","0","0","0","0","0","0"
"GCFM (Total entity)","Malaysia","Raw Materials & COGS","43240000","MCOS-Inventory write-offs (FC)","0","0","0","0","0","0","0","0","0","0","0"
"GCFM (Total entity)","Malaysia","Raw Materials & COGS","43250000","MCOS-Depreciation-PPE (FC)","-618.03","-662.38","-974.69","-817.99","-997.32","-179.33","-21.92","-22.63","-2.32","-334.94","-50.57"
"GCFM (Total entity)","Malaysia","Raw Materials & COGS","43350000","MCOS-Depreciation-ROU Asset (PLP) (FC)","-213.96","-246.99","-221.48","-187.72","-220.98","-33.26","-17.72","0.5","0.23","26.01","10.53"
"GCFM (Total entity)","Malaysia","Raw Materials & COGS","43410000","MCOS-Allocated Income_Expense TP","0","0","0","0","0","0","0","0","0","0","0"
"GCFM (Total entity)","Malaysia","Raw Materials & COGS","43400000","MCOS-Inventory Provision","0","0","0","0","0","0","0","0","0","0","0"
"GCFM (Total entity)","Malaysia","Raw Materials & COGS","44000000","STANDARD MCOS","5607.29","7272.83","0","5875.81","0","-5875.81","-100","0","0","-7272.83","-100"
"GCFM (Total entity)","Malaysia","Raw Materials & COGS","44100000","MCOS-Standard-Variable","0","0","0","0","0","0","0","0","0","0","0"
"GCFM (Total entity)","Malaysia","Raw Materials & COGS","44100100","MCOS- Labour @ Std - VC","0","0","0","0","0","0","0","0","0","0","0"
"GCFM (Total entity)","Malaysia","Raw Materials & COGS","44100200","MCOS-Fuel & Electricity @ Std- VC","0","0","0","0","0","0","0","0","0","0","0"
"GCFM (Total entity)","Malaysia","Raw Materials & COGS","44100300","MCOS-Maintenance @ Std - VC","0","0","0","0","0","0","0","0","0","0","0"
"GCFM (Total entity)","Malaysia","Raw Materials & COGS","44200000","MCOS-Standard-Fixed","0","0","0","0","0","0","0","0","0","0","0"
"GCFM (Total entity)","Malaysia","Raw Materials & COGS","44200100","MCOS- Rent @ Std- FC","0","0","0","0","0","0","0","0","0","0","0"
"GCFM (Total entity)","Malaysia","Raw Materials & COGS","44200200","MCOS-Depreciation @ Std - FC","0","0","0","0","0","0","0","0","0","0","0"
"GCFM (Total entity)","Malaysia","Raw Materials & COGS","44200300","MCOS-Others @ Std - FC","0","0","0","0","0","0","0","0","0","0","0"
"GCFM (Total entity)","Malaysia","Raw Materials & COGS","44310000","MCOS-Standard Absorption Cost - Variable","3856.1","5091.69","0","4115.7","0","-4115.7","-100","0","0","-5091.69","-100"
"GCFM (Total entity)","Malaysia","Raw Materials & COGS","44311000","MCOS-Standard Absorption Labour - VC","2039.83","2822.56","0","2279.12","0","-2279.12","-100","0","0","-2822.56","-100"
"GCFM (Total entity)","Malaysia","Raw Materials & COGS","44312000","MCOS-Standard Absorption Fuel & Electricity - VC","1300.03","1586.69","0","1284.06","0","-1284.06","-100","0","0","-1586.69","-100"
"GCFM (Total entity)","Malaysia","Raw Materials & COGS","44313000","MCOS-Standard Absorption Maintenance - VC","516.24","682.44","0","552.52","0","-552.52","-100","0","0","-682.44","-100"
"GCFM (Total entity)","Malaysia","Raw Materials & COGS","44320000","MCOS-Standard Absorption Cost - Fixed","1751.18","2181.14","0","1760.11","0","-1760.11","-100","0","0","-2181.14","-100"
"GCFM (Total entity)","Malaysia","Raw Materials & COGS","44321000","MCOS-Standard Absorption Rent - FC","286.54","295.34","0","237.17","0","-237.17","-100","0","0","-295.34","-100"
"GCFM (Total entity)","Malaysia","Raw Materials & COGS","44322000","MCOS-Standard Absorption Depreciation - FC","782","1038.64","0","840.14","0","-840.14","-100","0","0","-1038.64","-100"
"GCFM (Total entity)","Malaysia","Raw Materials & COGS","44323000","MCOS-Standard Absorption Others - FC","682.64","847.16","0","682.8","0","-682.8","-100","0","0","-847.16","-100"
"GCFM (Total entity)","Malaysia","Raw Materials & COGS","","Total MCOS","-5703.88","-6000.31","-6571.8","-7377.31","-7656.25","-278.94","-3.78","-1084.45","-16.5","-1655.94","-27.6"
"GCFM (Total entity)","Malaysia","Total MCOS & COGS","45000000","Total COGS (where applicable incl IC)","-81502.05","-81309.09","-74969.48","-96597.83","-99272.69","-2674.86","-2.77","-24303.21","-32.42","-17963.6","-22.09"
"GCFM (Total entity)","Malaysia","General","-3881.9638205266","","0","0","0","-5875.81","0","5875.81","100","0","0","0","0"
"GCFM (Total entity)","Malaysia","Raw Materials & COGS","","MCOS-Personnel Expenses (VC)","0","0","0","0","0","0","0","0","0","0","0"
"GCFM (Total entity)","Malaysia","Raw Materials & COGS","","MCOS-Rent and utilities (VC)","0","0","0","0","0","0","0","0","0","0","0"
"GCFM (Total entity)","Malaysia","Raw Materials & COGS","","MCOS-Office and Communication (VC)","0","0","0","0","0","0","0","0","0","0","0"
"GCFM (Total entity)","Malaysia","Raw Materials & COGS","","MCOS-Delivery Expenses (VC)","0","0","0","0","0","0","0","0","0","0","0"
"GCFM (Total entity)","Malaysia","Raw Materials & COGS","","MCOS-Other Operating (Income)_Expense (VC)","0","0","0","0","0","0","0","0","0","0","0"
"GCFM (Total entity)","Malaysia","Raw Materials & COGS","","MCOS- Labour (Standard MCOS) - VC","0","0","0","0","0","0","0","0","0","0","0"
"GCFM (Total entity)","Malaysia","Raw Materials & COGS","","MCOS-Fuel & Electricity (Standard MCOS) - VC","0","0","0","0","0","0","0","0","0","0","0"
"GCFM (Total entity)","Malaysia","Raw Materials & COGS","","MCOS-Maintenance (Standard MCOS) - VC","0","0","0","0","0","0","0","0","0","0","0"
"GCFM (Total entity)","Malaysia","Volume","","VARIABLE COST | MT","0","0","0","0","0","0","0","0","0","0","0"
"GCFM (Total entity)","Malaysia","Raw Materials & COGS","","MCOS-Personnel Expenses (FC)","0","0","0","0","0","0","0","0","0","0","0"
"GCFM (Total entity)","Malaysia","Raw Materials & COGS","","MCOS-Travel and Entertainment (FC)","0","0","0","0","0","0","0","0","0","0","0"
"GCFM (Total entity)","Malaysia","Raw Materials & COGS","","MCOS-Rent and utilities (FC)","0","0","0","0","0","0","0","0","0","0","0"
"GCFM (Total entity)","Malaysia","Raw Materials & COGS","","MCOS-Leasing Charges (FC)","0","0","0","0","0","0","0","0","0","0","0"
"GCFM (Total entity)","Malaysia","Raw Materials & COGS","","MCOS-Advertising and Promotion (FC)","0","0","0","0","0","0","0","0","0","0","0"
"GCFM (Total entity)","Malaysia","Raw Materials & COGS","","MCOS-Insurance Expenses (FC)","0","0","0","0","0","0","0","0","0","0","0"
"GCFM (Total entity)","Malaysia","Raw Materials & COGS","","MCOS-Professional Fees (FC)","0","0","0","0","0","0","0","0","0","0","0"
"GCFM (Total entity)","Malaysia","Raw Materials & COGS","","MCOS-Allocated Income_Expense IC (FC)","0","0","0","0","0","0","0","0","0","0","0"
"GCFM (Total entity)","Malaysia","Raw Materials & COGS","","MCOS-Other Operating (Income)_Expense (FC)","0","0","0","0","0","0","0","0","0","0","0"
"GCFM (Total entity)","Malaysia","Raw Materials & COGS","","MCOS-Lease payment (of Financing Co_Div.) (FC)","0","0","0","0","0","0","0","0","0","0","0"
"GCFM (Total entity)","Malaysia","Raw Materials & COGS","","MCOS-Shared Service Cost (FC)","0","0","0","0","0","0","0","0","0","0","0"
"GCFM (Total entity)","Malaysia","Raw Materials & COGS","","MCOS-Inventory write-offs (FC)","0","0","0","0","0","0","0","0","0","0","0"
"GCFM (Total entity)","Malaysia","Raw Materials & COGS","","MCOS-Depreciation-PPE (FC)","0","0","0","0","0","0","0","0","0","0","0"
"GCFM (Total entity)","Malaysia","Raw Materials & COGS","","MCOS-Depreciation-ROU Asset (PLP) (FC)","0","0","0","0","0","0","0","0","0","0","0"
"GCFM (Total entity)","Malaysia","Raw Materials & COGS","","MCOS- Rent (Standard MCOS) - (FC)","0","0","0","0","0","0","0","0","0","0","0"
"GCFM (Total entity)","Malaysia","Raw Materials & COGS","","MCOS- Depreciation (Standard MCOS) - (FC)","0","0","0","0","0","0","0","0","0","0","0"
"GCFM (Total entity)","Malaysia","Raw Materials & COGS","","MCOS-Others (Standard MCOS) - (VC)","0","0","0","0","0","0","0","0","0","0","0"
"GCFM (Total entity)","Malaysia","Volume","","FIXED COST | MT","0","0","0","0","0","0","0","0","0","0","0"
"GCFM (Total entity)","Malaysia","Headcount","HR_TL","Total Technical HC (incl QA/QC, Formulator, Lab etc)","0","0","0","0","0","0","0","0","0","0","0"
"GCFM (Total entity)","Malaysia","Headcount","HR_OP","Total Operations HC (incl warehousing, weighbridge)","0","0","0","0","0","0","0","0","0","0","0"
"GCFM (Total entity)","Malaysia","Headcount","","Total 'Production Related' HC","0","0","0","0","0","0","0","0","0","0","0"
"GCFM (Total entity)","Malaysia","Revenue","HR_SA","Total Sales Head Count","0.01","0.02","0.02","0.02","0.02","0","0","0","0","0","0"
"GCFM (Total entity)","Malaysia","Headcount","HR_SP","Total Support Head Count","0","0","0","0","0","0","0","0","0","0","0"
"GCFM (Total entity)","Malaysia","Headcount","HR_TOTAL","Total Head Count (Closing balance)","0","0","0","0","0","0","0","0","0","0","0"
"GCFM (Total entity)","Malaysia","KPIs","","IOIC (only TP + RC)","19710.42","17088.99","13021.46","18615.6","16784.08","-1831.52","-9.84","3762.62","28.9","-304.91","-1.78"
"GCFM (Total entity)","Malaysia","Revenue","50000000","Gross Operating Revenue","14092.2","11141.52","6449.65","11239.46","9127.84","-2111.62","-18.79","2678.19","41.52","-2013.68","-18.07"
"GCFM (Total entity)","Malaysia","Revenue","","GOR %","0.19","0.17","0.07","0.1","0.08","-0.02","-20","0.01","14.29","-0.09","-52.94"
"GCFM (Total entity)","Malaysia","Raw Materials & COGS","43251000","MCOS-Depreciation-Leasehold Improvements PPE","-0.15","-0.16","-0.16","-0.17","-0.17","0","0","-0.01","-6.25","-0.01","-6.25"
"GCFM (Total entity)","Malaysia","Raw Materials & COGS","43252000","MCOS-Depreciation-Motor Vehicles PPE","-4.51","-6.34","-6.48","-6.78","-6.76","0.02","0.29","-0.28","-4.32","-0.42","-6.62"
"GCFM (Total entity)","Malaysia","Raw Materials & COGS","43253000","MCOS-Depreciation-Computer Equipment PPE","-6.82","-4.99","-7","-8.12","-10.8","-2.68","-33","-3.8","-54.29","-5.81","-116.43"
"GCFM (Total entity)","Malaysia","Raw Materials & COGS","43254000","MCOS-Depreciation-Furniture and Fixtures PPE","-5.54","-6.31","-10.95","-5.26","-4.09","1.17","22.24","6.86","62.65","2.22","35.18"
"GCFM (Total entity)","Malaysia","Raw Materials & COGS","43255000","MCOS-Depreciation-Others PPE","0","0","0","0","0","0","0","0","0","0","0"
"GCFM (Total entity)","Malaysia","Raw Materials & COGS","43256000","MCOS-Depreciation-Land PPE","0","0","0","0","0","0","0","0","0","0","0"
"GCFM (Total entity)","Malaysia","Raw Materials & COGS","43257000","MCOS-Depreciation-Buildings PPE","-128.79","-138.61","-175.41","-162.38","-180.45","-18.07","-11.13","-5.04","-2.87","-41.84","-30.19"
"GCFM (Total entity)","Malaysia","Raw Materials & COGS","43258000","MCOS-Depreciation-Construction in progress PPE","0","0","0","0","0","0","0","0","0","0","0"
"GCFM (Total entity)","Malaysia","Raw Materials & COGS","43259000","MCOS-Depreciation-Machinery and Equipment PPE","-472.22","-505.97","-774.69","-635.28","-795.05","-159.77","-25.15","-20.36","-2.63","-289.08","-57.13"
"GCFM (Total entity)","Malaysia","Raw Materials & COGS","43260000","MCOS-Depreciation-ERP PPE","0","0","0","0","0","0","0","0","0","0","0"
"GCFM (Total entity)","Malaysia","Raw Materials & COGS","43360000","MCOS-Depreciation-ERP ROU Asset (PLP)","0","0","0","0","0","0","0","0","0","0","0"
"GCFM (Total entity)","Malaysia","Raw Materials & COGS","43350000","MCOS-Depreciation-ROU Asset (PLP)","-213.96","-246.99","-221.48","-187.72","-220.98","-33.26","-17.72","0.5","0.23","26.01","10.53"
"GCFM (Total entity)","Malaysia","Raw Materials & COGS","","Total MCOS - Depreciation","-831.99","-909.37","-1196.17","-1005.71","-1218.3","-212.59","-21.14","-22.13","-1.85","-308.93","-33.97"
"Total Vietnam","Vietnam","Volume","Unit Sales - TP_Feed","Unit Sales - TP (Feed)","567886.22","650045.49","624832","695361.11","704346.8","8985.69","1.29","79514.8","12.73","54301.31","8.35"
"Total Vietnam","Vietnam","Volume","Unit Sales - IC_Feed","Unit Sales - IC (Feed)","66583.34","28956.24","10416","25467.04","18834","-6633.04","-26.05","8418","80.82","-10122.24","-34.96"
"Total Vietnam","Vietnam","Volume","Unit Sales - RC_Feed","Unit Sales - RC (Feed)","1864.76","2049.7","2140.18","3194.27","3139.45","-54.82","-1.72","999.27","46.69","1089.75","53.17"
"Total Vietnam","Vietnam","Volume","Total Unit Sales_Feed","Total Unit Sales (Feed)","636334.32","681051.43","637388.18","724022.41","726320.25","2297.84","0.32","88932.07","13.95","45268.82","6.65"
"Total Vietnam","Vietnam","Volume","Unit Sales - TP_CT","Unit Sales - TP (CT)","32.02","0.93","0","19.78","0","-19.78","-100","0","0","-0.93","-100"
"Total Vietnam","Vietnam","Volume","Unit Sales - RC_CT","Unit Sales - RC (CT)","505.66","0","0","0","0","0","0","0","0","0","0"
"Total Vietnam","Vietnam","Volume","Unit Sales - TP_DOC","Unit Sales - TP (DOC)","0","0","0","0","0","0","0","0","0","0","0"
"Total Vietnam","Vietnam","Volume","","Total Volumes (MT) Feed + CT (TP +RC)","570288.66","652096.12","626972.18","698575.16","707486.25","8911.09","1.28","80514.07","12.84","55390.13","8.49"
"Total Vietnam","Vietnam","Volume","","Total Volumes (MT) - Feed only","569750.99","652095.19","626972.18","698555.38","707486.25","8930.87","1.28","80514.07","12.84","55391.06","8.49"
"Total Vietnam","Vietnam","Revenue","41011000","Gross Sales TP","294237.21","313703.09","309299.26","341289.58","365202.74","23913.16","7.01","55903.48","18.07","51499.65","16.42"
"Total Vietnam","Vietnam","Revenue","41012200","Gross Sales RC","2123.8","1960.33","1877.33","2782.09","2730.26","-51.83","-1.86","852.93","45.43","769.93","39.28"
"Total Vietnam","Vietnam","Revenue","41021000","Concession TP","-37433.65","-39857.94","-35849.21","-36797.75","-38742.98","-1945.23","-5.29","-2893.77","-8.07","1114.96","2.8"
"Total Vietnam","Vietnam","Revenue","41022500","Concession RC","0","0","0","0","0","0","0","0","0","0","0"
"Total Vietnam","Vietnam","Revenue","Net Sales TP","Net Sales TP","256803.56","273845.15","273450.05","304491.83","326459.76","21967.93","7.21","53009.71","19.39","52614.61","19.21"
"Total Vietnam","Vietnam","Revenue","Net Sales RC","Net Sales RC","2123.8","1960.33","1877.33","2782.09","2730.26","-51.83","-1.86","852.93","45.43","769.93","39.28"
"Total Vietnam","Vietnam","Revenue","","Total Net Sales (TP + RC)","258927.37","275805.48","275327.38","307273.92","329190.02","21916.1","7.13","53862.64","19.56","53384.54","19.36"
"Total Vietnam","Vietnam","Revenue","Net Sales IC","Net Sales IC","151.14","18.75","0","0.24","0","-0.24","-100","0","0","-18.75","-100"
"Total Vietnam","Vietnam","Revenue","","Total Net Sales (incl IC)","259078.51","275824.23","275327.38","307274.17","329190.02","21915.85","7.13","53862.64","19.56","53365.79","19.35"
"Total Vietnam","Vietnam","Raw Materials & COGS","42210000","Material Cost","-208240.59","-224743.77","-223405.27","-252103.26","-272003.61","-19900.35","-7.89","-48598.34","-21.75","-47259.84","-21.03"
"Total Vietnam","Vietnam","Raw Materials & COGS","42229110","Variance - Purchase Price","-254.6","-701.16","-107.47","-216.49","-70.71","145.78","67.34","36.76","34.2","630.45","89.92"
"Total Vietnam","Vietnam","Raw Materials & COGS","42211000","Raw Material COS","-161.82","-2.68","0","-6.06","0","6.06","100","0","0","2.68","100"
"Total Vietnam","Vietnam","Raw Materials & COGS","42212000","Packing Material COS","-4774.38","-5075.22","-4847.26","-5878.76","-6257.62","-378.86","-6.44","-1410.36","-29.1","-1182.4","-23.3"
"Total Vietnam","Vietnam","Raw Materials & COGS","42213000","Finished Goods/Direct Purchase COS","-200316.32","-216788.31","-216952.23","-244607.68","-264016.67","-19408.99","-7.93","-47064.44","-21.69","-47228.36","-21.79"
"Total Vietnam","Vietnam","General","42214000","Provision for Stock Adjustment","-32.49","6","0","-0.04","0","0.04","100","0","0","-6","-100"
"Total Vietnam","Vietnam","Raw Materials & COGS","42215000","Exchange Differece COS","0.08","0","0","0","0","0","0","0","0","0","0"
"Total Vietnam","Vietnam","Revenue","42216000","Sales Of Raw and Packing materials","0","0","0","0","0","0","0","0","0","0","0"
"Total Vietnam","Vietnam","Raw Materials & COGS","42217000","Modified Direct purchase COS","0","0","0","0","0","0","0","0","0","0","0"
"Total Vietnam","Vietnam","Raw Materials & COGS","42218000","Physical Inventory Loss","-772.5","-862.89","-771.43","-851.99","-868.11","-16.12","-1.89","-96.68","-12.53","-5.22","-0.6"
"Total Vietnam","Vietnam","Raw Materials & COGS","42219000","Production yield_usage variance","-1928.55","-1319.52","-726.88","-542.24","-790.48","-248.24","-45.78","-63.6","-8.75","529.04","40.09"
"Total Vietnam","Vietnam","Raw Materials & COGS","42230000","Consignment COS","0","0","0","0","0","0","0","0","0","0","0"
"Total Vietnam","Vietnam","Raw Materials & COGS","42250000","COS IC","-95.11","-18.12","0","-0.24","0","0.24","100","0","0","18.12","100"
"Total Vietnam","Vietnam","Revenue","42260000","Cost of sales IC Elimination","2365.54","1679.2","633.02","1398.28","1069.99","-328.29","-23.48","436.97","69.03","-609.21","-36.28"
"Total Vietnam","Vietnam","Raw Materials & COGS","42270000","COS RC","-1278.93","-1176.19","-1282.65","-1935.71","-1968.45","-32.74","-1.69","-685.8","-53.47","-792.26","-67.36"
"Total Vietnam","Vietnam","Raw Materials & COGS","48000000","Cost of Services","0","0","0","0","0","0","0","0","0","0","0"
"Total Vietnam","Vietnam","Raw Materials & COGS","","Total Raw Materials Costs","-207249.09","-224258.89","-224054.91","-252640.93","-272902.07","-20261.14","-8.02","-48847.16","-21.8","-48643.18","-21.69"
"Total Vietnam","Vietnam","Raw Materials & COGS","43000000","ACTUAL MCOS","-14289.43","-14151.63","-13603.68","-15343.36","-15587.93","-244.57","-1.59","-1984.25","-14.59","-1436.3","-10.15"
"Total Vietnam","Vietnam","Raw Materials & COGS","43110000","MCOS-Personnel Expenses","-4813.63","-4953.1","-5194.88","-5274.07","-5591.15","-317.08","-6.01","-396.27","-7.63","-638.05","-12.88"
"Total Vietnam","Vietnam","Raw Materials & COGS","43116000","MCOS-Transportation Expenses (VC)","-4.1","-5.2","-7.66","-6.27","-6.02","0.25","3.99","1.64","21.41","-0.82","-15.77"
"Total Vietnam","Vietnam","Raw Materials & COGS","43115000","MCOS-Contractual Employees & Others (VC)","-477.23","-401.57","-476.52","-506.33","-605.19","-98.86","-19.52","-128.67","-27","-203.62","-50.71"
"Total Vietnam","Vietnam","Raw Materials & COGS","43111120","MCOS-Contract staff (VC)","0","0","0","0","0","0","0","0","0","0","0"
"Total Vietnam","Vietnam","Raw Materials & COGS","43111130","MCOS-Contractual bonus (VC)","-152.48","-158.05","-170.5","-170.27","-185.21","-14.94","-8.77","-14.71","-8.63","-27.16","-17.18"
"Total Vietnam","Vietnam","Raw Materials & COGS","43111140","MCOS-Commission (VC)","0","0","0","0","0","0","0","0","0","0","0"
"Total Vietnam","Vietnam","Raw Materials & COGS","43111200","MCOS-Discretionary Bonus (VC)","-330.06","-419.96","-271.72","-310.52","-295.2","15.32","4.93","-23.48","-8.64","124.76","29.71"
"Total Vietnam","Vietnam","Raw Materials & COGS","43111320","MCOS-Overtime Variable Cost (VC)","-703.86","-760.69","-697.49","-818.02","-853.97","-35.95","-4.39","-156.48","-22.43","-93.28","-12.26"
"Total Vietnam","Vietnam","Raw Materials & COGS","43111110","MCOS-Salaries (FC)","-2109.5","-1931.45","-2040.89","-2047.59","-2217.34","-169.75","-8.29","-176.45","-8.65","-285.89","-14.8"
"Total Vietnam","Vietnam","Raw Materials & COGS","43111310","MCOS-Overtime Fixed Cost (FC)","0","0","0","0","0","0","0","0","0","0","0"
"Total Vietnam","Vietnam","Raw Materials & COGS","43112000","MCOS-Personnel Allowances (FC)","-580.57","-791.7","-1010.28","-903.45","-871.82","31.63","3.5","138.46","13.71","-80.12","-10.12"
"Total Vietnam","Vietnam","Raw Materials & COGS","43113000","MCOS-Social Benefits (FC)","-453.25","-478.27","-500.65","-497.84","-536.26","-38.42","-7.72","-35.61","-7.11","-57.99","-12.12"
"Total Vietnam","Vietnam","Raw Materials & COGS","43114000","MCOS-Employee Training (FC)","-2.57","-6.2","-19.17","-13.76","-20.13","-6.37","-46.29","-0.96","-5.01","-13.93","-224.68"
"Total Vietnam","Vietnam","Raw Materials & COGS","43120000","MCOS-Travel and Entertainment (FC)","-61.07","-53.76","-81.88","-42.35","-78.38","-36.03","-85.08","3.5","4.27","-24.62","-45.8"
"Total Vietnam","Vietnam","Raw Materials & COGS","43130000","MCOS-Rent and utilities","-4224.31","-4419.83","-4143.72","-4612.74","-4695.63","-82.89","-1.8","-551.91","-13.32","-275.8","-6.24"
"Total Vietnam","Vietnam","Raw Materials & COGS","43133110","MCOS-Fuel and Gas (VC)","-951.64","-963.2","-935.19","-1107.68","-1200.18","-92.5","-8.35","-264.99","-28.34","-236.98","-24.6"
"Total Vietnam","Vietnam","Raw Materials & COGS","43133120","MCOS-Power, Light and Water (VC)","-1967.18","-2181.96","-2079.67","-2213","-2180.37","32.63","1.47","-100.7","-4.84","1.59","0.07"
"Total Vietnam","Vietnam","Raw Materials & COGS","43133300","MCOS-Utilities Others (VC)","-82.72","-71.63","-71.93","-77.79","-65.92","11.87","15.26","6.01","8.36","5.71","7.97"
"Total Vietnam","Vietnam","Raw Materials & COGS","43131000","MCOS-Rental Expense Under Operating Lease (FC)","-6.94","0","0","-0.95","0","0.95","100","0","0","0","0"
"Total Vietnam","Vietnam","Raw Materials & COGS","43133200","MCOS-Repair and Maintenance (FC)","-1215.83","-1203.04","-1056.93","-1213.32","-1249.16","-35.84","-2.95","-192.23","-18.19","-46.12","-3.83"
"Total Vietnam","Vietnam","Raw Materials & COGS","43140000","MCOS-Leasing Charges (FC)","-251.06","-109.27","-105.2","-122.5","-164.15","-41.65","-34","-58.95","-56.04","-54.88","-50.22"
"Total Vietnam","Vietnam","Raw Materials & COGS","43150000","MCOS-Office and Communication (VC)","-33.53","-38.61","-28.21","-24.08","-23","1.08","4.49","5.21","18.47","15.61","40.43"
"Total Vietnam","Vietnam","Raw Materials & COGS","43160000","MCOS-Advertising and Promotion (FC)","0","0","0","0","0","0","0","0","0","0","0"
"Total Vietnam","Vietnam","Raw Materials & COGS","43170000","MCOS-Delivery Expenses (VC)","-12.51","-16.69","-16.15","-85.22","-110.95","-25.73","-30.19","-94.8","-587","-94.26","-564.77"
"Total Vietnam","Vietnam","Raw Materials & COGS","43180000","MCOS-Insurance Expenses (FC)","-218.83","-162.89","-184.87","-195.21","-181.08","14.13","7.24","3.79","2.05","-18.19","-11.17"
"Total Vietnam","Vietnam","Raw Materials & COGS","43190000","MCOS-Professional Fees (FC)","-0.56","0","0","-19.3","-1.64","17.66","91.5","-1.64","0","-1.64","0"
"Total Vietnam","Vietnam","Raw Materials & COGS","43200000","MCOS-Allocated Income_Expense IC (FC)","21.22","0","0","-7.53","0","7.53","100","0","0","0","0"
"Total Vietnam","Vietnam","Raw Materials & COGS","43210000","MCOS-Other Operating (Income)_Expense","-1789.98","-1269.6","-869.69","-2059.45","-1893.8","165.65","8.04","-1024.11","-117.76","-624.2","-49.17"
"Total Vietnam","Vietnam","Raw Materials & COGS","43211000","MCOS-(Income)","0","0","0","0","0","0","0","0","0","0","0"
"Total Vietnam","Vietnam","Raw Materials & COGS","43212100","MCOS-Bank Charges (FC)","0","0","0","0","0","0","0","0","0","0","0"
"Total Vietnam","Vietnam","Raw Materials & COGS","43212200","MCOS-Production Supplies (VC)","-27.88","-34.74","-33.65","-34.43","-34.27","0.16","0.46","-0.62","-1.84","0.47","1.35"
"Total Vietnam","Vietnam","Raw Materials & COGS","43212300","MCOS-Security and Janitorial Services (FC)","-26.78","-42.06","-46.52","-49.54","-49.64","-0.1","-0.2","-3.12","-6.71","-7.58","-18.02"
"Total Vietnam","Vietnam","Raw Materials & COGS","43212400","MCOS-Recruitment Expenses (FC)","-1.52","-0.67","0","-0.84","-0.9","-0.06","-7.14","-0.9","0","-0.23","-34.33"
"Total Vietnam","Vietnam","Raw Materials & COGS","43212500","MCOS-Unmatched Professional fees PLUG IC (FC)","0","0","0","0","0","0","0","0","0","0","0"
"Total Vietnam","Vietnam","Raw Materials & COGS","43212610","MCOS-Analysis_testing fee (FC)","-60.27","-41.77","-20.51","-40.28","-35.85","4.43","11","-15.34","-74.79","5.92","14.17"
"Total Vietnam","Vietnam","Raw Materials & COGS","43212620","MCOS-Other taxes (Non-corp. tax) (FC)","0","0","0","0","0","0","0","0","0","0","0"
"Total Vietnam","Vietnam","Raw Materials & COGS","43212630","MCOS-HSE expenses (FC)","-159.91","-184.1","-247.93","-202.69","-302.41","-99.72","-49.2","-54.48","-21.97","-118.31","-64.26"
"Total Vietnam","Vietnam","Raw Materials & COGS","43212640","MCOS-Others (FC)","-560.9","-397.71","-381.25","-375.15","-330.77","44.38","11.83","50.48","13.24","66.94","16.83"
"Total Vietnam","Vietnam","Raw Materials & COGS","43212650","MCOS-Toll Manufacturing (FC)","-952.72","-568.55","-139.83","-1356.52","-1139.95","216.57","15.97","-1000.12","-715.24","-571.4","-100.5"
"Total Vietnam","Vietnam","Raw Materials & COGS","43212660","MCOS-R&D (FC)","0","0","0","0","0","0","0","0","0","0","0"
"Total Vietnam","Vietnam","Raw Materials & COGS","43212700","MCOS-Unmatched Insurance Expenses PLUG IC (FC)","0","0","0","0","0","0","0","0","0","0","0"
"Total Vietnam","Vietnam","Raw Materials & COGS","43212800","MCOS-Unmatched Rental Expenses PLUG IC (FC)","0","0","0","0","0","0","0","0","0","0","0"
"Total Vietnam","Vietnam","Raw Materials & COGS","43212900","MCOS-Pest Control (FC)","0","0","0","0","0","0","0","0","0","0","0"
"Total Vietnam","Vietnam","Raw Materials & COGS","43220000","MCOS-Lease payment (of Financing Co_Div.) (FC)","0","0","0","0","0","0","0","0","0","0","0"
"Total Vietnam","Vietnam","Raw Materials & COGS","43230000","MCOS-Shared Service Cost (FC)","0","0","0","0","0","0","0","0","0","0","0"
"Total Vietnam","Vietnam","Raw Materials & COGS","43240000","MCOS-Inventory write-offs (FC)","0","0","0","0","0","0","0","0","0","0","0"
"Total Vietnam","Vietnam","Raw Materials & COGS","43250000","MCOS-Depreciation-PPE (FC)","-2751.37","-3012.41","-2867.27","-2787.62","-2735.64","51.98","1.86","131.63","4.59","276.77","9.19"
"Total Vietnam","Vietnam","Raw Materials & COGS","43350000","MCOS-Depreciation-ROU Asset (PLP) (FC)","-153.8","-115.47","-111.81","-113.3","-112.51","0.79","0.7","-0.7","-0.63","2.96","2.56"
"Total Vietnam","Vietnam","Raw Materials & COGS","43410000","MCOS-Allocated Income_Expense TP","0","0","0","0","0","0","0","0","0","0","0"
"Total Vietnam","Vietnam","Raw Materials & COGS","43400000","MCOS-Inventory Provision","0","0","0","0","0","0","0","0","0","0","0"
"Total Vietnam","Vietnam","Raw Materials & COGS","44000000","STANDARD MCOS","-1158.35","-987.72","-562.97","-1023.84","-946.32","77.52","7.57","-383.35","-68.09","41.4","4.19"
"Total Vietnam","Vietnam","Raw Materials & COGS","44100000","MCOS-Standard-Variable","-5961.98","-6258.3","-3481.91","-5569.87","-3822.03","1747.84","31.38","-340.12","-9.77","2436.27","38.93"
"Total Vietnam","Vietnam","Raw Materials & COGS","44100100","MCOS- Labour @ Std - VC","-4833.97","-4958.13","-2815.82","-4334","-2947.12","1386.88","32","-131.3","-4.66","2011.01","40.56"
"Total Vietnam","Vietnam","Raw Materials & COGS","44100200","MCOS-Fuel & Electricity @ Std- VC","0","0","0","0","0","0","0","0","0","0","0"
"Total Vietnam","Vietnam","Raw Materials & COGS","44100300","MCOS-Maintenance @ Std - VC","-1128","-1300.17","-666.09","-1235.86","-874.91","360.95","29.21","-208.82","-31.35","425.26","32.71"
"Total Vietnam","Vietnam","Raw Materials & COGS","44200000","MCOS-Standard-Fixed","0","0","0","0","0","0","0","0","0","0","0"
"Total Vietnam","Vietnam","Raw Materials & COGS","44200100","MCOS- Rent @ Std- FC","0","0","0","0","0","0","0","0","0","0","0"
"Total Vietnam","Vietnam","Raw Materials & COGS","44200200","MCOS-Depreciation @ Std - FC","0","0","0","0","0","0","0","0","0","0","0"
"Total Vietnam","Vietnam","Raw Materials & COGS","44200300","MCOS-Others @ Std - FC","0","0","0","0","0","0","0","0","0","0","0"
"Total Vietnam","Vietnam","Raw Materials & COGS","44310000","MCOS-Standard Absorption Cost - Variable","5176.89","5587.35","3191.45","4766.78","3273.85","-1492.93","-31.32","82.4","2.58","-2313.5","-41.41"
"Total Vietnam","Vietnam","Raw Materials & COGS","44311000","MCOS-Standard Absorption Labour - VC","4420.29","4655.4","2691.07","4014.53","2678.15","-1336.38","-33.29","-12.92","-0.48","-1977.25","-42.47"
"Total Vietnam","Vietnam","Raw Materials & COGS","44312000","MCOS-Standard Absorption Fuel & Electricity - VC","-260.62","-238.78","-93.36","-356.63","-156.17","200.46","56.21","-62.81","-67.28","82.61","34.6"
"Total Vietnam","Vietnam","Raw Materials & COGS","44313000","MCOS-Standard Absorption Maintenance - VC","1017.22","1170.73","593.74","1108.88","751.87","-357.01","-32.2","158.13","26.63","-418.86","-35.78"
"Total Vietnam","Vietnam","Raw Materials & COGS","44320000","MCOS-Standard Absorption Cost - Fixed","-373.27","-316.77","-272.51","-220.75","-398.14","-177.39","-80.36","-125.63","-46.1","-81.37","-25.69"
"Total Vietnam","Vietnam","Raw Materials & COGS","44321000","MCOS-Standard Absorption Rent - FC","-54.47","-2.61","0","-1.52","0","1.52","100","0","0","2.61","100"
"Total Vietnam","Vietnam","Raw Materials & COGS","44322000","MCOS-Standard Absorption Depreciation - FC","-178.66","-256.69","-86.22","-167.85","-109.59","58.26","34.71","-23.37","-27.11","147.1","57.31"
"Total Vietnam","Vietnam","Raw Materials & COGS","44323000","MCOS-Standard Absorption Others - FC","-140.14","-57.47","-186.29","-51.38","-288.55","-237.17","-461.6","-102.26","-54.89","-231.08","-402.09"
"Total Vietnam","Vietnam","Raw Materials & COGS","","Total MCOS","-15447.78","-15139.35","-14166.65","-16367.2","-16534.25","-167.05","-1.02","-2367.6","-16.71","-1394.9","-9.21"
"Total Vietnam","Vietnam","Total MCOS & COGS","45000000","Total COGS (where applicable incl IC)","-222696.87","-239398.24","-238221.56","-269008.13","-289436.32","-20428.19","-7.59","-51214.76","-21.5","-50038.08","-20.9"
"Total Vietnam","Vietnam","General","1.19484866445418E-10","","0","0","0","0","0","0","0","0","0","0","0"
"Total Vietnam","Vietnam","Raw Materials & COGS","","MCOS-Personnel Expenses (VC)","0","0","0","0","0","0","0","0","0","0","0"
"Total Vietnam","Vietnam","Raw Materials & COGS","","MCOS-Rent and utilities (VC)","0","0","0","0","0","0","0","0","0","0","0"
"Total Vietnam","Vietnam","Raw Materials & COGS","","MCOS-Office and Communication (VC)","0","0","0","0","0","0","0","0","0","0","0"
"Total Vietnam","Vietnam","Raw Materials & COGS","","MCOS-Delivery Expenses (VC)","0","0","0","0","0","0","0","0","0","0","0"
"Total Vietnam","Vietnam","Raw Materials & COGS","","MCOS-Other Operating (Income)_Expense (VC)","0","0","0","0","0","0","0","0","0","0","0"
"Total Vietnam","Vietnam","Raw Materials & COGS","","MCOS- Labour (Standard MCOS) - VC","0","0","0","0","0","0","0","0","0","0","0"
"Total Vietnam","Vietnam","Raw Materials & COGS","","MCOS-Fuel & Electricity (Standard MCOS) - VC","0","0","0","0","0","0","0","0","0","0","0"
"Total Vietnam","Vietnam","Raw Materials & COGS","","MCOS-Maintenance (Standard MCOS) - VC","0","0","0","0","0","0","0","0","0","0","0"
"Total Vietnam","Vietnam","Volume","","VARIABLE COST | MT","0","0","0","0","0","0","0","0","0","0","0"
"Total Vietnam","Vietnam","Raw Materials & COGS","","MCOS-Personnel Expenses (FC)","0","0","0","0","0","0","0","0","0","0","0"
"Total Vietnam","Vietnam","Raw Materials & COGS","","MCOS-Travel and Entertainment (FC)","0","0","0","0","0","0","0","0","0","0","0"
"Total Vietnam","Vietnam","Raw Materials & COGS","","MCOS-Rent and utilities (FC)","0","0","0","0","0","0","0","0","0","0","0"
"Total Vietnam","Vietnam","Raw Materials & COGS","","MCOS-Leasing Charges (FC)","0","0","0","0","0","0","0","0","0","0","0"
"Total Vietnam","Vietnam","Raw Materials & COGS","","MCOS-Advertising and Promotion (FC)","0","0","0","0","0","0","0","0","0","0","0"
"Total Vietnam","Vietnam","Raw Materials & COGS","","MCOS-Insurance Expenses (FC)","0","0","0","0","0","0","0","0","0","0","0"
"Total Vietnam","Vietnam","Raw Materials & COGS","","MCOS-Professional Fees (FC)","0","0","0","0","0","0","0","0","0","0","0"
"Total Vietnam","Vietnam","Raw Materials & COGS","","MCOS-Allocated Income_Expense IC (FC)","0","0","0","0","0","0","0","0","0","0","0"
"Total Vietnam","Vietnam","Raw Materials & COGS","","MCOS-Other Operating (Income)_Expense (FC)","0","0","0","0","0","0","0","0","0","0","0"
"Total Vietnam","Vietnam","Raw Materials & COGS","","MCOS-Lease payment (of Financing Co_Div.) (FC)","0","0","0","0","0","0","0","0","0","0","0"
"Total Vietnam","Vietnam","Raw Materials & COGS","","MCOS-Shared Service Cost (FC)","0","0","0","0","0","0","0","0","0","0","0"
"Total Vietnam","Vietnam","Raw Materials & COGS","","MCOS-Inventory write-offs (FC)","0","0","0","0","0","0","0","0","0","0","0"
"Total Vietnam","Vietnam","Raw Materials & COGS","","MCOS-Depreciation-PPE (FC)","0","0","0","0","0","0","0","0","0","0","0"
"Total Vietnam","Vietnam","Raw Materials & COGS","","MCOS-Depreciation-ROU Asset (PLP) (FC)","0","0","0","0","0","0","0","0","0","0","0"
"Total Vietnam","Vietnam","Raw Materials & COGS","","MCOS- Rent (Standard MCOS) - (FC)","0","0","0","0","0","0","0","0","0","0","0"
"Total Vietnam","Vietnam","Raw Materials & COGS","","MCOS- Depreciation (Standard MCOS) - (FC)","0","0","0","0","0","0","0","0","0","0","0"
"Total Vietnam","Vietnam","Raw Materials & COGS","","MCOS-Others (Standard MCOS) - (VC)","0","0","0","0","0","0","0","0","0","0","0"
"Total Vietnam","Vietnam","Volume","","FIXED COST | MT","0","0","0","0","0","0","0","0","0","0","0"
"Total Vietnam","Vietnam","Headcount","HR_TL","Total Technical HC (incl QA/QC, Formulator, Lab etc)","0","0.04","0","0","0","0","0","0","0","-0.04","-100"
"Total Vietnam","Vietnam","Headcount","HR_OP","Total Operations HC (incl warehousing, weighbridge)","0","0.12","0","0","0","0","0","0","0","-0.12","-100"
"Total Vietnam","Vietnam","Headcount","","Total 'Production Related' HC","0","0.16","0","0","0","0","0","0","0","-0.16","-100"
"Total Vietnam","Vietnam","Revenue","HR_SA","Total Sales Head Count","0.28","0.3","0.32","0.33","0.33","0","0","0.01","3.12","0.03","10"
"Total Vietnam","Vietnam","Headcount","HR_SP","Total Support Head Count","0","0.04","0","0","0","0","0","0","0","-0.04","-100"
"Total Vietnam","Vietnam","Headcount","HR_TOTAL","Total Head Count (Closing balance)","0","0.28","0","0.01","0","-0.01","-100","0","0","-0.28","-100"
"Total Vietnam","Vietnam","KPIs","","IOIC (only TP + RC)","49407.85","49885.51","50639.45","53234.95","55217.96","1983.01","3.73","4578.51","9.04","5332.45","10.69"
"Total Vietnam","Vietnam","Revenue","50000000","Gross Operating Revenue","36381.64","36425.99","37105.82","38266.04","39753.7","1487.66","3.89","2647.88","7.14","3327.71","9.14"
"Total Vietnam","Vietnam","Revenue","","GOR %","0.15","0.15","0.14","0.12","0.12","0","0","-0.02","-14.29","-0.03","-20"
"Total Vietnam","Vietnam","Raw Materials & COGS","43251000","MCOS-Depreciation-Leasehold Improvements PPE","0","0","0","0","0","0","0","0","0","0","0"
"Total Vietnam","Vietnam","Raw Materials & COGS","43252000","MCOS-Depreciation-Motor Vehicles PPE","-8.45","-19.26","-29.63","-25.93","-26.5","-0.57","-2.2","3.13","10.56","-7.24","-37.59"
"Total Vietnam","Vietnam","Raw Materials & COGS","43253000","MCOS-Depreciation-Computer Equipment PPE","-4.93","-7.65","-9.11","-12.51","-14.78","-2.27","-18.15","-5.67","-62.24","-7.13","-93.2"
"Total Vietnam","Vietnam","Raw Materials & COGS","43254000","MCOS-Depreciation-Furniture and Fixtures PPE","-6.55","-6.5","-6.59","-6.59","-6.42","0.17","2.58","0.17","2.58","0.08","1.23"
"Total Vietnam","Vietnam","Raw Materials & COGS","43255000","MCOS-Depreciation-Others PPE","-73.92","-80.47","-63.68","-64.61","-58.28","6.33","9.8","5.4","8.48","22.19","27.58"
"Total Vietnam","Vietnam","Raw Materials & COGS","43256000","MCOS-Depreciation-Land PPE","0","0","0","0","0","0","0","0","0","0","0"
"Total Vietnam","Vietnam","Raw Materials & COGS","43257000","MCOS-Depreciation-Buildings PPE","-909.74","-982.53","-970.02","-967.65","-889.22","78.43","8.11","80.8","8.33","93.31","9.5"
"Total Vietnam","Vietnam","Raw Materials & COGS","43258000","MCOS-Depreciation-Construction in progress PPE","0","0","0","0","0","0","0","0","0","0","0"
"Total Vietnam","Vietnam","Raw Materials & COGS","43259000","MCOS-Depreciation-Machinery and Equipment PPE","-1747.78","-1916","-1788.24","-1710.34","-1740.45","-30.11","-1.76","47.79","2.67","175.55","9.16"
"Total Vietnam","Vietnam","Raw Materials & COGS","43260000","MCOS-Depreciation-ERP PPE","0","0","0","0","0","0","0","0","0","0","0"
"Total Vietnam","Vietnam","Raw Materials & COGS","43360000","MCOS-Depreciation-ERP ROU Asset (PLP)","0","0","0","0","0","0","0","0","0","0","0"
"Total Vietnam","Vietnam","Raw Materials & COGS","43350000","MCOS-Depreciation-ROU Asset (PLP)","-153.8","-115.47","-111.81","-113.3","-112.51","0.79","0.7","-0.7","-0.63","2.96","2.56"
"Total Vietnam","Vietnam","Raw Materials & COGS","","Total MCOS - Depreciation","-2905.17","-3127.88","-2979.08","-2900.91","-2848.14","52.77","1.82","130.94","4.4","279.74","8.94"
"GCTI","Shrimp","Volume","Unit Sales - TP_Feed","Unit Sales - TP (Feed)","0","0","0","-25761914820","-25761914820","0","0","-25761914820","0","-25761914820","0"
"GCTI","Shrimp","Volume","Unit Sales - IC_Feed","Unit Sales - IC (Feed)","0","0","0","-25761914820","-25761914820","0","0","-25761914820","0","-25761914820","0"
"GCTI","Shrimp","Volume","Unit Sales - RC_Feed","Unit Sales - RC (Feed)","0","0","0","-25761914820","-25761914820","0","0","-25761914820","0","-25761914820","0"
"GCTI","Shrimp","Volume","Total Unit Sales_Feed","Total Unit Sales (Feed)","0","0","0","-25761914820","-25761914820","0","0","-25761914820","0","-25761914820","0"
"GCTI","Shrimp","Volume","Unit Sales - TP_CT","Unit Sales - TP (CT)","0","0","0","-25761914820","-25761914820","0","0","-25761914820","0","-25761914820","0"
"GCTI","Shrimp","Volume","Unit Sales - RC_CT","Unit Sales - RC (CT)","0","0","0","-25761914820","-25761914820","0","0","-25761914820","0","-25761914820","0"
"GCTI","Shrimp","Volume","Unit Sales - TP_DOC","Unit Sales - TP (DOC)","0","0","0","-25761914820","-25761914820","0","0","-25761914820","0","-25761914820","0"
"GCTI","Shrimp","Volume","","Total Volumes (MT) Feed + CT (TP +RC)","0","0","0","-25761914820","-25761914820","0","0","-25761914820","0","-25761914820","0"
"GCTI","Shrimp","Volume","","Total Volumes (MT) - Feed only","0","0","0","-25761914820","-25761914820","0","0","-25761914820","0","-25761914820","0"
"GCTI","Shrimp","Revenue","41011000","Gross Sales TP","0","34.87","0","-25761914820","-25761914820","0","0","-25761914820","0","-25761914854.87","-73879882004.22"
"GCTI","Shrimp","Revenue","41012200","Gross Sales RC","0","0","0","-25761914820","-25761914820","0","0","-25761914820","0","-25761914820","0"
"GCTI","Shrimp","Revenue","41021000","Concession TP","0","0","0","-25761914820","-25761914820","0","0","-25761914820","0","-25761914820","0"
"GCTI","Shrimp","Revenue","41022500","Concession RC","0","0","0","-25761914820","-25761914820","0","0","-25761914820","0","-25761914820","0"
"GCTI","Shrimp","Revenue","Net Sales TP","Net Sales TP","0","34.87","0","-25761914820","-25761914820","0","0","-25761914820","0","-25761914854.87","-73879882004.22"
"GCTI","Shrimp","Revenue","Net Sales RC","Net Sales RC","0","0","0","-25761914820","-25761914820","0","0","-25761914820","0","-25761914820","0"
"GCTI","Shrimp","Revenue","","Total Net Sales (TP + RC)","0","34.87","0","-25761914820","-25761914820","0","0","-25761914820","0","-25761914854.87","-73879882004.22"
"GCTI","Shrimp","Revenue","Net Sales IC","Net Sales IC","0","0","0","-25761914820","-25761914820","0","0","-25761914820","0","-25761914820","0"
"GCTI","Shrimp","Revenue","","Total Net Sales (incl IC)","0","34.87","0","-25761914820","-25761914820","0","0","-25761914820","0","-25761914854.87","-73879882004.22"
"GCTI","Shrimp","Raw Materials & COGS","42210000","Material Cost","0","-33.82","0","-25761914820","-25761914820","0","0","-25761914820","0","-25761914786.18","-76173609657.54"
"GCTI","Shrimp","Raw Materials & COGS","42229110","Variance - Purchase Price","-25761914820","-25761914820","-25761914820","-25761914820","-25761914820","0","0","0","0","0","0"
"GCTI","Shrimp","Raw Materials & COGS","42211000","Raw Material COS","0","0","0","-25761914820","-25761914820","0","0","-25761914820","0","-25761914820","0"
"GCTI","Shrimp","Raw Materials & COGS","42212000","Packing Material COS","0","0","0","-25761914820","-25761914820","0","0","-25761914820","0","-25761914820","0"
"GCTI","Shrimp","Raw Materials & COGS","42213000","Finished Goods/Direct Purchase COS","0","-33.82","0","-25761914820","-25761914820","0","0","-25761914820","0","-25761914786.18","-76173609657.54"
"GCTI","Shrimp","General","42214000","Provision for Stock Adjustment","0","0","0","-25761914820","-25761914820","0","0","-25761914820","0","-25761914820","0"
"GCTI","Shrimp","Raw Materials & COGS","42215000","Exchange Differece COS","0","0","0","-25761914820","-25761914820","0","0","-25761914820","0","-25761914820","0"
"GCTI","Shrimp","Revenue","42216000","Sales Of Raw and Packing materials","0","0","0","-25761914820","-25761914820","0","0","-25761914820","0","-25761914820","0"
"GCTI","Shrimp","Raw Materials & COGS","42217000","Modified Direct purchase COS","0","0","0","-25761914820","-25761914820","0","0","-25761914820","0","-25761914820","0"
"GCTI","Shrimp","Raw Materials & COGS","42218000","Physical Inventory Loss","0","0","0","-25761914820","-25761914820","0","0","-25761914820","0","-25761914820","0"
"GCTI","Shrimp","Raw Materials & COGS","42219000","Production yield_usage variance","0","0","0","-25761914820","-25761914820","0","0","-25761914820","0","-25761914820","0"
"GCTI","Shrimp","Raw Materials & COGS","42230000","Consignment COS","0","0","0","-25761914820","-25761914820","0","0","-25761914820","0","-25761914820","0"
"GCTI","Shrimp","Raw Materials & COGS","42250000","COS IC","0","0","0","-25761914820","-25761914820","0","0","-25761914820","0","-25761914820","0"
"GCTI","Shrimp","Revenue","42260000","Cost of sales IC Elimination","0","0","0","-25761914820","-25761914820","0","0","-25761914820","0","-25761914820","0"
"GCTI","Shrimp","Raw Materials & COGS","42270000","COS RC","0","0","0","-25761914820","-25761914820","0","0","-25761914820","0","-25761914820","0"
"GCTI","Shrimp","Raw Materials & COGS","48000000","Cost of Services","0","0","0","-25761914820","-25761914820","0","0","-25761914820","0","-25761914820","0"
"GCTI","Shrimp","Raw Materials & COGS","","Total Raw Materials Costs","0","-33.82","0","-25761914820","-25761914820","0","0","-25761914820","0","-25761914786.18","-76173609657.54"
"GCTI","Shrimp","Raw Materials & COGS","43000000","ACTUAL MCOS","-1.08","-0.22","-0.21","-25761914820","-25761914820","0","0","-25761914819.79","-12267578485614.289","-25761914819.78","-11709961281718.18"
"GCTI","Shrimp","Raw Materials & COGS","43110000","MCOS-Personnel Expenses","0","0","0","-25761914820","-25761914820","0","0","-25761914820","0","-25761914820","0"
"GCTI","Shrimp","Raw Materials & COGS","43116000","MCOS-Transportation Expenses (VC)","0","0","0","-25761914820","-25761914820","0","0","-25761914820","0","-25761914820","0"
"GCTI","Shrimp","Raw Materials & COGS","43115000","MCOS-Contractual Employees & Others (VC)","0","0","0","-25761914820","-25761914820","0","0","-25761914820","0","-25761914820","0"
"GCTI","Shrimp","Raw Materials & COGS","43111120","MCOS-Contract staff (VC)","0","0","0","-25761914820","-25761914820","0","0","-25761914820","0","-25761914820","0"
"GCTI","Shrimp","Raw Materials & COGS","43111130","MCOS-Contractual bonus (VC)","0","0","0","-25761914820","-25761914820","0","0","-25761914820","0","-25761914820","0"
"GCTI","Shrimp","Raw Materials & COGS","43111140","MCOS-Commission (VC)","0","0","0","-25761914820","-25761914820","0","0","-25761914820","0","-25761914820","0"
"GCTI","Shrimp","Raw Materials & COGS","43111200","MCOS-Discretionary Bonus (VC)","0","0","0","-25761914820","-25761914820","0","0","-25761914820","0","-25761914820","0"
"GCTI","Shrimp","Raw Materials & COGS","43111320","MCOS-Overtime Variable Cost (VC)","0","0","0","-25761914820","-25761914820","0","0","-25761914820","0","-25761914820","0"
"GCTI","Shrimp","Raw Materials & COGS","43111110","MCOS-Salaries (FC)","0","0","0","-25761914820","-25761914820","0","0","-25761914820","0","-25761914820","0"
"GCTI","Shrimp","Raw Materials & COGS","43111310","MCOS-Overtime Fixed Cost (FC)","0","0","0","-25761914820","-25761914820","0","0","-25761914820","0","-25761914820","0"
"GCTI","Shrimp","Raw Materials & COGS","43112000","MCOS-Personnel Allowances (FC)","0","0","0","-25761914820","-25761914820","0","0","-25761914820","0","-25761914820","0"
"GCTI","Shrimp","Raw Materials & COGS","43113000","MCOS-Social Benefits (FC)","0","0","0","-25761914820","-25761914820","0","0","-25761914820","0","-25761914820","0"
"GCTI","Shrimp","Raw Materials & COGS","43114000","MCOS-Employee Training (FC)","0","0","0","-25761914820","-25761914820","0","0","-25761914820","0","-25761914820","0"
"GCTI","Shrimp","Raw Materials & COGS","43120000","MCOS-Travel and Entertainment (FC)","0","0","0","-25761914820","-25761914820","0","0","-25761914820","0","-25761914820","0"
"GCTI","Shrimp","Raw Materials & COGS","43130000","MCOS-Rent and utilities","0","0","0","-25761914820","-25761914820","0","0","-25761914820","0","-25761914820","0"
"GCTI","Shrimp","Raw Materials & COGS","43133110","MCOS-Fuel and Gas (VC)","0","0","0","-25761914820","-25761914820","0","0","-25761914820","0","-25761914820","0"
"GCTI","Shrimp","Raw Materials & COGS","43133120","MCOS-Power, Light and Water (VC)","0","0","0","-25761914820","-25761914820","0","0","-25761914820","0","-25761914820","0"
"GCTI","Shrimp","Raw Materials & COGS","43133300","MCOS-Utilities Others (VC)","0","0","0","-25761914820","-25761914820","0","0","-25761914820","0","-25761914820","0"
"GCTI","Shrimp","Raw Materials & COGS","43131000","MCOS-Rental Expense Under Operating Lease (FC)","0","0","0","-25761914820","-25761914820","0","0","-25761914820","0","-25761914820","0"
"GCTI","Shrimp","Raw Materials & COGS","43133200","MCOS-Repair and Maintenance (FC)","0","0","0","-25761914820","-25761914820","0","0","-25761914820","0","-25761914820","0"
"GCTI","Shrimp","Raw Materials & COGS","43140000","MCOS-Leasing Charges (FC)","0","0","0","-25761914820","-25761914820","0","0","-25761914820","0","-25761914820","0"
"GCTI","Shrimp","Raw Materials & COGS","43150000","MCOS-Office and Communication (VC)","0","0","0","-25761914820","-25761914820","0","0","-25761914820","0","-25761914820","0"
"GCTI","Shrimp","Raw Materials & COGS","43160000","MCOS-Advertising and Promotion (FC)","0","0","0","-25761914820","-25761914820","0","0","-25761914820","0","-25761914820","0"
"GCTI","Shrimp","Raw Materials & COGS","43170000","MCOS-Delivery Expenses (VC)","0","0","0","-25761914820","-25761914820","0","0","-25761914820","0","-25761914820","0"
"GCTI","Shrimp","Raw Materials & COGS","43180000","MCOS-Insurance Expenses (FC)","0.02","0","0","-25761914820","-25761914820","0","0","-25761914820","0","-25761914820","0"
"GCTI","Shrimp","Raw Materials & COGS","43190000","MCOS-Professional Fees (FC)","0","0","0","-25761914820","-25761914820","0","0","-25761914820","0","-25761914820","0"
"GCTI","Shrimp","Raw Materials & COGS","43200000","MCOS-Allocated Income_Expense IC (FC)","0","0","0","-25761914820","-25761914820","0","0","-25761914820","0","-25761914820","0"
"GCTI","Shrimp","Raw Materials & COGS","43210000","MCOS-Other Operating (Income)_Expense","-0.88","-0.02","0","-25761914820","-25761914820","0","0","-25761914820","0","-25761914819.98","-128809574099900"
"GCTI","Shrimp","Raw Materials & COGS","43211000","MCOS-(Income)","0","0","0","-25761914820","-25761914820","0","0","-25761914820","0","-25761914820","0"
"GCTI","Shrimp","Raw Materials & COGS","43212100","MCOS-Bank Charges (FC)","0","0","0","-25761914820","-25761914820","0","0","-25761914820","0","-25761914820","0"
"GCTI","Shrimp","Raw Materials & COGS","43212200","MCOS-Production Supplies (VC)","0","0","0","-25761914820","-25761914820","0","0","-25761914820","0","-25761914820","0"
"GCTI","Shrimp","Raw Materials & COGS","43212300","MCOS-Security and Janitorial Services (FC)","0","0","0","-25761914820","-25761914820","0","0","-25761914820","0","-25761914820","0"
"GCTI","Shrimp","Raw Materials & COGS","43212400","MCOS-Recruitment Expenses (FC)","0","0","0","-25761914820","-25761914820","0","0","-25761914820","0","-25761914820","0"
"GCTI","Shrimp","Raw Materials & COGS","43212500","MCOS-Unmatched Professional fees PLUG IC (FC)","0","0","0","-25761914820","-25761914820","0","0","-25761914820","0","-25761914820","0"
"GCTI","Shrimp","Raw Materials & COGS","43212610","MCOS-Analysis_testing fee (FC)","-0.88","-0.02","0","-25761914820","-25761914820","0","0","-25761914820","0","-25761914819.98","-128809574099900"
"GCTI","Shrimp","Raw Materials & COGS","43212620","MCOS-Other taxes (Non-corp. tax) (FC)","0","0","0","-25761914820","-25761914820","0","0","-25761914820","0","-25761914820","0"
"GCTI","Shrimp","Raw Materials & COGS","43212630","MCOS-HSE expenses (FC)","0","0","0","-25761914820","-25761914820","0","0","-25761914820","0","-25761914820","0"
"GCTI","Shrimp","Raw Materials & COGS","43212640","MCOS-Others (FC)","0","0","0","-25761914820","-25761914820","0","0","-25761914820","0","-25761914820","0"
"GCTI","Shrimp","Raw Materials & COGS","43212650","MCOS-Toll Manufacturing (FC)","0","0","0","-25761914820","-25761914820","0","0","-25761914820","0","-25761914820","0"
"GCTI","Shrimp","Raw Materials & COGS","43212660","MCOS-R&D (FC)","0","0","0","-25761914820","-25761914820","0","0","-25761914820","0","-25761914820","0"
"GCTI","Shrimp","Raw Materials & COGS","43212700","MCOS-Unmatched Insurance Expenses PLUG IC (FC)","0","0","0","-25761914820","-25761914820","0","0","-25761914820","0","-25761914820","0"
"GCTI","Shrimp","Raw Materials & COGS","43212800","MCOS-Unmatched Rental Expenses PLUG IC (FC)","0","0","0","-25761914820","-25761914820","0","0","-25761914820","0","-25761914820","0"
"GCTI","Shrimp","Raw Materials & COGS","43212900","MCOS-Pest Control (FC)","0","0","0","-25761914820","-25761914820","0","0","-25761914820","0","-25761914820","0"
"GCTI","Shrimp","Raw Materials & COGS","43220000","MCOS-Lease payment (of Financing Co_Div.) (FC)","0","0","0","-25761914820","-25761914820","0","0","-25761914820","0","-25761914820","0"
"GCTI","Shrimp","Raw Materials & COGS","43230000","MCOS-Shared Service Cost (FC)","0","0","0","-25761914820","-25761914820","0","0","-25761914820","0","-25761914820","0"
"GCTI","Shrimp","Raw Materials & COGS","43240000","MCOS-Inventory write-offs (FC)","0","0","0","-25761914820","-25761914820","0","0","-25761914820","0","-25761914820","0"
"GCTI","Shrimp","Raw Materials & COGS","43250000","MCOS-Depreciation-PPE (FC)","-0.21","-0.2","-0.21","-25761914820","-25761914820","0","0","-25761914819.79","-12267578485614.289","-25761914819.8","-12880957409900"
"GCTI","Shrimp","Raw Materials & COGS","43350000","MCOS-Depreciation-ROU Asset (PLP) (FC)","0","0","0","-25761914820","-25761914820","0","0","-25761914820","0","-25761914820","0"
"GCTI","Shrimp","Raw Materials & COGS","43410000","MCOS-Allocated Income_Expense TP","0","0","0","-25761914820","-25761914820","0","0","-25761914820","0","-25761914820","0"
"GCTI","Shrimp","Raw Materials & COGS","43400000","MCOS-Inventory Provision","0","0","0","-25761914820","-25761914820","0","0","-25761914820","0","-25761914820","0"
"GCTI","Shrimp","Raw Materials & COGS","44000000","STANDARD MCOS","0","0","0","-25761914820","-25761914820","0","0","-25761914820","0","-25761914820","0"
"GCTI","Shrimp","Raw Materials & COGS","44100000","MCOS-Standard-Variable","0","0","0","-25761914820","-25761914820","0","0","-25761914820","0","-25761914820","0"
"GCTI","Shrimp","Raw Materials & COGS","44100100","MCOS- Labour @ Std - VC","0","0","0","-25761914820","-25761914820","0","0","-25761914820","0","-25761914820","0"
"GCTI","Shrimp","Raw Materials & COGS","44100200","MCOS-Fuel & Electricity @ Std- VC","0","0","0","-25761914820","-25761914820","0","0","-25761914820","0","-25761914820","0"
"GCTI","Shrimp","Raw Materials & COGS","44100300","MCOS-Maintenance @ Std - VC","0","0","0","-25761914820","-25761914820","0","0","-25761914820","0","-25761914820","0"
"GCTI","Shrimp","Raw Materials & COGS","44200000","MCOS-Standard-Fixed","0","0","0","-25761914820","-25761914820","0","0","-25761914820","0","-25761914820","0"
"GCTI","Shrimp","Raw Materials & COGS","44200100","MCOS- Rent @ Std- FC","0","0","0","-25761914820","-25761914820","0","0","-25761914820","0","-25761914820","0"
"GCTI","Shrimp","Raw Materials & COGS","44200200","MCOS-Depreciation @ Std - FC","0","0","0","-25761914820","-25761914820","0","0","-25761914820","0","-25761914820","0"
"GCTI","Shrimp","Raw Materials & COGS","44200300","MCOS-Others @ Std - FC","0","0","0","-25761914820","-25761914820","0","0","-25761914820","0","-25761914820","0"
"GCTI","Shrimp","Raw Materials & COGS","44310000","MCOS-Standard Absorption Cost - Variable","0","0","0","-25761914820","-25761914820","0","0","-25761914820","0","-25761914820","0"
"GCTI","Shrimp","Raw Materials & COGS","44311000","MCOS-Standard Absorption Labour - VC","0","0","0","-25761914820","-25761914820","0","0","-25761914820","0","-25761914820","0"
"GCTI","Shrimp","Raw Materials & COGS","44312000","MCOS-Standard Absorption Fuel & Electricity - VC","0","0","0","-25761914820","-25761914820","0","0","-25761914820","0","-25761914820","0"
"GCTI","Shrimp","Raw Materials & COGS","44313000","MCOS-Standard Absorption Maintenance - VC","0","0","0","-25761914820","-25761914820","0","0","-25761914820","0","-25761914820","0"
"GCTI","Shrimp","Raw Materials & COGS","44320000","MCOS-Standard Absorption Cost - Fixed","0","0","0","-25761914820","-25761914820","0","0","-25761914820","0","-25761914820","0"
"GCTI","Shrimp","Raw Materials & COGS","44321000","MCOS-Standard Absorption Rent - FC","0","0","0","-25761914820","-25761914820","0","0","-25761914820","0","-25761914820","0"
"GCTI","Shrimp","Raw Materials & COGS","44322000","MCOS-Standard Absorption Depreciation - FC","0","0","0","-25761914820","-25761914820","0","0","-25761914820","0","-25761914820","0"
"GCTI","Shrimp","Raw Materials & COGS","44323000","MCOS-Standard Absorption Others - FC","0","0","0","-25761914820","-25761914820","0","0","-25761914820","0","-25761914820","0"
"GCTI","Shrimp","Raw Materials & COGS","","Total MCOS","-1.08","-0.22","-0.21","-25761914820","-25761914820","0","0","-25761914819.79","-12267578485614.289","-25761914819.78","-11709961281718.18"
"GCTI","Shrimp","Total MCOS & COGS","45000000","Total COGS (where applicable incl IC)","-1.08","-34.04","-0.21","-25761914820","-25761914820","0","0","-25761914819.79","-12267578485614.289","-25761914785.96","-75681300781.32"
"GCTI","Shrimp","General","-3.87537224533219E-15","","0","0","0","-25761914820","-25761914820","0","0","-25761914820","0","-25761914820","0"
"GCTI","Shrimp","Raw Materials & COGS","","MCOS-Personnel Expenses (VC)","0","0","0","0","0","0","0","0","0","0","0"
"GCTI","Shrimp","Raw Materials & COGS","","MCOS-Rent and utilities (VC)","0","0","0","0","0","0","0","0","0","0","0"
"GCTI","Shrimp","Raw Materials & COGS","","MCOS-Office and Communication (VC)","0","0","0","0","0","0","0","0","0","0","0"
"GCTI","Shrimp","Raw Materials & COGS","","MCOS-Delivery Expenses (VC)","0","0","0","0","0","0","0","0","0","0","0"
"GCTI","Shrimp","Raw Materials & COGS","","MCOS-Other Operating (Income)_Expense (VC)","0","0","0","0","0","0","0","0","0","0","0"
"GCTI","Shrimp","Raw Materials & COGS","","MCOS- Labour (Standard MCOS) - VC","0","0","0","0","0","0","0","0","0","0","0"
"GCTI","Shrimp","Raw Materials & COGS","","MCOS-Fuel & Electricity (Standard MCOS) - VC","0","0","0","0","0","0","0","0","0","0","0"
"GCTI","Shrimp","Raw Materials & COGS","","MCOS-Maintenance (Standard MCOS) - VC","0","0","0","0","0","0","0","0","0","0","0"
"GCTI","Shrimp","Volume","","VARIABLE COST | MT","0","0","0","0","0","0","0","0","0","0","0"
"GCTI","Shrimp","Raw Materials & COGS","","MCOS-Personnel Expenses (FC)","0","0","0","0","0","0","0","0","0","0","0"
"GCTI","Shrimp","Raw Materials & COGS","","MCOS-Travel and Entertainment (FC)","0","0","0","0","0","0","0","0","0","0","0"
"GCTI","Shrimp","Raw Materials & COGS","","MCOS-Rent and utilities (FC)","0","0","0","0","0","0","0","0","0","0","0"
"GCTI","Shrimp","Raw Materials & COGS","","MCOS-Leasing Charges (FC)","0","0","0","0","0","0","0","0","0","0","0"
"GCTI","Shrimp","Raw Materials & COGS","","MCOS-Advertising and Promotion (FC)","0","0","0","0","0","0","0","0","0","0","0"
"GCTI","Shrimp","Raw Materials & COGS","","MCOS-Insurance Expenses (FC)","0","0","0","0","0","0","0","0","0","0","0"
"GCTI","Shrimp","Raw Materials & COGS","","MCOS-Professional Fees (FC)","0","0","0","0","0","0","0","0","0","0","0"
"GCTI","Shrimp","Raw Materials & COGS","","MCOS-Allocated Income_Expense IC (FC)","0","0","0","0","0","0","0","0","0","0","0"
"GCTI","Shrimp","Raw Materials & COGS","","MCOS-Other Operating (Income)_Expense (FC)","0","0","0","0","0","0","0","0","0","0","0"
"GCTI","Shrimp","Raw Materials & COGS","","MCOS-Lease payment (of Financing Co_Div.) (FC)","0","0","0","0","0","0","0","0","0","0","0"
"GCTI","Shrimp","Raw Materials & COGS","","MCOS-Shared Service Cost (FC)","0","0","0","0","0","0","0","0","0","0","0"
"GCTI","Shrimp","Raw Materials & COGS","","MCOS-Inventory write-offs (FC)","0","0","0","0","0","0","0","0","0","0","0"
"GCTI","Shrimp","Raw Materials & COGS","","MCOS-Depreciation-PPE (FC)","0","0","0","0","0","0","0","0","0","0","0"
"GCTI","Shrimp","Raw Materials & COGS","","MCOS-Depreciation-ROU Asset (PLP) (FC)","0","0","0","0","0","0","0","0","0","0","0"
"GCTI","Shrimp","Raw Materials & COGS","","MCOS- Rent (Standard MCOS) - (FC)","0","0","0","0","0","0","0","0","0","0","0"
"GCTI","Shrimp","Raw Materials & COGS","","MCOS- Depreciation (Standard MCOS) - (FC)","0","0","0","0","0","0","0","0","0","0","0"
"GCTI","Shrimp","Raw Materials & COGS","","MCOS-Others (Standard MCOS) - (VC)","0","0","0","0","0","0","0","0","0","0","0"
"GCTI","Shrimp","Volume","","FIXED COST | MT","0","0","0","0","0","0","0","0","0","0","0"
"GCTI","Shrimp","Headcount","HR_TL","Total Technical HC (incl QA/QC, Formulator, Lab etc)","0","0","0","-2146826235","-2146826235","0","0","-2146826235","0","-2146826235","0"
"GCTI","Shrimp","Headcount","HR_OP","Total Operations HC (incl warehousing, weighbridge)","0","0","0","-2146826235","-2146826235","0","0","-2146826235","0","-2146826235","0"
"GCTI","Shrimp","Headcount","","Total 'Production Related' HC","0","0","0","-2146826235","-2146826235","0","0","-2146826235","0","-2146826235","0"
"GCTI","Shrimp","Revenue","HR_SA","Total Sales Head Count","0","0","0","-25761914820","-25761914820","0","0","-25761914820","0","-25761914820","0"
"GCTI","Shrimp","Headcount","HR_SP","Total Support Head Count","0","0","0","-2146826235","-2146826235","0","0","-2146826235","0","-2146826235","0"
"GCTI","Shrimp","Headcount","HR_TOTAL","Total Head Count (Closing balance)","0","0","0","-2146826235","-2146826235","0","0","-2146826235","0","-2146826235","0"
"GCTI","Shrimp","KPIs","","IOIC (only TP + RC)","0","1.04","0","-25761914820","-25761914820","0","0","-25761914820","0","-25761914821.04","-2477107194330.77"
"GCTI","Shrimp","Revenue","50000000","Gross Operating Revenue","-1.08","0.82","-0.21","-25761914820","-25761914820","0","0","-25761914819.79","-12267578485614.289","-25761914820.82","-3141696929368.29"
"GCTI","Shrimp","Revenue","","GOR %","-2146826281","0.03","-2146826281","-2146826235","-2146826235","0","0","46","0","-2146826235.03","-7156087450100"
"GCTI","Shrimp","Raw Materials & COGS","43251000","MCOS-Depreciation-Leasehold Improvements PPE","0","0","0","-25761914820","-25761914820","0","0","-25761914820","0","-25761914820","0"
"GCTI","Shrimp","Raw Materials & COGS","43252000","MCOS-Depreciation-Motor Vehicles PPE","0","0","0","-25761914820","-25761914820","0","0","-25761914820","0","-25761914820","0"
"GCTI","Shrimp","Raw Materials & COGS","43253000","MCOS-Depreciation-Computer Equipment PPE","0","0","0","-25761914820","-25761914820","0","0","-25761914820","0","-25761914820","0"
"GCTI","Shrimp","Raw Materials & COGS","43254000","MCOS-Depreciation-Furniture and Fixtures PPE","0","0","0","-25761914820","-25761914820","0","0","-25761914820","0","-25761914820","0"
"GCTI","Shrimp","Raw Materials & COGS","43255000","MCOS-Depreciation-Others PPE","0","0","0","-25761914820","-25761914820","0","0","-25761914820","0","-25761914820","0"
"GCTI","Shrimp","Raw Materials & COGS","43256000","MCOS-Depreciation-Land PPE","0","0","0","-25761914820","-25761914820","0","0","-25761914820","0","-25761914820","0"
"GCTI","Shrimp","Raw Materials & COGS","43257000","MCOS-Depreciation-Buildings PPE","0","0","0","-25761914820","-25761914820","0","0","-25761914820","0","-25761914820","0"
"GCTI","Shrimp","Raw Materials & COGS","43258000","MCOS-Depreciation-Construction in progress PPE","0","0","0","-25761914820","-25761914820","0","0","-25761914820","0","-25761914820","0"
"GCTI","Shrimp","Raw Materials & COGS","43259000","MCOS-Depreciation-Machinery and Equipment PPE","-0.21","-0.2","-0.21","-25761914820","-25761914820","0","0","-25761914819.79","-12267578485614.289","-25761914819.8","-12880957409900"
"GCTI","Shrimp","Raw Materials & COGS","43260000","MCOS-Depreciation-ERP PPE","0","0","0","-25761914820","-25761914820","0","0","-25761914820","0","-25761914820","0"
"GCTI","Shrimp","Raw Materials & COGS","43360000","MCOS-Depreciation-ERP ROU Asset (PLP)","0","0","0","-25761914820","-25761914820","0","0","-25761914820","0","-25761914820","0"
"GCTI","Shrimp","Raw Materials & COGS","43350000","MCOS-Depreciation-ROU Asset (PLP)","0","0","0","-25761914820","-25761914820","0","0","-25761914820","0","-25761914820","0"
"GCTI","Shrimp","Raw Materials & COGS","","Total MCOS - Depreciation","-0.21","-0.2","-0.21","-25761914820","-25761914820","0","0","-25761914819.79","-12267578485614.289","-25761914819.8","-12880957409900"
"Total China","China","Volume","Unit Sales - TP_Feed","Unit Sales - TP (Feed)","492944.03","516180.08","574612","499013.28","499200","186.72","0.04","-75412","-13.12","-16980.08","-3.29"
"Total China","China","Volume","Unit Sales - IC_Feed","Unit Sales - IC (Feed)","16809.8","10636.7","4000","7981.42","4300","-3681.42","-46.12","300","7.5","-6336.7","-59.57"
"Total China","China","Volume","Unit Sales - RC_Feed","Unit Sales - RC (Feed)","597.22","808.7","388","875.14","800","-75.14","-8.59","412","106.19","-8.7","-1.08"
"Total China","China","Volume","Total Unit Sales_Feed","Total Unit Sales (Feed)","510351.05","527625.48","579000","507869.84","504300","-3569.84","-0.7","-74700","-12.9","-23325.48","-4.42"
"Total China","China","Volume","Unit Sales - TP_CT","Unit Sales - TP (CT)","8.72","82.96","0","111.58","0","-111.58","-100","0","0","-82.96","-100"
"Total China","China","Volume","Unit Sales - RC_CT","Unit Sales - RC (CT)","0","0","0","0","0","0","0","0","0","0","0"
"Total China","China","Volume","Unit Sales - TP_DOC","Unit Sales - TP (DOC)","0","0","0","0","0","0","0","0","0","0","0"
"Total China","China","Volume","","Total Volumes (MT) Feed + CT (TP +RC)","493549.97","517071.74","575000","500000","500000","0","0","-75000","-13.04","-17071.74","-3.3"
"Total China","China","Volume","","Total Volumes (MT) - Feed only","493541.25","516988.78","575000","499888.42","500000","111.58","0.02","-75000","-13.04","-16988.78","-3.29"
"Total China","China","Revenue","41011000","Gross Sales TP","314916.45","327498.79","375990.72","349378.76","372596.09","23217.33","6.65","-3394.63","-0.9","45097.3","13.77"
"Total China","China","Revenue","41012200","Gross Sales RC","859.93","1369.95","625.18","1434.7","1231.28","-203.42","-14.18","606.1","96.95","-138.67","-10.12"
"Total China","China","Revenue","41021000","Concession TP","-79019.57","-90239.25","-104415.45","-96198.88","-103578.35","-7379.47","-7.67","837.1","0.8","-13339.1","-14.78"
"Total China","China","Revenue","41022500","Concession RC","-8.36","-14.63","0","-6.28","0","6.28","100","0","0","14.63","100"
"Total China","China","Revenue","Net Sales TP","Net Sales TP","235896.87","237259.54","271575.27","253179.88","269017.74","15837.86","6.26","-2557.53","-0.94","31758.2","13.39"
"Total China","China","Revenue","Net Sales RC","Net Sales RC","851.57","1355.32","625.18","1428.42","1231.28","-197.14","-13.8","606.1","96.95","-124.04","-9.15"
"Total China","China","Revenue","","Total Net Sales (TP + RC)","236748.44","238614.85","272200.45","254608.31","270249.03","15640.72","6.14","-1951.42","-0.72","31634.18","13.26"
"Total China","China","Revenue","Net Sales IC","Net Sales IC","2716.33","3726.97","6989.74","5496.09","7973.91","2477.82","45.08","984.17","14.08","4246.94","113.95"
"Total China","China","Revenue","","Total Net Sales (incl IC)","239464.77","242341.82","279190.19","260104.4","278222.94","18118.54","6.97","-967.25","-0.35","35881.12","14.81"
"Total China","China","Raw Materials & COGS","42210000","Material Cost","-200712.5","-204095.62","-232370.27","-218123.57","-230361.32","-12237.75","-5.61","2008.95","0.86","-26265.7","-12.87"
"Total China","China","Raw Materials & COGS","42229110","Variance - Purchase Price","-50.3","47.72","0","-8.06","0","8.06","100","0","0","-47.72","-100"
"Total China","China","Raw Materials & COGS","42211000","Raw Material COS","-1.08","24.72","0","34.4","0","-34.4","-100","0","0","-24.72","-100"
"Total China","China","Raw Materials & COGS","42212000","Packing Material COS","-2597.34","-2683.49","-3095.83","-2720.9","-3026.17","-305.27","-11.22","69.66","2.25","-342.68","-12.77"
"Total China","China","Raw Materials & COGS","42213000","Finished Goods/Direct Purchase COS","-199291.75","-199675.12","-228837.58","-214422.99","-226704.87","-12281.88","-5.73","2132.71","0.93","-27029.75","-13.54"
"Total China","China","General","42214000","Provision for Stock Adjustment","-30","22.75","0","-60.8","0","60.8","100","0","0","-22.75","-100"
"Total China","China","Raw Materials & COGS","42215000","Exchange Differece COS","0","0","0","0","0","0","0","0","0","0","0"
"Total China","China","Revenue","42216000","Sales Of Raw and Packing materials","0","0","0","0","0","0","0","0","0","0","0"
"Total China","China","Raw Materials & COGS","42217000","Modified Direct purchase COS","0","0","0","0","0","0","0","0","0","0","0"
"Total China","China","Raw Materials & COGS","42218000","Physical Inventory Loss","-701.91","-533.82","-436.86","-551.04","-630.29","-79.25","-14.38","-193.43","-44.28","-96.47","-18.07"
"Total China","China","Raw Materials & COGS","42219000","Production yield_usage variance","1959.88","-1298.38","0","-394.17","0","394.17","100","0","0","1298.38","100"
"Total China","China","Raw Materials & COGS","42230000","Consignment COS","0","0","0","0","0","0","0","0","0","0","0"
"Total China","China","Raw Materials & COGS","42250000","COS IC","-2308.75","-2914.42","-5886.87","-4520.44","-6686.94","-2166.5","-47.93","-800.07","-13.59","-3772.52","-129.44"
"Total China","China","Revenue","42260000","Cost of sales IC Elimination","1357.13","871.85","0","496.89","0","-496.89","-100","0","0","-871.85","-100"
"Total China","China","Raw Materials & COGS","42270000","COS RC","-701.7","-1078.93","-517.73","-1304.47","-1123.6","180.87","13.87","-605.87","-117.02","-44.67","-4.14"
"Total China","China","Raw Materials & COGS","48000000","Cost of Services","0","0","0","0","0","0","0","0","0","0","0"
"Total China","China","Raw Materials & COGS","","Total Raw Materials Costs","-202365.84","-207217.13","-238774.87","-223451.59","-238171.87","-14720.28","-6.59","603","0.25","-30954.74","-14.94"
"Total China","China","Raw Materials & COGS","43000000","ACTUAL MCOS","-15189.37","-15583.32","-16778.74","-16378.25","-16839.68","-461.43","-2.82","-60.94","-0.36","-1256.36","-8.06"
"Total China","China","Raw Materials & COGS","43110000","MCOS-Personnel Expenses","-6115.06","-6410.92","-6889.14","-6723.4","-7121.14","-397.74","-5.92","-232","-3.37","-710.22","-11.08"
"Total China","China","Raw Materials & COGS","43116000","MCOS-Transportation Expenses (VC)","-1.9","-0.65","-0.94","-0.43","-1.32","-0.89","-206.98","-0.38","-40.43","-0.67","-103.08"
"Total China","China","Raw Materials & COGS","43115000","MCOS-Contractual Employees & Others (VC)","-1542.05","-1594.08","-1656.8","-1665.26","-1729.12","-63.86","-3.83","-72.32","-4.37","-135.04","-8.47"
"Total China","China","Raw Materials & COGS","43111120","MCOS-Contract staff (VC)","0","0","0","0","0","0","0","0","0","0","0"
"Total China","China","Raw Materials & COGS","43111130","MCOS-Contractual bonus (VC)","-135.59","-156.62","-169.2","-156.96","-166.72","-9.76","-6.22","2.48","1.47","-10.1","-6.45"
"Total China","China","Raw Materials & COGS","43111140","MCOS-Commission (VC)","-156.02","-153.16","-168.61","-152.16","-144.27","7.89","5.19","24.34","14.44","8.89","5.8"
"Total China","China","Raw Materials & COGS","43111200","MCOS-Discretionary Bonus (VC)","-130.87","-160.04","-186.84","-128.49","-179.3","-50.81","-39.54","7.54","4.04","-19.26","-12.03"
"Total China","China","Raw Materials & COGS","43111320","MCOS-Overtime Variable Cost (VC)","-1305.22","-1447.1","-1552.87","-1360.04","-1443.89","-83.85","-6.17","108.98","7.02","3.21","0.22"
"Total China","China","Raw Materials & COGS","43111110","MCOS-Salaries (FC)","-1797.39","-1865.04","-2030.39","-2001.18","-2000.66","0.52","0.03","29.73","1.46","-135.62","-7.27"
"Total China","China","Raw Materials & COGS","43111310","MCOS-Overtime Fixed Cost (FC)","0","0","0","0","0","0","0","0","0","0","0"
"Total China","China","Raw Materials & COGS","43112000","MCOS-Personnel Allowances (FC)","-443.08","-371.57","-400.71","-436.59","-448.12","-11.53","-2.64","-47.41","-11.83","-76.55","-20.6"
"Total China","China","Raw Materials & COGS","43113000","MCOS-Social Benefits (FC)","-597.98","-652.06","-693.01","-793.39","-979.09","-185.7","-23.41","-286.08","-41.28","-327.03","-50.15"
"Total China","China","Raw Materials & COGS","43114000","MCOS-Employee Training (FC)","-4.95","-10.58","-29.78","-28.91","-28.65","0.26","0.9","1.13","3.79","-18.07","-170.79"
"Total China","China","Raw Materials & COGS","43120000","MCOS-Travel and Entertainment (FC)","-87.11","-85.87","-79.53","-83.62","-92.07","-8.45","-10.11","-12.54","-15.77","-6.2","-7.22"
"Total China","China","Raw Materials & COGS","43130000","MCOS-Rent and utilities","-5372.24","-5387.18","-5801.37","-5673.7","-5874.24","-200.54","-3.53","-72.87","-1.26","-487.06","-9.04"
"Total China","China","Raw Materials & COGS","43133110","MCOS-Fuel and Gas (VC)","-1449.75","-1542.46","-1695.99","-1606.97","-1636.18","-29.21","-1.82","59.81","3.53","-93.72","-6.08"
"Total China","China","Raw Materials & COGS","43133120","MCOS-Power, Light and Water (VC)","-2848.48","-2821.49","-3069.34","-3025.24","-3160.95","-135.71","-4.49","-91.61","-2.98","-339.46","-12.03"
"Total China","China","Raw Materials & COGS","43133300","MCOS-Utilities Others (VC)","-105.17","-102.39","-116.33","-79.05","-97.3","-18.25","-23.09","19.03","16.36","5.09","4.97"
"Total China","China","Raw Materials & COGS","43131000","MCOS-Rental Expense Under Operating Lease (FC)","-64.79","-77.85","-78.4","-82.23","-85.58","-3.35","-4.07","-7.18","-9.16","-7.73","-9.93"
"Total China","China","Raw Materials & COGS","43133200","MCOS-Repair and Maintenance (FC)","-904.06","-842.99","-841.3","-880.21","-894.23","-14.02","-1.59","-52.93","-6.29","-51.24","-6.08"
"Total China","China","Raw Materials & COGS","43140000","MCOS-Leasing Charges (FC)","0","0","0","0","0","0","0","0","0","0","0"
"Total China","China","Raw Materials & COGS","43150000","MCOS-Office and Communication (VC)","-28.31","-28.5","-24.96","-25.33","-25.86","-0.53","-2.09","-0.9","-3.61","2.64","9.26"
"Total China","China","Raw Materials & COGS","43160000","MCOS-Advertising and Promotion (FC)","0","0","0","0","0","0","0","0","0","0","0"
"Total China","China","Raw Materials & COGS","43170000","MCOS-Delivery Expenses (VC)","0","0","0","0","0","0","0","0","0","0","0"
"Total China","China","Raw Materials & COGS","43180000","MCOS-Insurance Expenses (FC)","-113.87","-30.22","-52.34","-54.1","-50.95","3.15","5.82","1.39","2.66","-20.73","-68.6"
"Total China","China","Raw Materials & COGS","43190000","MCOS-Professional Fees (FC)","-22.24","-18.73","-14.69","-13.72","-13.59","0.13","0.95","1.1","7.49","5.14","27.44"
"Total China","China","Raw Materials & COGS","43200000","MCOS-Allocated Income_Expense IC (FC)","0","0","0","-0.07","0","0.07","100","0","0","0","0"
"Total China","China","Raw Materials & COGS","43210000","MCOS-Other Operating (Income)_Expense","-322.37","-169.04","-189.92","-220.76","-198.7","22.06","9.99","-8.78","-4.62","-29.66","-17.55"
"Total China","China","Raw Materials & COGS","43211000","MCOS-(Income)","0","0","0","0","0","0","0","0","0","0","0"
"Total China","China","Raw Materials & COGS","43212100","MCOS-Bank Charges (FC)","0","0","0","0","0","0","0","0","0","0","0"
"Total China","China","Raw Materials & COGS","43212200","MCOS-Production Supplies (VC)","0","0","0","0","0","0","0","0","0","0","0"
"Total China","China","Raw Materials & COGS","43212300","MCOS-Security and Janitorial Services (FC)","-154.46","-55.62","-57.17","-59.58","-61.49","-1.91","-3.21","-4.32","-7.56","-5.87","-10.55"
"Total China","China","Raw Materials & COGS","43212400","MCOS-Recruitment Expenses (FC)","0","-0.01","-2.6","-2.79","-2.84","-0.05","-1.79","-0.24","-9.23","-2.83","-28300"
"Total China","China","Raw Materials & COGS","43212500","MCOS-Unmatched Professional fees PLUG IC (FC)","0","0","0","0","0","0","0","0","0","0","0"
"Total China","China","Raw Materials & COGS","43212610","MCOS-Analysis_testing fee (FC)","-25.81","-38.51","-34.6","-32.62","-37.33","-4.71","-14.44","-2.73","-7.89","1.18","3.06"
"Total China","China","Raw Materials & COGS","43212620","MCOS-Other taxes (Non-corp. tax) (FC)","0","0","0","0","0","0","0","0","0","0","0"
"Total China","China","Raw Materials & COGS","43212630","MCOS-HSE expenses (FC)","-123.66","-71.08","-73.65","-112.21","-80.15","32.06","28.57","-6.5","-8.83","-9.07","-12.76"
"Total China","China","Raw Materials & COGS","43212640","MCOS-Others (FC)","-18.44","-3.81","-21.89","-13.55","-16.89","-3.34","-24.65","5","22.84","-13.08","-343.31"
"Total China","China","Raw Materials & COGS","43212650","MCOS-Toll Manufacturing (FC)","0","0","0","0","0","0","0","0","0","0","0"
"Total China","China","Raw Materials & COGS","43212660","MCOS-R&D (FC)","0","0","0","0","0","0","0","0","0","0","0"
"Total China","China","Raw Materials & COGS","43212700","MCOS-Unmatched Insurance Expenses PLUG IC (FC)","0","0","0","0","0","0","0","0","0","0","0"
"Total China","China","Raw Materials & COGS","43212800","MCOS-Unmatched Rental Expenses PLUG IC (FC)","0","0","0","0","0","0","0","0","0","0","0"
"Total China","China","Raw Materials & COGS","43212900","MCOS-Pest Control (FC)","0","0","0","0","0","0","0","0","0","0","0"
"Total China","China","Raw Materials & COGS","43220000","MCOS-Lease payment (of Financing Co_Div.) (FC)","0","0","0","0","0","0","0","0","0","0","0"
"Total China","China","Raw Materials & COGS","43230000","MCOS-Shared Service Cost (FC)","0","0","0","0","0","0","0","0","0","0","0"
"Total China","China","Raw Materials & COGS","43240000","MCOS-Inventory write-offs (FC)","0","0","0","0","0","0","0","0","0","0","0"
"Total China","China","Raw Materials & COGS","43250000","MCOS-Depreciation-PPE (FC)","-2631.61","-2931.1","-3206","-3037.32","-3237.61","-200.29","-6.59","-31.61","-0.99","-306.51","-10.46"
"Total China","China","Raw Materials & COGS","43350000","MCOS-Depreciation-ROU Asset (PLP) (FC)","-496.57","-521.77","-520.79","-546.23","-225.52","320.71","58.71","295.27","56.7","296.25","56.78"
"Total China","China","Raw Materials & COGS","43410000","MCOS-Allocated Income_Expense TP","0","0","0","0","0","0","0","0","0","0","0"
"Total China","China","Raw Materials & COGS","43400000","MCOS-Inventory Provision","0","0","0","0","0","0","0","0","0","0","0"
"Total China","China","Raw Materials & COGS","44000000","STANDARD MCOS","43.32","176.75","0","126.73","0","-126.73","-100","0","0","-176.75","-100"
"Total China","China","Raw Materials & COGS","44100000","MCOS-Standard-Variable","0","0","0","0","0","0","0","0","0","0","0"
"Total China","China","Raw Materials & COGS","44100100","MCOS- Labour @ Std - VC","0","0","0","0","0","0","0","0","0","0","0"
"Total China","China","Raw Materials & COGS","44100200","MCOS-Fuel & Electricity @ Std- VC","0","0","0","0","0","0","0","0","0","0","0"
"Total China","China","Raw Materials & COGS","44100300","MCOS-Maintenance @ Std - VC","0","0","0","0","0","0","0","0","0","0","0"
"Total China","China","Raw Materials & COGS","44200000","MCOS-Standard-Fixed","0","0","0","0","0","0","0","0","0","0","0"
"Total China","China","Raw Materials & COGS","44200100","MCOS- Rent @ Std- FC","0","0","0","0","0","0","0","0","0","0","0"
"Total China","China","Raw Materials & COGS","44200200","MCOS-Depreciation @ Std - FC","0","0","0","0","0","0","0","0","0","0","0"
"Total China","China","Raw Materials & COGS","44200300","MCOS-Others @ Std - FC","0","0","0","0","0","0","0","0","0","0","0"
"Total China","China","Raw Materials & COGS","44310000","MCOS-Standard Absorption Cost - Variable","33.09","111.2","0","89.62","0","-89.62","-100","0","0","-111.2","-100"
"Total China","China","Raw Materials & COGS","44311000","MCOS-Standard Absorption Labour - VC","9.64","36.01","0","45.62","0","-45.62","-100","0","0","-36.01","-100"
"Total China","China","Raw Materials & COGS","44312000","MCOS-Standard Absorption Fuel & Electricity - VC","17.07","68.79","0","40.56","0","-40.56","-100","0","0","-68.79","-100"
"Total China","China","Raw Materials & COGS","44313000","MCOS-Standard Absorption Maintenance - VC","6.38","6.4","0","3.44","0","-3.44","-100","0","0","-6.4","-100"
"Total China","China","Raw Materials & COGS","44320000","MCOS-Standard Absorption Cost - Fixed","10.24","65.55","0","37.11","0","-37.11","-100","0","0","-65.55","-100"
"Total China","China","Raw Materials & COGS","44321000","MCOS-Standard Absorption Rent - FC","-0.06","0.01","0","0","0","0","0","0","0","-0.01","-100"
"Total China","China","Raw Materials & COGS","44322000","MCOS-Standard Absorption Depreciation - FC","8.09","32.24","0","16.16","0","-16.16","-100","0","0","-32.24","-100"
"Total China","China","Raw Materials & COGS","44323000","MCOS-Standard Absorption Others - FC","2.2","33.3","0","20.95","0","-20.95","-100","0","0","-33.3","-100"
"Total China","China","Raw Materials & COGS","","Total MCOS","-15146.05","-15406.57","-16778.74","-16251.51","-16839.68","-588.17","-3.62","-60.94","-0.36","-1433.11","-9.3"
"Total China","China","Total MCOS & COGS","45000000","Total COGS (where applicable incl IC)","-217511.88","-222623.7","-255553.61","-239703.11","-255011.55","-15308.44","-6.39","542.06","0.21","-32387.85","-14.55"
"Total China","China","General","-8.93578544491902E-11","","0","0","0","0","0","0","0","0","0","0","0"
"Total China","China","Raw Materials & COGS","","MCOS-Personnel Expenses (VC)","0","0","0","0","0","0","0","0","0","0","0"
"Total China","China","Raw Materials & COGS","","MCOS-Rent and utilities (VC)","0","0","0","0","0","0","0","0","0","0","0"
"Total China","China","Raw Materials & COGS","","MCOS-Office and Communication (VC)","0","0","0","0","0","0","0","0","0","0","0"
"Total China","China","Raw Materials & COGS","","MCOS-Delivery Expenses (VC)","0","0","0","0","0","0","0","0","0","0","0"
"Total China","China","Raw Materials & COGS","","MCOS-Other Operating (Income)_Expense (VC)","0","0","0","0","0","0","0","0","0","0","0"
"Total China","China","Raw Materials & COGS","","MCOS- Labour (Standard MCOS) - VC","0","0","0","0","0","0","0","0","0","0","0"
"Total China","China","Raw Materials & COGS","","MCOS-Fuel & Electricity (Standard MCOS) - VC","0","0","0","0","0","0","0","0","0","0","0"
"Total China","China","Raw Materials & COGS","","MCOS-Maintenance (Standard MCOS) - VC","0","0","0","0","0","0","0","0","0","0","0"
"Total China","China","Volume","","VARIABLE COST | MT","0","0","0","0","0","0","0","0","0","0","0"
"Total China","China","Raw Materials & COGS","","MCOS-Personnel Expenses (FC)","0","0","0","0","0","0","0","0","0","0","0"
"Total China","China","Raw Materials & COGS","","MCOS-Travel and Entertainment (FC)","0","0","0","0","0","0","0","0","0","0","0"
"Total China","China","Raw Materials & COGS","","MCOS-Rent and utilities (FC)","0","0","0","0","0","0","0","0","0","0","0"
"Total China","China","Raw Materials & COGS","","MCOS-Leasing Charges (FC)","0","0","0","0","0","0","0","0","0","0","0"
"Total China","China","Raw Materials & COGS","","MCOS-Advertising and Promotion (FC)","0","0","0","0","0","0","0","0","0","0","0"
"Total China","China","Raw Materials & COGS","","MCOS-Insurance Expenses (FC)","0","0","0","0","0","0","0","0","0","0","0"
"Total China","China","Raw Materials & COGS","","MCOS-Professional Fees (FC)","0","0","0","0","0","0","0","0","0","0","0"
"Total China","China","Raw Materials & COGS","","MCOS-Allocated Income_Expense IC (FC)","0","0","0","0","0","0","0","0","0","0","0"
"Total China","China","Raw Materials & COGS","","MCOS-Other Operating (Income)_Expense (FC)","0","0","0","0","0","0","0","0","0","0","0"
"Total China","China","Raw Materials & COGS","","MCOS-Lease payment (of Financing Co_Div.) (FC)","0","0","0","0","0","0","0","0","0","0","0"
"Total China","China","Raw Materials & COGS","","MCOS-Shared Service Cost (FC)","0","0","0","0","0","0","0","0","0","0","0"
"Total China","China","Raw Materials & COGS","","MCOS-Inventory write-offs (FC)","0","0","0","0","0","0","0","0","0","0","0"
"Total China","China","Raw Materials & COGS","","MCOS-Depreciation-PPE (FC)","0","0","0","0","0","0","0","0","0","0","0"
"Total China","China","Raw Materials & COGS","","MCOS-Depreciation-ROU Asset (PLP) (FC)","0","0","0","0","0","0","0","0","0","0","0"
"Total China","China","Raw Materials & COGS","","MCOS- Rent (Standard MCOS) - (FC)","0","0","0","0","0","0","0","0","0","0","0"
"Total China","China","Raw Materials & COGS","","MCOS- Depreciation (Standard MCOS) - (FC)","0","0","0","0","0","0","0","0","0","0","0"
"Total China","China","Raw Materials & COGS","","MCOS-Others (Standard MCOS) - (VC)","0","0","0","0","0","0","0","0","0","0","0"
"Total China","China","Volume","","FIXED COST | MT","0","0","0","0","0","0","0","0","0","0","0"
"Total China","China","Headcount","HR_TL","Total Technical HC (incl QA/QC, Formulator, Lab etc)","0.01","0","0","0","0","0","0","0","0","0","0"
"Total China","China","Headcount","HR_OP","Total Operations HC (incl warehousing, weighbridge)","0.04","0","0","0","0","0","0","0","0","0","0"
"Total China","China","Headcount","","Total 'Production Related' HC","0.05","0","0","0","0","0","0","0","0","0","0"
"Total China","China","Revenue","HR_SA","Total Sales Head Count","0.14","0.12","0.14","0.13","0.13","0","0","-0.01","-7.14","0.01","8.33"
"Total China","China","Headcount","HR_SP","Total Support Head Count","0.02","0","0","0","0","0","0","0","0","0","0"
"Total China","China","Headcount","HR_TOTAL","Total Head Count (Closing balance)","0.1","0","0","0","0","0","0","0","0","0","0"
"Total China","China","KPIs","","IOIC (only TP + RC)","35334.23","33440.3","39312.45","35180.26","38764.1","3583.84","10.19","-548.35","-1.39","5323.8","15.92"
"Total China","China","Revenue","50000000","Gross Operating Revenue","21952.89","19718.12","23636.58","20401.29","23211.39","2810.1","13.77","-425.19","-1.8","3493.27","17.72"
"Total China","China","Revenue","","GOR %","0.08","0.08","0.09","0.09","0.09","0","0","0","0","0.01","12.5"
"Total China","China","Raw Materials & COGS","43251000","MCOS-Depreciation-Leasehold Improvements PPE","0","0","0","0","0","0","0","0","0","0","0"
"Total China","China","Raw Materials & COGS","43252000","MCOS-Depreciation-Motor Vehicles PPE","-6.16","-6.15","-5.16","-6.5","0","6.5","100","5.16","100","6.15","100"
"Total China","China","Raw Materials & COGS","43253000","MCOS-Depreciation-Computer Equipment PPE","-16.42","-17.41","-23.73","-17.4","-18.46","-1.06","-6.09","5.27","22.21","-1.05","-6.03"
"Total China","China","Raw Materials & COGS","43254000","MCOS-Depreciation-Furniture and Fixtures PPE","-32.61","-42.18","-34.13","-43.41","-42.07","1.34","3.09","-7.94","-23.26","0.11","0.26"
"Total China","China","Raw Materials & COGS","43255000","MCOS-Depreciation-Others PPE","0","0","0","0","0","0","0","0","0","0","0"
"Total China","China","Raw Materials & COGS","43256000","MCOS-Depreciation-Land PPE","0","0","0","0","0","0","0","0","0","0","0"
"Total China","China","Raw Materials & COGS","43257000","MCOS-Depreciation-Buildings PPE","-875.13","-1020.29","-1124.92","-1103.92","-1200.15","-96.23","-8.72","-75.23","-6.69","-179.86","-17.63"
"Total China","China","Raw Materials & COGS","43258000","MCOS-Depreciation-Construction in progress PPE","0","0","0","0","0","0","0","0","0","0","0"
"Total China","China","Raw Materials & COGS","43259000","MCOS-Depreciation-Machinery and Equipment PPE","-1701.27","-1845.07","-2018.05","-1866.1","-1976.93","-110.83","-5.94","41.12","2.04","-131.86","-7.15"
"Total China","China","Raw Materials & COGS","43260000","MCOS-Depreciation-ERP PPE","0","0","0","0","0","0","0","0","0","0","0"
"Total China","China","Raw Materials & COGS","43360000","MCOS-Depreciation-ERP ROU Asset (PLP)","0","0","0","0","0","0","0","0","0","0","0"
"Total China","China","Raw Materials & COGS","43350000","MCOS-Depreciation-ROU Asset (PLP)","-496.57","-521.77","-520.79","-546.23","-225.52","320.71","58.71","295.27","56.7","296.25","56.78"
"Total China","China","Raw Materials & COGS","","Total MCOS - Depreciation","-3128.18","-3452.87","-3726.79","-3583.55","-3463.13","120.42","3.36","263.66","7.07","-10.26","-0.3"
"Total Indonesia","Indonesia","Volume","Unit Sales - TP_Feed","Unit Sales - TP (Feed)","265726.75","301676.71","314650","309070.77","320939.33","11868.56","3.84","6289.33","2","19262.62","6.39"
"Total Indonesia","Indonesia","Volume","Unit Sales - IC_Feed","Unit Sales - IC (Feed)","5180.65","5232","6166","5303.65","5935","631.35","11.9","-231","-3.75","703","13.44"
"Total Indonesia","Indonesia","Volume","Unit Sales - RC_Feed","Unit Sales - RC (Feed)","0","0","0","0","0","0","0","0","0","0","0"
"Total Indonesia","Indonesia","Volume","Total Unit Sales_Feed","Total Unit Sales (Feed)","270907.4","306908.71","320816","314374.42","326874.33","12499.91","3.98","6058.33","1.89","19965.62","6.51"
"Total Indonesia","Indonesia","Volume","Unit Sales - TP_CT","Unit Sales - TP (CT)","0","0","0","0","0","0","0","0","0","0","0"
"Total Indonesia","Indonesia","Volume","Unit Sales - RC_CT","Unit Sales - RC (CT)","0","0","0","0","0","0","0","0","0","0","0"
"Total Indonesia","Indonesia","Volume","Unit Sales - TP_DOC","Unit Sales - TP (DOC)","13281908.16","13327854.17","13391472.8","13215533.73","13914435.6","698901.87","5.29","522962.8","3.91","586581.43","4.4"
"Total Indonesia","Indonesia","Volume","","Total Volumes (MT) Feed + CT (TP +RC)","265726.75","301676.71","314650","309070.77","320939.33","11868.56","3.84","6289.33","2","19262.62","6.39"
"Total Indonesia","Indonesia","Volume","","Total Volumes (MT) - Feed only","265726.75","301676.71","314650","309070.77","320939.33","11868.56","3.84","6289.33","2","19262.62","6.39"
"Total Indonesia","Indonesia","Revenue","41011000","Gross Sales TP","151972.78","153505.63","163553.55","162681.89","177567","14885.11","9.15","14013.45","8.57","24061.37","15.67"
"Total Indonesia","Indonesia","Revenue","41012200","Gross Sales RC","0","0","0","0","0","0","0","0","0","0","0"
"Total Indonesia","Indonesia","Revenue","41021000","Concession TP","-2365.15","-2551.77","-3062.32","-2364.41","-2254.4","110.01","4.65","807.92","26.38","297.37","11.65"
"Total Indonesia","Indonesia","Revenue","41022500","Concession RC","0","0","0","0","0","0","0","0","0","0","0"
"Total Indonesia","Indonesia","Revenue","Net Sales TP","Net Sales TP","149607.63","150953.86","160491.24","160317.49","175312.6","14995.11","9.35","14821.36","9.23","24358.74","16.14"
"Total Indonesia","Indonesia","Revenue","Net Sales RC","Net Sales RC","0","0","0","0","0","0","0","0","0","0","0"
"Total Indonesia","Indonesia","Revenue","","Total Net Sales (TP + RC)","149607.63","150953.86","160491.24","160317.49","175312.6","14995.11","9.35","14821.36","9.23","24358.74","16.14"
"Total Indonesia","Indonesia","Revenue","Net Sales IC","Net Sales IC","11.87","0","0","0","0","0","0","0","0","0","0"
"Total Indonesia","Indonesia","Revenue","","Total Net Sales (incl IC)","149619.51","150953.86","160491.24","160317.49","175312.6","14995.11","9.35","14821.36","9.23","24358.74","16.14"
"Total Indonesia","Indonesia","Raw Materials & COGS","42210000","Material Cost","-120184.62","-120329.14","-129186.18","-133429.6","-146467.62","-13038.02","-9.77","-17281.44","-13.38","-26138.48","-21.72"
"Total Indonesia","Indonesia","Raw Materials & COGS","42229110","Variance - Purchase Price","107.69","296.57","-48.94","-22.79","-55.03","-32.24","-141.47","-6.09","-12.44","-351.6","-118.56"
"Total Indonesia","Indonesia","Raw Materials & COGS","42211000","Raw Material COS","362.24","263.79","0","141.22","0","-141.22","-100","0","0","-263.79","-100"
"Total Indonesia","Indonesia","Raw Materials & COGS","42212000","Packing Material COS","-1743.03","-1814.58","-2514.5","-2190.67","-2485.07","-294.4","-13.44","29.43","1.17","-670.49","-36.95"
"Total Indonesia","Indonesia","Raw Materials & COGS","42213000","Finished Goods/Direct Purchase COS","-112078.15","-113094.68","-121715.42","-125446.56","-138911.4","-13464.84","-10.73","-17195.98","-14.13","-25816.72","-22.83"
"Total Indonesia","Indonesia","General","42214000","Provision for Stock Adjustment","224.54","-58.6","19.59","517.84","-10.38","-528.22","-102","-29.97","-152.99","48.22","82.29"
"Total Indonesia","Indonesia","Raw Materials & COGS","42215000","Exchange Differece COS","0","0","0","0","0","0","0","0","0","0","0"
"Total Indonesia","Indonesia","Revenue","42216000","Sales Of Raw and Packing materials","0","0","0","0","0","0","0","0","0","0","0"
"Total Indonesia","Indonesia","Raw Materials & COGS","42217000","Modified Direct purchase COS","0","0","0","0","0","0","0","0","0","0","0"
"Total Indonesia","Indonesia","Raw Materials & COGS","42218000","Physical Inventory Loss","-858.19","-582.7","-295.12","-560.23","-356.55","203.68","36.36","-61.43","-20.82","226.15","38.81"
"Total Indonesia","Indonesia","Raw Materials & COGS","42219000","Production yield_usage variance","-1621.1","-1431.13","-163.14","-1526.4","-183.43","1342.97","87.98","-20.29","-12.44","1247.7","87.18"
"Total Indonesia","Indonesia","Raw Materials & COGS","42230000","Consignment COS","0","0","0","0","0","0","0","0","0","0","0"
"Total Indonesia","Indonesia","Raw Materials & COGS","42250000","COS IC","0","0","0","0","0","0","0","0","0","0","0"
"Total Indonesia","Indonesia","Revenue","42260000","Cost of sales IC Elimination","642.85","471.38","711.82","508.95","502.88","-6.07","-1.19","-208.94","-29.35","31.5","6.68"
"Total Indonesia","Indonesia","Raw Materials & COGS","42270000","COS RC","0","0","0","0","0","0","0","0","0","0","0"
"Total Indonesia","Indonesia","Raw Materials & COGS","48000000","Cost of Services","0","0","0","0","0","0","0","0","0","0","0"
"Total Indonesia","Indonesia","Raw Materials & COGS","","Total Raw Materials Costs","-119541.76","-119857.76","-128474.36","-132920.65","-145964.74","-13044.09","-9.81","-17490.38","-13.61","-26106.98","-21.78"
"Total Indonesia","Indonesia","Raw Materials & COGS","43000000","ACTUAL MCOS","-8535.29","-9894.4","-10660.76","-9226.44","-9983.04","-756.6","-8.2","677.72","6.36","-88.64","-0.9"
"Total Indonesia","Indonesia","Raw Materials & COGS","43110000","MCOS-Personnel Expenses","-3280.28","-3690.71","-3929.24","-3744.88","-4079.15","-334.27","-8.93","-149.91","-3.82","-388.44","-10.52"
"Total Indonesia","Indonesia","Raw Materials & COGS","43116000","MCOS-Transportation Expenses (VC)","-45.25","-65.08","-89.3","-68.73","-77.71","-8.98","-13.07","11.59","12.98","-12.63","-19.41"
"Total Indonesia","Indonesia","Raw Materials & COGS","43115000","MCOS-Contractual Employees & Others (VC)","-188.13","-224.61","-213.99","-250.94","-220.71","30.23","12.05","-6.72","-3.14","3.9","1.74"
"Total Indonesia","Indonesia","Raw Materials & COGS","43111120","MCOS-Contract staff (VC)","-112.3","0.15","0","0","0","0","0","0","0","-0.15","-100"
"Total Indonesia","Indonesia","Raw Materials & COGS","43111130","MCOS-Contractual bonus (VC)","-110.26","-120.45","-159.66","-135.59","-160.58","-24.99","-18.43","-0.92","-0.58","-40.13","-33.32"
"Total Indonesia","Indonesia","Raw Materials & COGS","43111140","MCOS-Commission (VC)","0","0","0","0","0","0","0","0","0","0","0"
"Total Indonesia","Indonesia","Raw Materials & COGS","43111200","MCOS-Discretionary Bonus (VC)","-285.65","-385.13","-168.81","-235.13","-248.2","-13.07","-5.56","-79.39","-47.03","136.93","35.55"
"Total Indonesia","Indonesia","Raw Materials & COGS","43111320","MCOS-Overtime Variable Cost (VC)","-688.07","-641.13","-728.95","-678.52","-718.08","-39.56","-5.83","10.87","1.49","-76.95","-12"
"Total Indonesia","Indonesia","Raw Materials & COGS","43111110","MCOS-Salaries (FC)","-1404.98","-1632.29","-1886.92","-1741.83","-1895.57","-153.74","-8.83","-8.65","-0.46","-263.28","-16.13"
"Total Indonesia","Indonesia","Raw Materials & COGS","43111310","MCOS-Overtime Fixed Cost (FC)","0","0","0","0","0","0","0","0","0","0","0"
"Total Indonesia","Indonesia","Raw Materials & COGS","43112000","MCOS-Personnel Allowances (FC)","-135.33","-213.92","-205.9","-196.49","-204.48","-7.99","-4.07","1.42","0.69","9.44","4.41"
"Total Indonesia","Indonesia","Raw Materials & COGS","43113000","MCOS-Social Benefits (FC)","-294.33","-380.54","-420.99","-408.1","-495.58","-87.48","-21.44","-74.59","-17.72","-115.04","-30.23"
"Total Indonesia","Indonesia","Raw Materials & COGS","43114000","MCOS-Employee Training (FC)","-15.99","-27.71","-54.72","-29.56","-58.24","-28.68","-97.02","-3.52","-6.43","-30.53","-110.18"
"Total Indonesia","Indonesia","Raw Materials & COGS","43120000","MCOS-Travel and Entertainment (FC)","-21.56","-71.27","-80.88","-65.5","-81.89","-16.39","-25.02","-1.01","-1.25","-10.62","-14.9"
"Total Indonesia","Indonesia","Raw Materials & COGS","43130000","MCOS-Rent and utilities","-3020.25","-3056","-3155.13","-2840.37","-2914.05","-73.68","-2.59","241.08","7.64","141.95","4.64"
"Total Indonesia","Indonesia","Raw Materials & COGS","43133110","MCOS-Fuel and Gas (VC)","-695.03","-784.84","-896.99","-961.47","-961.33","0.14","0.01","-64.34","-7.17","-176.49","-22.49"
"Total Indonesia","Indonesia","Raw Materials & COGS","43133120","MCOS-Power, Light and Water (VC)","-1023.35","-1002.44","-1066.06","-888.86","-868.32","20.54","2.31","197.74","18.55","134.12","13.38"
"Total Indonesia","Indonesia","Raw Materials & COGS","43133300","MCOS-Utilities Others (VC)","-72.04","-116.09","-152.43","-72.46","-65.72","6.74","9.3","86.71","56.89","50.37","43.39"
"Total Indonesia","Indonesia","Raw Materials & COGS","43131000","MCOS-Rental Expense Under Operating Lease (FC)","-283.86","-198.51","-200.38","-217.28","-294.76","-77.48","-35.66","-94.38","-47.1","-96.25","-48.49"
"Total Indonesia","Indonesia","Raw Materials & COGS","43133200","MCOS-Repair and Maintenance (FC)","-945.97","-954.13","-839.26","-700.3","-723.92","-23.62","-3.37","115.34","13.74","230.21","24.13"
"Total Indonesia","Indonesia","Raw Materials & COGS","43140000","MCOS-Leasing Charges (FC)","0","-0.46","-65.99","0","0","0","0","65.99","100","0.46","100"
"Total Indonesia","Indonesia","Raw Materials & COGS","43150000","MCOS-Office and Communication (VC)","-13.05","-17.8","-18.13","-16.85","-16.47","0.38","2.26","1.66","9.16","1.33","7.47"
"Total Indonesia","Indonesia","Raw Materials & COGS","43160000","MCOS-Advertising and Promotion (FC)","0","0","0","0","0","0","0","0","0","0","0"
"Total Indonesia","Indonesia","Raw Materials & COGS","43170000","MCOS-Delivery Expenses (VC)","-8.74","-11.17","-8.24","-8.34","-7.91","0.43","5.16","0.33","4","3.26","29.19"
"Total Indonesia","Indonesia","Raw Materials & COGS","43180000","MCOS-Insurance Expenses (FC)","-225.73","-245.21","-254.18","-239.64","-285.74","-46.1","-19.24","-31.56","-12.42","-40.53","-16.53"
"Total Indonesia","Indonesia","Raw Materials & COGS","43190000","MCOS-Professional Fees (FC)","-74.17","-61.71","-57.68","-60.83","-64.94","-4.11","-6.76","-7.26","-12.59","-3.23","-5.23"
"Total Indonesia","Indonesia","Raw Materials & COGS","43200000","MCOS-Allocated Income_Expense IC (FC)","390.25","429.11","463.55","397.28","393.08","-4.2","-1.06","-70.47","-15.2","-36.03","-8.4"
"Total Indonesia","Indonesia","Raw Materials & COGS","43210000","MCOS-Other Operating (Income)_Expense","-1109.14","-1855.88","-1942.21","-1349.93","-1562.69","-212.76","-15.76","379.52","19.54","293.19","15.8"
"Total Indonesia","Indonesia","Raw Materials & COGS","43211000","MCOS-(Income)","74.06","106.75","68.91","57.73","35.04","-22.69","-39.3","-33.87","-49.15","-71.71","-67.18"
"Total Indonesia","Indonesia","Raw Materials & COGS","43212100","MCOS-Bank Charges (FC)","-0.05","-0.04","-0.04","-0.04","-0.04","0","0","0","0","0","0"
"Total Indonesia","Indonesia","Raw Materials & COGS","43212200","MCOS-Production Supplies (VC)","-431.45","-410.47","-376.09","-358.54","-384.74","-26.2","-7.31","-8.65","-2.3","25.73","6.27"
"Total Indonesia","Indonesia","Raw Materials & COGS","43212300","MCOS-Security and Janitorial Services (FC)","-288.26","-329.03","-313.82","-290.8","-303.55","-12.75","-4.38","10.27","3.27","25.48","7.74"
"Total Indonesia","Indonesia","Raw Materials & COGS","43212400","MCOS-Recruitment Expenses (FC)","-3.15","-0.91","-0.19","-0.3","-0.14","0.16","53.33","0.05","26.32","0.77","84.62"
"Total Indonesia","Indonesia","Raw Materials & COGS","43212500","MCOS-Unmatched Professional fees PLUG IC (FC)","0","0","0","0","0","0","0","0","0","0","0"
"Total Indonesia","Indonesia","Raw Materials & COGS","43212610","MCOS-Analysis_testing fee (FC)","-35.99","-39.77","-29.26","-37.17","-24.78","12.39","33.33","4.48","15.31","14.99","37.69"
"Total Indonesia","Indonesia","Raw Materials & COGS","43212620","MCOS-Other taxes (Non-corp. tax) (FC)","0","0","0","0","0","0","0","0","0","0","0"
"Total Indonesia","Indonesia","Raw Materials & COGS","43212630","MCOS-HSE expenses (FC)","-106.27","-113.13","-168.01","-106.94","-108.82","-1.88","-1.76","59.19","35.23","4.31","3.81"
"Total Indonesia","Indonesia","Raw Materials & COGS","43212640","MCOS-Others (FC)","-76.1","-54.05","-26.41","-40.21","-21.06","19.15","47.62","5.35","20.26","32.99","61.04"
"Total Indonesia","Indonesia","Raw Materials & COGS","43212650","MCOS-Toll Manufacturing (FC)","-241.94","-1015.22","-1097.3","-573.66","-754.61","-180.95","-31.54","342.69","31.23","260.61","25.67"
"Total Indonesia","Indonesia","Raw Materials & COGS","43212660","MCOS-R&D (FC)","0","0","0","0","0","0","0","0","0","0","0"
"Total Indonesia","Indonesia","Raw Materials & COGS","43212700","MCOS-Unmatched Insurance Expenses PLUG IC (FC)","0","0","0","0","0","0","0","0","0","0","0"
"Total Indonesia","Indonesia","Raw Materials & COGS","43212800","MCOS-Unmatched Rental Expenses PLUG IC (FC)","0","0","0","0","0","0","0","0","0","0","0"
"Total Indonesia","Indonesia","Raw Materials & COGS","43212900","MCOS-Pest Control (FC)","0","0","0","0","0","0","0","0","0","0","0"
"Total Indonesia","Indonesia","Raw Materials & COGS","43220000","MCOS-Lease payment (of Financing Co_Div.) (FC)","0","0","0","0","0","0","0","0","0","0","0"
"Total Indonesia","Indonesia","Raw Materials & COGS","43230000","MCOS-Shared Service Cost (FC)","0","0","0","0","0","0","0","0","0","0","0"
"Total Indonesia","Indonesia","Raw Materials & COGS","43240000","MCOS-Inventory write-offs (FC)","0","0","0","0","0","0","0","0","0","0","0"
"Total Indonesia","Indonesia","Raw Materials & COGS","43250000","MCOS-Depreciation-PPE (FC)","-1159.29","-1192.11","-1472.54","-1169.08","-1235.94","-66.86","-5.72","236.6","16.07","-43.83","-3.68"
"Total Indonesia","Indonesia","Raw Materials & COGS","43350000","MCOS-Depreciation-ROU Asset (PLP) (FC)","-13.34","-121.18","-140.09","-128.31","-127.34","0.97","0.76","12.75","9.1","-6.16","-5.08"
"Total Indonesia","Indonesia","Raw Materials & COGS","43410000","MCOS-Allocated Income_Expense TP","0","0","0","0","0","0","0","0","0","0","0"
"Total Indonesia","Indonesia","Raw Materials & COGS","43400000","MCOS-Inventory Provision","0","0","0","0","0","0","0","0","0","0","0"
"Total Indonesia","Indonesia","Raw Materials & COGS","44000000","STANDARD MCOS","145.03","-137.56","0","112.52","0","-112.52","-100","0","0","137.56","100"
"Total Indonesia","Indonesia","Raw Materials & COGS","44100000","MCOS-Standard-Variable","0","0","0","0","0","0","0","0","0","0","0"
"Total Indonesia","Indonesia","Raw Materials & COGS","44100100","MCOS- Labour @ Std - VC","0","0","0","0","0","0","0","0","0","0","0"
"Total Indonesia","Indonesia","Raw Materials & COGS","44100200","MCOS-Fuel & Electricity @ Std- VC","0","0","0","0","0","0","0","0","0","0","0"
"Total Indonesia","Indonesia","Raw Materials & COGS","44100300","MCOS-Maintenance @ Std - VC","0","0","0","0","0","0","0","0","0","0","0"
"Total Indonesia","Indonesia","Raw Materials & COGS","44200000","MCOS-Standard-Fixed","0","0","0","0","0","0","0","0","0","0","0"
"Total Indonesia","Indonesia","Raw Materials & COGS","44200100","MCOS- Rent @ Std- FC","0","0","0","0","0","0","0","0","0","0","0"
"Total Indonesia","Indonesia","Raw Materials & COGS","44200200","MCOS-Depreciation @ Std - FC","0","0","0","0","0","0","0","0","0","0","0"
"Total Indonesia","Indonesia","Raw Materials & COGS","44200300","MCOS-Others @ Std - FC","0","0","0","0","0","0","0","0","0","0","0"
"Total Indonesia","Indonesia","Raw Materials & COGS","44310000","MCOS-Standard Absorption Cost - Variable","125.08","-106.46","0","118.28","0","-118.28","-100","0","0","106.46","100"
"Total Indonesia","Indonesia","Raw Materials & COGS","44311000","MCOS-Standard Absorption Labour - VC","102.97","51.62","0","164.83","0","-164.83","-100","0","0","-51.62","-100"
"Total Indonesia","Indonesia","Raw Materials & COGS","44312000","MCOS-Standard Absorption Fuel & Electricity - VC","11.63","-94.34","0","-29.87","0","29.87","100","0","0","94.34","100"
"Total Indonesia","Indonesia","Raw Materials & COGS","44313000","MCOS-Standard Absorption Maintenance - VC","10.48","-63.75","0","-16.67","0","16.67","100","0","0","63.75","100"
"Total Indonesia","Indonesia","Raw Materials & COGS","44320000","MCOS-Standard Absorption Cost - Fixed","19.95","-31.1","0","-5.76","0","5.76","100","0","0","31.1","100"
"Total Indonesia","Indonesia","Raw Materials & COGS","44321000","MCOS-Standard Absorption Rent - FC","1.84","-2.2","0","-0.69","0","0.69","100","0","0","2.2","100"
"Total Indonesia","Indonesia","Raw Materials & COGS","44322000","MCOS-Standard Absorption Depreciation - FC","12.17","-9.01","0","-0.05","0","0.05","100","0","0","9.01","100"
"Total Indonesia","Indonesia","Raw Materials & COGS","44323000","MCOS-Standard Absorption Others - FC","5.94","-19.89","0","-5.02","0","5.02","100","0","0","19.89","100"
"Total Indonesia","Indonesia","Raw Materials & COGS","","Total MCOS","-8390.26","-10031.96","-10660.76","-9113.92","-9983.04","-869.12","-9.54","677.72","6.36","48.92","0.49"
"Total Indonesia","Indonesia","Total MCOS & COGS","45000000","Total COGS (where applicable incl IC)","-127932.02","-129889.72","-139135.12","-142034.57","-155947.78","-13913.21","-9.8","-16812.66","-12.08","-26058.06","-20.06"
"Total Indonesia","Indonesia","General","1.4210854715202E-11","","0","0","0","0","0","0","0","0","0","0","0"
"Total Indonesia","Indonesia","Raw Materials & COGS","","MCOS-Personnel Expenses (VC)","0","0","0","0","0","0","0","0","0","0","0"
"Total Indonesia","Indonesia","Raw Materials & COGS","","MCOS-Rent and utilities (VC)","0","0","0","0","0","0","0","0","0","0","0"
"Total Indonesia","Indonesia","Raw Materials & COGS","","MCOS-Office and Communication (VC)","0","0","0","0","0","0","0","0","0","0","0"
"Total Indonesia","Indonesia","Raw Materials & COGS","","MCOS-Delivery Expenses (VC)","0","0","0","0","0","0","0","0","0","0","0"
"Total Indonesia","Indonesia","Raw Materials & COGS","","MCOS-Other Operating (Income)_Expense (VC)","0","0","0","0","0","0","0","0","0","0","0"
"Total Indonesia","Indonesia","Raw Materials & COGS","","MCOS- Labour (Standard MCOS) - VC","0","0","0","0","0","0","0","0","0","0","0"
"Total Indonesia","Indonesia","Raw Materials & COGS","","MCOS-Fuel & Electricity (Standard MCOS) - VC","0","0","0","0","0","0","0","0","0","0","0"
"Total Indonesia","Indonesia","Raw Materials & COGS","","MCOS-Maintenance (Standard MCOS) - VC","0","0","0","0","0","0","0","0","0","0","0"
"Total Indonesia","Indonesia","Volume","","VARIABLE COST | MT","0","0","0","0","0","0","0","0","0","0","0"
"Total Indonesia","Indonesia","Raw Materials & COGS","","MCOS-Personnel Expenses (FC)","0","0","0","0","0","0","0","0","0","0","0"
"Total Indonesia","Indonesia","Raw Materials & COGS","","MCOS-Travel and Entertainment (FC)","0","0","0","0","0","0","0","0","0","0","0"
"Total Indonesia","Indonesia","Raw Materials & COGS","","MCOS-Rent and utilities (FC)","0","0","0","0","0","0","0","0","0","0","0"
"Total Indonesia","Indonesia","Raw Materials & COGS","","MCOS-Leasing Charges (FC)","0","0","0","0","0","0","0","0","0","0","0"
"Total Indonesia","Indonesia","Raw Materials & COGS","","MCOS-Advertising and Promotion (FC)","0","0","0","0","0","0","0","0","0","0","0"
"Total Indonesia","Indonesia","Raw Materials & COGS","","MCOS-Insurance Expenses (FC)","0","0","0","0","0","0","0","0","0","0","0"
"Total Indonesia","Indonesia","Raw Materials & COGS","","MCOS-Professional Fees (FC)","0","0","0","0","0","0","0","0","0","0","0"
"Total Indonesia","Indonesia","Raw Materials & COGS","","MCOS-Allocated Income_Expense IC (FC)","0","0","0","0","0","0","0","0","0","0","0"
"Total Indonesia","Indonesia","Raw Materials & COGS","","MCOS-Other Operating (Income)_Expense (FC)","0","0","0","0","0","0","0","0","0","0","0"
"Total Indonesia","Indonesia","Raw Materials & COGS","","MCOS-Lease payment (of Financing Co_Div.) (FC)","0","0","0","0","0","0","0","0","0","0","0"
"Total Indonesia","Indonesia","Raw Materials & COGS","","MCOS-Shared Service Cost (FC)","0","0","0","0","0","0","0","0","0","0","0"
"Total Indonesia","Indonesia","Raw Materials & COGS","","MCOS-Inventory write-offs (FC)","0","0","0","0","0","0","0","0","0","0","0"
"Total Indonesia","Indonesia","Raw Materials & COGS","","MCOS-Depreciation-PPE (FC)","0","0","0","0","0","0","0","0","0","0","0"
"Total Indonesia","Indonesia","Raw Materials & COGS","","MCOS-Depreciation-ROU Asset (PLP) (FC)","0","0","0","0","0","0","0","0","0","0","0"
"Total Indonesia","Indonesia","Raw Materials & COGS","","MCOS- Rent (Standard MCOS) - (FC)","0","0","0","0","0","0","0","0","0","0","0"
"Total Indonesia","Indonesia","Raw Materials & COGS","","MCOS- Depreciation (Standard MCOS) - (FC)","0","0","0","0","0","0","0","0","0","0","0"
"Total Indonesia","Indonesia","Raw Materials & COGS","","MCOS-Others (Standard MCOS) - (VC)","0","0","0","0","0","0","0","0","0","0","0"
"Total Indonesia","Indonesia","Volume","","FIXED COST | MT","0","0","0","0","0","0","0","0","0","0","0"
"Total Indonesia","Indonesia","Headcount","HR_TL","Total Technical HC (incl QA/QC, Formulator, Lab etc)","0","0","0","0","0","0","0","0","0","0","0"
"Total Indonesia","Indonesia","Headcount","HR_OP","Total Operations HC (incl warehousing, weighbridge)","0","0.01","0","0","0","0","0","0","0","-0.01","-100"
"Total Indonesia","Indonesia","Headcount","","Total 'Production Related' HC","0","0.01","0","0","0","0","0","0","0","-0.01","-100"
"Total Indonesia","Indonesia","Revenue","HR_SA","Total Sales Head Count","0.05","0.06","0","0.07","0.07","0","0","0.07","0","0.01","16.67"
"Total Indonesia","Indonesia","Headcount","HR_SP","Total Support Head Count","0","0","0","0","0","0","0","0","0","0","0"
"Total Indonesia","Indonesia","Headcount","HR_TOTAL","Total Head Count (Closing balance)","0","0.01","0","0","0","0","0","0","0","-0.01","-100"
"Total Indonesia","Indonesia","KPIs","","IOIC (only TP + RC)","29423.02","30624.72","31305.05","26887.89","28844.98","1957.09","7.28","-2460.07","-7.86","-1779.74","-5.81"
"Total Indonesia","Indonesia","Revenue","50000000","Gross Operating Revenue","21687.49","21064.13","21356.12","18282.92","19364.82","1081.9","5.92","-1991.3","-9.32","-1699.31","-8.07"
"Total Indonesia","Indonesia","Revenue","","GOR %","0.16","0.15","0.12","0.11","0.12","0.01","9.09","0","0","-0.03","-20"
"Total Indonesia","Indonesia","Raw Materials & COGS","43251000","MCOS-Depreciation-Leasehold Improvements PPE","0","0","0","0","0","0","0","0","0","0","0"
"Total Indonesia","Indonesia","Raw Materials & COGS","43252000","MCOS-Depreciation-Motor Vehicles PPE","0","0","0","0","0","0","0","0","0","0","0"
"Total Indonesia","Indonesia","Raw Materials & COGS","43253000","MCOS-Depreciation-Computer Equipment PPE","-7.43","-12.15","-30.15","-15.24","-27.89","-12.65","-83.01","2.26","7.5","-15.74","-129.55"
"Total Indonesia","Indonesia","Raw Materials & COGS","43254000","MCOS-Depreciation-Furniture and Fixtures PPE","-9.52","-6.28","-6.91","-5.21","-6.46","-1.25","-23.99","0.45","6.51","-0.18","-2.87"
"Total Indonesia","Indonesia","Raw Materials & COGS","43255000","MCOS-Depreciation-Others PPE","0","0","0","0","0","0","0","0","0","0","0"
"Total Indonesia","Indonesia","Raw Materials & COGS","43256000","MCOS-Depreciation-Land PPE","0","0","0","0","0","0","0","0","0","0","0"
"Total Indonesia","Indonesia","Raw Materials & COGS","43257000","MCOS-Depreciation-Buildings PPE","-400.1","-407.52","-439.66","-403.39","-432.98","-29.59","-7.34","6.68","1.52","-25.46","-6.25"
"Total Indonesia","Indonesia","Raw Materials & COGS","43258000","MCOS-Depreciation-Construction in progress PPE","0","0","0","0","0","0","0","0","0","0","0"
"Total Indonesia","Indonesia","Raw Materials & COGS","43259000","MCOS-Depreciation-Machinery and Equipment PPE","-742.23","-766.16","-995.81","-745.24","-768.61","-23.37","-3.14","227.2","22.82","-2.45","-0.32"
"Total Indonesia","Indonesia","Raw Materials & COGS","43260000","MCOS-Depreciation-ERP PPE","0","0","0","0","0","0","0","0","0","0","0"
"Total Indonesia","Indonesia","Raw Materials & COGS","43360000","MCOS-Depreciation-ERP ROU Asset (PLP)","0","0","0","0","0","0","0","0","0","0","0"
"Total Indonesia","Indonesia","Raw Materials & COGS","43350000","MCOS-Depreciation-ROU Asset (PLP)","-13.34","-121.18","-140.09","-128.31","-127.34","0.97","0.76","12.75","9.1","-6.16","-5.08"
"Total Indonesia","Indonesia","Raw Materials & COGS","","Total MCOS - Depreciation","-1172.63","-1313.29","-1612.62","-1297.38","-1363.27","-65.89","-5.08","249.35","15.46","-49.98","-3.81"
